batch,species,form,region_box,receptor,seed,analysed_pose_rank,score_top,n_modes_written,n_modes_evaluated_by_vina,warnings,pore_relative_class,site_relative_class,measured_site,centroid_axial_A,centroid_radial_A,local_pore_radius_A,radial_fraction,m2_span_contact_fraction,n_M2_span_contacts,n_contacts,min_receptor_dist_A,n_clashes_below_2p2A,min_dist_to_box_face_A,atoms_outside_box,nearest_reference_site,offset_from_reference_centroid_A,shared_contact_fraction_with_reference,contacts_chain_resid,contacts_uniprot,receipt_returncode,receipt_ok,receipt_cached,receipt_out_sha256,verified,verify_note,source_path,pose_file
main,BUP_R,amine_cation,lateral_I34,8V82,20240601,1,-6.66,20,20,,lateral_interface,in_I34_site,I34_pocket,-15.3,16.27,8.46,1.925,0.3,3,10,3.4,0,1.858,0,I34:A,4.24,0.5,A:ASN213; A:PRO217; A:LEU220; A:ILE221; A:PHE252*; E:LEU246*; E:MET253*; E:ALA275; E:MET278; E:ILE279,A298; F275; I244; I302; L243; L269; M276; M301; N236; P240,0,True,False,d595467439bb0365c1f8f0d23d79565adad6166879096df95fe37a5d8652b44b,True,receipt rc0+ok+cached=False+hash match,out/met_BUP_R__amine_cation__lateral_I34_8V82_s20240601.pdbqt,met_BUP_R__amine_cation__lateral_I34_8V82_s20240601.pdbqt
main,BUP_R,amine_cation,lateral_I34,8V82,20240602,1,-6.678,20,20,,lateral_interface,in_I34_site,I34_pocket,-15.28,16.25,8.46,1.922,0.3,3,10,3.43,0,1.802,0,I34:A,4.21,0.5,A:ASN213; A:PRO217; A:LEU220; A:ILE221; A:PHE252*; E:LEU246*; E:MET253*; E:ALA275; E:MET278; E:ILE279,A298; F275; I244; I302; L243; L269; M276; M301; N236; P240,0,True,False,d35488a0bfbdd3bc6bd2372682c02cd1c7b9b167e8e755b4cd37e643a0f14ad0,True,receipt rc0+ok+cached=False+hash match,out/met_BUP_R__amine_cation__lateral_I34_8V82_s20240602.pdbqt,met_BUP_R__amine_cation__lateral_I34_8V82_s20240602.pdbqt
main,BUP_R,amine_cation,lateral_I34,8V82,20240603,1,-6.649,20,20,,lateral_interface,in_I34_site,I34_pocket,-15.26,16.29,8.46,1.927,0.3,3,10,3.38,0,1.88,0,I34:A,4.19,0.5,A:ASN213; A:PRO217; A:LEU220; A:ILE221; A:PHE252*; E:LEU246*; E:MET253*; E:ALA275; E:MET278; E:ILE279,A298; F275; I244; I302; L243; L269; M276; M301; N236; P240,0,True,False,8075ca700cfe85fb4e311b7236eb17dac0a6e86ff8f744632653eeb6cd326ac4,True,receipt rc0+ok+cached=False+hash match,out/met_BUP_R__amine_cation__lateral_I34_8V82_s20240603.pdbqt,met_BUP_R__amine_cation__lateral_I34_8V82_s20240603.pdbqt
main,BUP_R,amine_cation,lateral_I34,8V8A,20240601,1,-6.166,20,20,,lateral_interface,in_I34_site,I34_pocket,-16.93,17.57,7.77,2.261,0.182,2,11,3.13,0,0.98,0,I34:A,5.87,0.462,A:LEU212; A:ILE216; A:PRO217; A:LEU220; A:ILE221; A:LEU224; E:LEU246*; E:MET253*; E:ALA275; E:MET278; E:ILE279,A298; I239; I244; I302; L235; L243; L247; L269; M276; M301; P240,0,True,False,61f25532cf9e21bde90df4163b8cbc35f54a1e4259f02e9e7486c1a2407a8137,True,receipt rc0+ok+cached=False+hash match,out/met_BUP_R__amine_cation__lateral_I34_8V8A_s20240601.pdbqt,met_BUP_R__amine_cation__lateral_I34_8V8A_s20240601.pdbqt
main,BUP_R,amine_cation,lateral_I34,8V8A,20240602,1,-6.139,20,20,,lateral_interface,in_I34_site,I34_pocket,-16.97,17.57,7.77,2.26,0.182,2,11,3.16,0,0.942,0,I34:A,5.92,0.462,A:LEU212; A:ILE216; A:PRO217; A:LEU220; A:ILE221; A:LEU224; E:LEU246*; E:MET253*; E:ALA275; E:MET278; E:ILE279,A298; I239; I244; I302; L235; L243; L247; L269; M276; M301; P240,0,True,False,08c30f58094c6bb7d8620c248abe624f41cb4b80f4164534b9cb4abab6371013,True,receipt rc0+ok+cached=False+hash match,out/met_BUP_R__amine_cation__lateral_I34_8V8A_s20240602.pdbqt,met_BUP_R__amine_cation__lateral_I34_8V8A_s20240602.pdbqt
main,BUP_R,amine_cation,lateral_I34,8V8A,20240603,1,-6.243,20,20,,lateral_interface,in_I34_site,I34_pocket,-17.01,17.57,7.77,2.26,0.1,1,10,3.12,0,0.865,0,I34:A,5.95,0.385,A:LEU212; A:ILE216; A:PRO217; A:LEU220; A:ILE221; A:LEU224; E:LEU246*; E:ALA275; E:MET278; E:ILE279,A298; I239; I244; I302; L235; L243; L247; L269; M301; P240,0,True,False,3ff05aa00d8684cb3b4d1272edf0952a11058f18989e9dddd0f58f6cad4a18f5,True,receipt rc0+ok+cached=False+hash match,out/met_BUP_R__amine_cation__lateral_I34_8V8A_s20240603.pdbqt,met_BUP_R__amine_cation__lateral_I34_8V8A_s20240603.pdbqt
main,BUP_R,amine_cation,midpore,8V82,20240601,1,-6.568,20,20,search_space_gt_27000,lateral_interface,in_I34_site,I34_pocket,-15.44,16.55,8.46,1.957,0.3,3,10,3.42,0,0.329,0,I34:C,4.36,0.5,B:LEU246*; B:MET253*; B:ALA275; B:MET278; B:ILE279; C:ASN213; C:PRO217; C:LEU220; C:ILE221; C:PHE252*,A298; F275; I244; I302; L243; L269; M276; M301; N236; P240,0,True,False,14ebba38412c86c34d0026b911dfc13138f494a560af28cb8abda51b8929c416,True,receipt rc0+ok+cached=False+hash match,out/met_BUP_R__amine_cation__midpore_8V82_s20240601.pdbqt,met_BUP_R__amine_cation__midpore_8V82_s20240601.pdbqt
main,BUP_R,amine_cation,midpore,8V82,20240602,1,-6.569,20,20,search_space_gt_27000,lateral_interface,in_I34_site,I34_pocket,-15.41,16.56,8.46,1.959,0.3,3,10,3.45,0,0.37,0,I34:C,4.33,0.5,B:LEU246*; B:MET253*; B:ALA275; B:MET278; B:ILE279; C:ASN213; C:PRO217; C:LEU220; C:ILE221; C:PHE252*,A298; F275; I244; I302; L243; L269; M276; M301; N236; P240,0,True,False,38a3ca5e108443a33e722d3cd82e9d66235651e1a8088457d3764423de765aa0,True,receipt rc0+ok+cached=False+hash match,out/met_BUP_R__amine_cation__midpore_8V82_s20240602.pdbqt,met_BUP_R__amine_cation__midpore_8V82_s20240602.pdbqt
main,BUP_R,amine_cation,midpore,8V82,20240603,1,-6.576,20,20,search_space_gt_27000,lateral_interface,in_I34_site,I34_pocket,-15.42,16.55,8.46,1.957,0.3,3,10,3.47,0,0.346,0,I34:C,4.34,0.5,B:LEU246*; B:MET253*; B:ALA275; B:MET278; B:ILE279; C:ASN213; C:PRO217; C:LEU220; C:ILE221; C:PHE252*,A298; F275; I244; I302; L243; L269; M276; M301; N236; P240,0,True,False,dd00d02dd52b91e593dd1fbc4d2ded37fbe0f28239b95501eef1ddb36dd2bd85,True,receipt rc0+ok+cached=False+hash match,out/met_BUP_R__amine_cation__midpore_8V82_s20240603.pdbqt,met_BUP_R__amine_cation__midpore_8V82_s20240603.pdbqt
main,BUP_R,amine_cation,midpore,8V8A,20240601,1,-6.212,20,20,search_space_gt_27000,lateral_interface,in_I34_site,I34_pocket,-18.14,17.24,7.77,2.218,0.2,2,10,3.02,0,-0.137,1,I34:D,7.01,0.385,C:LEU246*; C:MET253*; C:ALA275; C:MET278; C:ILE279; C:GLY282; D:PRO217; D:LEU220; D:ILE221; D:LEU224,A298; G305; I244; I302; L243; L247; L269; M276; M301; P240,0,True,False,c5924c249722a6510610abdb25545cbcefaec6aebcb6ebc1c46482e54d87a9cc,True,receipt rc0+ok+cached=False+hash match,out/met_BUP_R__amine_cation__midpore_8V8A_s20240601.pdbqt,met_BUP_R__amine_cation__midpore_8V8A_s20240601.pdbqt
main,BUP_R,amine_cation,midpore,8V8A,20240602,1,-6.112,20,20,search_space_gt_27000,lateral_interface,in_I34_site,I34_pocket,-18.32,17.46,7.77,2.247,0.2,2,10,3.13,0,-0.137,1,I34:D,7.23,0.385,C:LEU246*; C:MET253*; C:ALA275; C:MET278; C:ILE279; C:GLY282; D:PRO217; D:LEU220; D:ILE221; D:LEU224,A298; G305; I244; I302; L243; L247; L269; M276; M301; P240,0,True,False,69b4be9f5d48641d09def500457ab97215539acfbebf96e3344cd180b4054a63,True,receipt rc0+ok+cached=False+hash match,out/met_BUP_R__amine_cation__midpore_8V8A_s20240602.pdbqt,met_BUP_R__amine_cation__midpore_8V8A_s20240602.pdbqt
main,BUP_R,amine_cation,midpore,8V8A,20240603,1,-5.77,20,20,search_space_gt_27000,lateral_interface,in_I34_site,I34_pocket,-15.47,15.9,8.25,1.927,0.3,3,10,3.2,0,1.196,0,I34:D,4.31,0.615,C:THR250*; C:MET253*; C:ALA275; C:MET278; C:ILE279; D:ASN213; D:PRO217; D:LEU220; D:ILE221; D:PHE252*,A298; F275; I244; I302; L243; M276; M301; N236; P240; T273,0,True,False,34a7abd87d312a14ce74f3267c2c857d93a97dc727012424a98f3e3dda1e38d0,True,receipt rc0+ok+cached=False+hash match,out/met_BUP_R__amine_cation__midpore_8V8A_s20240603.pdbqt,met_BUP_R__amine_cation__midpore_8V8A_s20240603.pdbqt
main,BUP_R,amine_cation,ortho,8V82,20240601,1,-6.132,20,20,,off_site,in_EPJ_site,EPJ_pocket,31.54,24.71,11.78,2.098,0.0,0,12,2.74,0,5.406,0,EPJ:A,0.63,1.0,A:TYR92; A:TRP148; A:TYR187; A:CYS189; A:CYS190; A:TYR194; B:TRP54; B:THR105; B:ASN106; B:LEU108; B:GLN116; B:LEU118,C212; C213; L131; L141; N129; Q139; T128; W171; W77; Y115; Y210; Y217,0,True,False,c522e518d73d5018a523445f160cd4aaae96504c13e6b6ec59b5656a4c6e0651,True,receipt rc0+ok+cached=False+hash match,out/met_BUP_R__amine_cation__ortho_8V82_s20240601.pdbqt,met_BUP_R__amine_cation__ortho_8V82_s20240601.pdbqt
main,BUP_R,amine_cation,ortho,8V82,20240602,1,-6.172,20,20,,off_site,in_EPJ_site,EPJ_pocket,31.54,24.69,11.78,2.096,0.0,0,12,2.75,0,5.406,0,EPJ:A,0.64,1.0,A:TYR92; A:TRP148; A:TYR187; A:CYS189; A:CYS190; A:TYR194; B:TRP54; B:THR105; B:ASN106; B:LEU108; B:GLN116; B:LEU118,C212; C213; L131; L141; N129; Q139; T128; W171; W77; Y115; Y210; Y217,0,True,False,864b300d1d0dbcff2b740f52392ab1eb22d50c9ee8640382afd7e5b2f57cfca4,True,receipt rc0+ok+cached=False+hash match,out/met_BUP_R__amine_cation__ortho_8V82_s20240602.pdbqt,met_BUP_R__amine_cation__ortho_8V82_s20240602.pdbqt
main,BUP_R,amine_cation,ortho,8V82,20240603,1,-6.162,17,20,,off_site,in_EPJ_site,EPJ_pocket,31.54,24.69,11.78,2.097,0.0,0,12,2.75,0,5.467,0,EPJ:A,0.65,1.0,A:TYR92; A:TRP148; A:TYR187; A:CYS189; A:CYS190; A:TYR194; B:TRP54; B:THR105; B:ASN106; B:LEU108; B:GLN116; B:LEU118,C212; C213; L131; L141; N129; Q139; T128; W171; W77; Y115; Y210; Y217,0,True,False,d93c8ddaf35c48e2b5f3f07e39a73b394956286fa29171766b209e7b6b1aaf1b,True,receipt rc0+ok+cached=False+hash match,out/met_BUP_R__amine_cation__ortho_8V82_s20240603.pdbqt,met_BUP_R__amine_cation__ortho_8V82_s20240603.pdbqt
main,BUP_R,amine_cation,ortho,8V8A,20240601,1,-5.429,19,20,,off_site,adjacent_to_EPJ_site,other_interface,39.51,31.11,10.2,3.05,0.0,0,9,3.08,0,-0.055,2,EPJ:A,10.52,0.25,A:TRP153; A:CYS190; A:LYS191; A:GLU192; B:LYS75; B:THR76; B:LEU108; B:ASN110; B:GLN116,C213; E215; K214; K98; L131; N133; Q139; T99; W176,0,True,False,17e283e02261ba37534b34023087dba684bcb94514d52cf81ef72fd6ba69dc6d,True,receipt rc0+ok+cached=False+hash match,out/met_BUP_R__amine_cation__ortho_8V8A_s20240601.pdbqt,met_BUP_R__amine_cation__ortho_8V8A_s20240601.pdbqt
main,BUP_R,amine_cation,ortho,8V8A,20240602,1,-5.386,19,20,,off_site,adjacent_to_EPJ_site,other_interface,38.69,30.42,10.2,2.983,0.0,0,7,2.89,0,-0.165,1,EPJ:A,10.9,0.167,B:SER58; B:THR76; B:LEU108; B:ASN110; B:HIS114; B:CYS115; B:GLN116,C138; H137; L131; N133; Q139; S81; T99,0,True,False,1b53f31aa3a82f32573ce99439048b90959f94d3d0c4948d932722d20071d5d9,True,receipt rc0+ok+cached=False+hash match,out/met_BUP_R__amine_cation__ortho_8V8A_s20240602.pdbqt,met_BUP_R__amine_cation__ortho_8V8A_s20240602.pdbqt
main,BUP_R,amine_cation,ortho,8V8A,20240603,1,-5.387,19,20,,off_site,adjacent_to_EPJ_site,other_interface,39.56,31.13,10.2,3.052,0.0,0,9,3.05,0,-0.056,2,EPJ:A,10.56,0.25,A:TRP153; A:CYS190; A:LYS191; A:GLU192; B:LYS75; B:THR76; B:LEU108; B:ASN110; B:GLN116,C213; E215; K214; K98; L131; N133; Q139; T99; W176,0,True,False,6498fbbb87cde258165fc66ef37171dd45ea93ef0ed83321ef5b23909c2582ed,True,receipt rc0+ok+cached=False+hash match,out/met_BUP_R__amine_cation__ortho_8V8A_s20240603.pdbqt,met_BUP_R__amine_cation__ortho_8V8A_s20240603.pdbqt
main,BUP_R,amine_cation,outerpore,8V82,20240601,1,-6.683,20,20,,lateral_interface,in_I34_site,I34_pocket,-15.26,16.31,8.46,1.929,0.3,3,10,3.43,0,-0.007,1,I34:C,4.19,0.5,B:LEU246*; B:MET253*; B:ALA275; B:MET278; B:ILE279; C:ASN213; C:PRO217; C:LEU220; C:ILE221; C:PHE252*,A298; F275; I244; I302; L243; L269; M276; M301; N236; P240,0,True,False,07cd0ced97e4779674e1ca8f63455d17a6d608c06fddc0563978a8134d4109b4,True,receipt rc0+ok+cached=False+hash match,out/met_BUP_R__amine_cation__outerpore_8V82_s20240601.pdbqt,met_BUP_R__amine_cation__outerpore_8V82_s20240601.pdbqt
main,BUP_R,amine_cation,outerpore,8V82,20240602,1,-6.61,20,20,,lateral_interface,in_I34_site,I34_pocket,-15.22,16.34,8.46,1.932,0.3,3,10,3.38,0,-0.03,1,I34:C,4.15,0.5,B:LEU246*; B:MET253*; B:ALA275; B:MET278; B:ILE279; C:ASN213; C:PRO217; C:LEU220; C:ILE221; C:PHE252*,A298; F275; I244; I302; L243; L269; M276; M301; N236; P240,0,True,False,f3d984070d9338ce9591a24cd967f7b884fbdf8ea7105b4dc19ad8b09916701d,True,receipt rc0+ok+cached=False+hash match,out/met_BUP_R__amine_cation__outerpore_8V82_s20240602.pdbqt,met_BUP_R__amine_cation__outerpore_8V82_s20240602.pdbqt
main,BUP_R,amine_cation,outerpore,8V82,20240603,1,-6.695,20,20,,lateral_interface,in_I34_site,I34_pocket,-15.27,16.26,8.46,1.923,0.3,3,10,3.41,0,-0.012,1,I34:C,4.21,0.5,B:LEU246*; B:MET253*; B:ALA275; B:MET278; B:ILE279; C:ASN213; C:PRO217; C:LEU220; C:ILE221; C:PHE252*,A298; F275; I244; I302; L243; L269; M276; M301; N236; P240,0,True,False,0dd76690a8512823c068743ae45fda08a8e6f891fb069632b9a6dda7dcadbee9,True,receipt rc0+ok+cached=False+hash match,out/met_BUP_R__amine_cation__outerpore_8V82_s20240603.pdbqt,met_BUP_R__amine_cation__outerpore_8V82_s20240603.pdbqt
main,BUP_R,amine_cation,outerpore,8V8A,20240601,1,-5.763,19,20,,lateral_interface,in_I34_site,I34_pocket,-15.23,15.92,8.25,1.93,0.333,3,9,3.1,0,0.104,0,I34:D,4.07,0.538,C:THR250*; C:MET253*; C:MET278; C:ILE279; D:ASN213; D:PRO217; D:LEU220; D:ILE221; D:PHE252*,F275; I244; I302; L243; M276; M301; N236; P240; T273,0,True,False,2e278f151a5b4364b8c5b83019565d20e4e02c5e36f389e630176a28d8181487,True,receipt rc0+ok+cached=False+hash match,out/met_BUP_R__amine_cation__outerpore_8V8A_s20240601.pdbqt,met_BUP_R__amine_cation__outerpore_8V8A_s20240601.pdbqt
main,BUP_R,amine_cation,outerpore,8V8A,20240602,1,-5.785,20,20,,lateral_interface,in_I34_site,I34_pocket,-15.24,15.91,8.25,1.928,0.333,3,9,3.13,0,0.089,0,I34:D,4.07,0.538,C:THR250*; C:MET253*; C:MET278; C:ILE279; D:ASN213; D:PRO217; D:LEU220; D:ILE221; D:PHE252*,F275; I244; I302; L243; M276; M301; N236; P240; T273,0,True,False,172aea17d4f9d39b7da6e3ba3c3befe1336463feceb2ada76b0a7000093cc0d0,True,receipt rc0+ok+cached=False+hash match,out/met_BUP_R__amine_cation__outerpore_8V8A_s20240602.pdbqt,met_BUP_R__amine_cation__outerpore_8V8A_s20240602.pdbqt
main,BUP_R,amine_cation,outerpore,8V8A,20240603,1,-5.814,20,20,,lateral_interface,in_I34_site,I34_pocket,-15.25,15.9,8.25,1.928,0.333,3,9,3.15,0,0.057,0,I34:D,4.09,0.538,C:THR250*; C:MET253*; C:MET278; C:ILE279; D:ASN213; D:PRO217; D:LEU220; D:ILE221; D:PHE252*,F275; I244; I302; L243; M276; M301; N236; P240; T273,0,True,False,76cf9ae42676f91b8fcb56e906e32ce598f25984e623ccff7f8922efbe28589e,True,receipt rc0+ok+cached=False+hash match,out/met_BUP_R__amine_cation__outerpore_8V8A_s20240603.pdbqt,met_BUP_R__amine_cation__outerpore_8V8A_s20240603.pdbqt
main,BUP_S,amine_cation,lateral_I34,8V82,20240601,1,-6.245,20,20,,lateral_interface,in_I34_site,I34_pocket,-15.24,18.13,8.46,2.144,0.111,1,9,3.26,0,2.037,0,I34:A,4.5,0.429,A:LEU212; A:ILE216; A:PRO217; A:LEU220; A:ILE221; E:MET253*; E:ALA275; E:MET278; E:ILE279,A298; I239; I244; I302; L235; L243; M276; M301; P240,0,True,False,dc1605be17bf31cbc0916585baa93f327b63693789883fc4b8a228b4d9e23906,True,receipt rc0+ok+cached=False+hash match,out/met_BUP_S__amine_cation__lateral_I34_8V82_s20240601.pdbqt,met_BUP_S__amine_cation__lateral_I34_8V82_s20240601.pdbqt
main,BUP_S,amine_cation,lateral_I34,8V82,20240602,1,-6.263,20,20,,lateral_interface,in_I34_site,I34_pocket,-15.22,18.15,8.46,2.147,0.111,1,9,3.28,0,2.052,0,I34:A,4.5,0.429,A:LEU212; A:ILE216; A:PRO217; A:LEU220; A:ILE221; E:MET253*; E:ALA275; E:MET278; E:ILE279,A298; I239; I244; I302; L235; L243; M276; M301; P240,0,True,False,91d8ee1acca3a86f0445f826467aa3ece9dbd832c1d8ffba6eb70162b0eb1f39,True,receipt rc0+ok+cached=False+hash match,out/met_BUP_S__amine_cation__lateral_I34_8V82_s20240602.pdbqt,met_BUP_S__amine_cation__lateral_I34_8V82_s20240602.pdbqt
main,BUP_S,amine_cation,lateral_I34,8V82,20240603,1,-6.272,20,20,,lateral_interface,in_I34_site,I34_pocket,-15.25,18.15,8.46,2.147,0.111,1,9,3.28,0,1.959,0,I34:A,4.52,0.429,A:LEU212; A:ILE216; A:PRO217; A:LEU220; A:ILE221; E:MET253*; E:ALA275; E:MET278; E:ILE279,A298; I239; I244; I302; L235; L243; M276; M301; P240,0,True,False,2c0ada0b7a26c8828cd9e70c0165323a4fd5b427af8d6d9a3ac4784f1d95dced,True,receipt rc0+ok+cached=False+hash match,out/met_BUP_S__amine_cation__lateral_I34_8V82_s20240603.pdbqt,met_BUP_S__amine_cation__lateral_I34_8V82_s20240603.pdbqt
main,BUP_S,amine_cation,lateral_I34,8V8A,20240601,1,-5.953,20,20,,lateral_interface,in_I34_site,I34_pocket,-13.08,20.17,7.68,2.627,0.1,1,10,3.03,0,4.782,0,I34:A,4.34,0.538,A:LEU212; A:ASN213; A:ILE216; A:PRO217; A:LEU220; E:MET253*; E:VAL267; E:ALA271; E:ALA275; E:ILE279,A294; A298; I239; I302; L235; L243; M276; N236; P240; V290,0,True,False,33fc0f0251b5d527bf61bb43c67dac2924625c3a2de49cba2c29d2d54930fa0f,True,receipt rc0+ok+cached=False+hash match,out/met_BUP_S__amine_cation__lateral_I34_8V8A_s20240601.pdbqt,met_BUP_S__amine_cation__lateral_I34_8V8A_s20240601.pdbqt
main,BUP_S,amine_cation,lateral_I34,8V8A,20240602,1,-5.99,20,20,,lateral_interface,in_I34_site,I34_pocket,-13.1,20.17,7.68,2.628,0.1,1,10,3.06,0,4.756,0,I34:A,4.35,0.538,A:LEU212; A:ASN213; A:ILE216; A:PRO217; A:LEU220; E:MET253*; E:VAL267; E:ALA271; E:ALA275; E:ILE279,A294; A298; I239; I302; L235; L243; M276; N236; P240; V290,0,True,False,c8060bf98f80fee5f722815eb57caf91a54f59f2463486d81dfcda8f2d42621a,True,receipt rc0+ok+cached=False+hash match,out/met_BUP_S__amine_cation__lateral_I34_8V8A_s20240602.pdbqt,met_BUP_S__amine_cation__lateral_I34_8V8A_s20240602.pdbqt
main,BUP_S,amine_cation,lateral_I34,8V8A,20240603,1,-5.96,20,20,,lateral_interface,in_I34_site,I34_pocket,-13.12,20.17,7.68,2.627,0.1,1,10,3.11,0,4.808,0,I34:A,4.36,0.538,A:LEU212; A:ASN213; A:ILE216; A:PRO217; A:LEU220; E:MET253*; E:VAL267; E:ALA271; E:ALA275; E:ILE279,A294; A298; I239; I302; L235; L243; M276; N236; P240; V290,0,True,False,0ee70b526df477a5cbee838ffedc35f3f2f7b9363e026bbea4fba2633f8eae30,True,receipt rc0+ok+cached=False+hash match,out/met_BUP_S__amine_cation__lateral_I34_8V8A_s20240603.pdbqt,met_BUP_S__amine_cation__lateral_I34_8V8A_s20240603.pdbqt
main,BUP_S,amine_cation,midpore,8V82,20240601,1,-6.103,20,20,search_space_gt_27000,lateral_interface,in_I34_site,I34_pocket,-16.78,16.44,7.69,2.138,0.333,4,12,3.07,0,0.037,0,I34:C,5.71,0.5,B:LEU246*; B:THR250*; B:MET253*; B:ALA275; B:MET278; B:ILE279; B:GLY282; C:PRO217; C:LEU220; C:ILE221; C:LEU224; C:PHE252*,A298; F275; G305; I244; I302; L243; L247; L269; M276; M301; P240; T273,0,True,False,4d347b0a64976606228a3c225781676760eebaebfcab48aded081c3aebb9ec62,True,receipt rc0+ok+cached=False+hash match,out/met_BUP_S__amine_cation__midpore_8V82_s20240601.pdbqt,met_BUP_S__amine_cation__midpore_8V82_s20240601.pdbqt
main,BUP_S,amine_cation,midpore,8V82,20240602,1,-6.129,20,20,search_space_gt_27000,lateral_interface,in_I34_site,I34_pocket,-16.88,16.43,7.69,2.136,0.333,4,12,3.13,0,0.117,0,I34:C,5.81,0.5,B:LEU246*; B:THR250*; B:MET253*; B:ALA275; B:MET278; B:ILE279; B:GLY282; C:PRO217; C:LEU220; C:ILE221; C:LEU224; C:PHE252*,A298; F275; G305; I244; I302; L243; L247; L269; M276; M301; P240; T273,0,True,False,ab725122d8ad1c0471703da3e7c3e02a1b092f8a2ee426c9b7904adff6edf9d6,True,receipt rc0+ok+cached=False+hash match,out/met_BUP_S__amine_cation__midpore_8V82_s20240602.pdbqt,met_BUP_S__amine_cation__midpore_8V82_s20240602.pdbqt
main,BUP_S,amine_cation,midpore,8V82,20240603,1,-6.058,20,20,search_space_gt_27000,lateral_interface,in_I34_site,I34_pocket,-16.74,16.43,7.69,2.136,0.364,4,11,3.09,0,0.021,0,I34:C,5.66,0.5,B:LEU246*; B:THR250*; B:MET253*; B:ALA275; B:MET278; B:ILE279; B:GLY282; C:PRO217; C:LEU220; C:ILE221; C:PHE252*,A298; F275; G305; I244; I302; L243; L269; M276; M301; P240; T273,0,True,False,1247437d6707080110d6cb133c451aca40ba7f62801276f53313f766d811b7ef,True,receipt rc0+ok+cached=False+hash match,out/met_BUP_S__amine_cation__midpore_8V82_s20240603.pdbqt,met_BUP_S__amine_cation__midpore_8V82_s20240603.pdbqt
main,BUP_S,amine_cation,midpore,8V8A,20240601,1,-6.062,20,20,search_space_gt_27000,lateral_interface,in_I34_site,I34_pocket,-18.97,17.51,7.69,2.277,0.2,2,10,3.09,0,0.204,0,I34:D,7.89,0.308,C:LEU246*; C:MET253*; C:MET278; C:ILE279; C:GLY282; C:LEU283; D:PRO217; D:LEU220; D:ILE221; D:LEU224,G305; I244; I302; L243; L247; L269; L306; M276; M301; P240,0,True,False,e31c7d56d6c6097001b00ddc8e281b51561cf112796023e2c8a2a52f2ba87d44,True,receipt rc0+ok+cached=False+hash match,out/met_BUP_S__amine_cation__midpore_8V8A_s20240601.pdbqt,met_BUP_S__amine_cation__midpore_8V8A_s20240601.pdbqt
main,BUP_S,amine_cation,midpore,8V8A,20240602,1,-6.42,20,20,search_space_gt_27000,lateral_interface,in_I34_site,I34_pocket,-19.91,18.02,7.69,2.342,0.091,1,11,3.3,0,0.03,0,I34:D,8.91,0.308,C:LEU246*; C:ALA275; C:MET278; C:ILE279; C:GLY282; C:LEU283; C:VAL286; D:PRO217; D:LEU220; D:ILE221; D:LEU224,A298; G305; I244; I302; L243; L247; L269; L306; M301; P240; V309,0,True,False,2e0b7e1ddd6bb6e99cae9768f8c02bf66f420fa21e9084a0cc357223aedfa04a,True,receipt rc0+ok+cached=False+hash match,out/met_BUP_S__amine_cation__midpore_8V8A_s20240602.pdbqt,met_BUP_S__amine_cation__midpore_8V8A_s20240602.pdbqt
main,BUP_S,amine_cation,midpore,8V8A,20240603,1,-6.402,20,20,search_space_gt_27000,lateral_interface,in_I34_site,I34_pocket,-19.92,18.0,7.69,2.341,0.091,1,11,3.23,0,-0.015,1,I34:D,8.92,0.308,C:LEU246*; C:ALA275; C:MET278; C:ILE279; C:GLY282; C:LEU283; C:VAL286; D:PRO217; D:LEU220; D:ILE221; D:LEU224,A298; G305; I244; I302; L243; L247; L269; L306; M301; P240; V309,0,True,False,c3a3d0bb6a2f6f5a508148f5e95fc90e6da176ba2100b47a6acb34970f741bd4,True,receipt rc0+ok+cached=False+hash match,out/met_BUP_S__amine_cation__midpore_8V8A_s20240603.pdbqt,met_BUP_S__amine_cation__midpore_8V8A_s20240603.pdbqt
main,BUP_S,amine_cation,ortho,8V82,20240601,1,-7.513,17,20,,off_site,in_EPJ_site,EPJ_pocket,31.61,24.52,11.78,2.082,0.0,0,13,2.79,0,4.849,0,EPJ:A,0.69,1.0,A:TYR92; A:TRP148; A:SER149; A:TYR187; A:CYS189; A:CYS190; A:TYR194; B:TRP54; B:THR105; B:ASN106; B:LEU108; B:GLN116; B:LEU118,C212; C213; L131; L141; N129; Q139; S172; T128; W171; W77; Y115; Y210; Y217,0,True,False,baff4e7f7d729f9aa030e4af419fbb933eda1f08da0dc0df3e3c4743219a2ad4,True,receipt rc0+ok+cached=False+hash match,out/met_BUP_S__amine_cation__ortho_8V82_s20240601.pdbqt,met_BUP_S__amine_cation__ortho_8V82_s20240601.pdbqt
main,BUP_S,amine_cation,ortho,8V82,20240602,1,-7.525,16,20,,off_site,in_EPJ_site,EPJ_pocket,31.62,24.52,11.78,2.082,0.0,0,13,2.8,0,4.846,0,EPJ:A,0.7,1.0,A:TYR92; A:TRP148; A:SER149; A:TYR187; A:CYS189; A:CYS190; A:TYR194; B:TRP54; B:THR105; B:ASN106; B:LEU108; B:GLN116; B:LEU118,C212; C213; L131; L141; N129; Q139; S172; T128; W171; W77; Y115; Y210; Y217,0,True,False,fa77134daa3bea49e43d329e0091ea92d95cc4b2a2fe38d5bb5634f3cf69f8b3,True,receipt rc0+ok+cached=False+hash match,out/met_BUP_S__amine_cation__ortho_8V82_s20240602.pdbqt,met_BUP_S__amine_cation__ortho_8V82_s20240602.pdbqt
main,BUP_S,amine_cation,ortho,8V82,20240603,1,-7.522,17,20,,off_site,in_EPJ_site,EPJ_pocket,31.63,24.51,11.78,2.081,0.0,0,13,2.78,0,4.832,0,EPJ:A,0.71,1.0,A:TYR92; A:TRP148; A:SER149; A:TYR187; A:CYS189; A:CYS190; A:TYR194; B:TRP54; B:THR105; B:ASN106; B:LEU108; B:GLN116; B:LEU118,C212; C213; L131; L141; N129; Q139; S172; T128; W171; W77; Y115; Y210; Y217,0,True,False,8e4a4690d6e6bd67e53262fd1c4ccd587108087ac62f0ff6311975a094174f6a,True,receipt rc0+ok+cached=False+hash match,out/met_BUP_S__amine_cation__ortho_8V82_s20240603.pdbqt,met_BUP_S__amine_cation__ortho_8V82_s20240603.pdbqt
main,BUP_S,amine_cation,ortho,8V8A,20240601,1,-6.525,20,20,,off_site,in_EPJ_site,EPJ_pocket,31.93,24.2,11.89,2.036,0.0,0,13,2.6,0,4.533,0,EPJ:A,0.73,0.917,A:TYR92; A:TRP148; A:SER149; A:TYR187; A:CYS189; A:CYS190; A:TYR194; B:TRP54; B:THR105; B:ASN106; B:LEU108; B:GLN116; B:LEU118,C212; C213; L131; L141; N129; Q139; S172; T128; W171; W77; Y115; Y210; Y217,0,True,False,8d3ea0d9650ccfc58fac504568e9e5147b64a6e539f1cd31886053ae57633978,True,receipt rc0+ok+cached=False+hash match,out/met_BUP_S__amine_cation__ortho_8V8A_s20240601.pdbqt,met_BUP_S__amine_cation__ortho_8V8A_s20240601.pdbqt
main,BUP_S,amine_cation,ortho,8V8A,20240602,1,-6.525,20,20,,off_site,in_EPJ_site,EPJ_pocket,31.94,24.2,11.89,2.036,0.0,0,13,2.6,0,4.523,0,EPJ:A,0.74,0.917,A:TYR92; A:TRP148; A:SER149; A:TYR187; A:CYS189; A:CYS190; A:TYR194; B:TRP54; B:THR105; B:ASN106; B:LEU108; B:GLN116; B:LEU118,C212; C213; L131; L141; N129; Q139; S172; T128; W171; W77; Y115; Y210; Y217,0,True,False,f278e9c82542d160df3282a3e6af34dc5e325b451904a62d10036a0eb6dcd184,True,receipt rc0+ok+cached=False+hash match,out/met_BUP_S__amine_cation__ortho_8V8A_s20240602.pdbqt,met_BUP_S__amine_cation__ortho_8V8A_s20240602.pdbqt
main,BUP_S,amine_cation,ortho,8V8A,20240603,1,-6.542,20,20,,off_site,in_EPJ_site,EPJ_pocket,31.94,24.2,11.89,2.036,0.0,0,13,2.62,0,4.517,0,EPJ:A,0.73,0.917,A:TYR92; A:TRP148; A:SER149; A:TYR187; A:CYS189; A:CYS190; A:TYR194; B:TRP54; B:THR105; B:ASN106; B:LEU108; B:GLN116; B:LEU118,C212; C213; L131; L141; N129; Q139; S172; T128; W171; W77; Y115; Y210; Y217,0,True,False,e24de4c8ae19faa255efa4e28502119cf34598e725098c90fbe4037f29fc300a,True,receipt rc0+ok+cached=False+hash match,out/met_BUP_S__amine_cation__ortho_8V8A_s20240603.pdbqt,met_BUP_S__amine_cation__ortho_8V8A_s20240603.pdbqt
main,BUP_S,amine_cation,outerpore,8V82,20240601,1,-5.98,20,20,,lateral_interface,adjacent_to_I34_site,other_interface,-3.6,12.01,6.23,1.928,0.4,4,10,2.87,0,0.551,0,I34:E,9.48,0.214,D:LYS45; D:LEU254*; D:ALA257*; E:TYR209; E:TYR210; E:ASN213; E:LEU214; E:LEU255*; E:GLU258*; E:ILE259,A280; E281; I282; K68; L237; L277; L278; N236; Y232; Y233,0,True,False,2aa0474b2df0cfc0e627fc69ec44523d021b0ac1d3d85728dbfcee77f823adf5,True,receipt rc0+ok+cached=False+hash match,out/met_BUP_S__amine_cation__outerpore_8V82_s20240601.pdbqt,met_BUP_S__amine_cation__outerpore_8V82_s20240601.pdbqt
main,BUP_S,amine_cation,outerpore,8V82,20240602,1,-5.967,20,20,,lateral_interface,adjacent_to_I34_site,other_interface,-3.55,11.98,6.23,1.923,0.4,4,10,2.87,0,0.481,0,I34:A,9.55,0.214,A:TYR209; A:TYR210; A:ASN213; A:LEU214; A:LEU255*; A:GLU258*; A:ILE259; E:LYS45; E:LEU254*; E:ALA257*,A280; E281; I282; K68; L237; L277; L278; N236; Y232; Y233,0,True,False,66ecdc882d083f4f3ed825af2e4a8fd56a66672be52788906af1ac0c422c1a11,True,receipt rc0+ok+cached=False+hash match,out/met_BUP_S__amine_cation__outerpore_8V82_s20240602.pdbqt,met_BUP_S__amine_cation__outerpore_8V82_s20240602.pdbqt
main,BUP_S,amine_cation,outerpore,8V82,20240603,1,-5.982,20,20,,lateral_interface,adjacent_to_I34_site,other_interface,-3.64,12.01,6.23,1.928,0.4,4,10,2.85,0,0.612,0,I34:B,9.42,0.214,A:LYS45; A:LEU254*; A:ALA257*; B:TYR209; B:TYR210; B:ASN213; B:LEU214; B:LEU255*; B:GLU258*; B:ILE259,A280; E281; I282; K68; L237; L277; L278; N236; Y232; Y233,0,True,False,c2c6072dc0cd5689563dfa770fed94f81887bf346940db9143430904c53ce597,True,receipt rc0+ok+cached=False+hash match,out/met_BUP_S__amine_cation__outerpore_8V82_s20240603.pdbqt,met_BUP_S__amine_cation__outerpore_8V82_s20240603.pdbqt
main,BUP_S,amine_cation,outerpore,8V8A,20240601,1,-5.392,20,20,,lateral_interface,adjacent_to_I34_site,other_interface,-2.72,9.8,7.54,1.299,0.5,5,10,3.06,0,0.078,0,I34:C,11.2,0.077,B:LYS45; B:LEU254*; B:ALA257*; B:GLU258*; C:TYR209; C:TYR210; C:LEU214; C:LEU255*; C:GLU258*; C:ILE259,A280; E281; I282; K68; L237; L277; L278; Y232; Y233,0,True,False,08a838c608720149557fae05e777206fe22802da88d086e6776f6858bf6605b8,True,receipt rc0+ok+cached=False+hash match,out/met_BUP_S__amine_cation__outerpore_8V8A_s20240601.pdbqt,met_BUP_S__amine_cation__outerpore_8V8A_s20240601.pdbqt
main,BUP_S,amine_cation,outerpore,8V8A,20240602,1,-5.356,20,20,,lateral_interface,adjacent_to_I34_site,other_interface,-3.29,11.64,7.14,1.63,0.333,3,9,2.88,0,-0.002,1,I34:D,9.84,0.154,C:LYS45; C:ALA257*; D:TYR209; D:TYR210; D:ASN213; D:LEU214; D:LEU255*; D:GLU258*; D:ILE259,A280; E281; I282; K68; L237; L278; N236; Y232; Y233,0,True,False,2bc47b0588cdb83475a40ace85ea1d3d2c7705693ab89a2561d6889eb2370c72,True,receipt rc0+ok+cached=False+hash match,out/met_BUP_S__amine_cation__outerpore_8V8A_s20240602.pdbqt,met_BUP_S__amine_cation__outerpore_8V8A_s20240602.pdbqt
main,BUP_S,amine_cation,outerpore,8V8A,20240603,1,-5.3,20,20,,lateral_interface,adjacent_to_I34_site,other_interface,-3.46,11.31,7.14,1.583,0.4,4,10,2.99,0,0.042,0,I34:D,9.69,0.154,C:LYS45; C:ALA257*; C:GLU258*; D:TYR209; D:TYR210; D:ASN213; D:LEU214; D:LEU255*; D:GLU258*; D:ILE259,A280; E281; I282; K68; L237; L278; N236; Y232; Y233,0,True,False,e28ce1a748141069e8a7eaa60be5f9e04c228998c8a3c8e604d6fb82cc515abf,True,receipt rc0+ok+cached=False+hash match,out/met_BUP_S__amine_cation__outerpore_8V8A_s20240603.pdbqt,met_BUP_S__amine_cation__outerpore_8V8A_s20240603.pdbqt
main,E4pOH_1R2S,amine_cation,lateral_I34,8V82,20240601,1,-6.507,20,20,,lateral_interface,in_I34_site,I34_pocket,-13.49,15.83,7.41,2.135,0.417,5,12,3.14,0,4.215,0,I34:A,2.55,0.643,A:ASN213; A:PRO217; A:LEU220; A:ILE221; A:PHE252*; A:LEU255*; E:THR250*; E:MET253*; E:LEU254*; E:ALA275; E:MET278; E:ILE279,A298; F275; I244; I302; L243; L277; L278; M276; M301; N236; P240; T273,0,True,False,41b62049db7969a32be7ad8bd90c499d11cfbdbbab588da3485f268176b6314a,True,receipt rc0+ok+cached=False+hash match,out/met_E4pOH_1R2S__amine_cation__lateral_I34_8V82_s20240601.pdbqt,met_E4pOH_1R2S__amine_cation__lateral_I34_8V82_s20240601.pdbqt
main,E4pOH_1R2S,amine_cation,lateral_I34,8V82,20240602,1,-6.494,20,20,,lateral_interface,in_I34_site,I34_pocket,-13.49,15.8,7.41,2.131,0.417,5,12,3.17,0,4.218,0,I34:A,2.55,0.643,A:ASN213; A:PRO217; A:LEU220; A:ILE221; A:PHE252*; A:LEU255*; E:THR250*; E:MET253*; E:LEU254*; E:ALA275; E:MET278; E:ILE279,A298; F275; I244; I302; L243; L277; L278; M276; M301; N236; P240; T273,0,True,False,9b57c2835fe668a50c607faf3343037a43335f461d9b869015c5548fdca82e7a,True,receipt rc0+ok+cached=False+hash match,out/met_E4pOH_1R2S__amine_cation__lateral_I34_8V82_s20240602.pdbqt,met_E4pOH_1R2S__amine_cation__lateral_I34_8V82_s20240602.pdbqt
main,E4pOH_1R2S,amine_cation,lateral_I34,8V82,20240603,1,-6.482,20,20,,lateral_interface,in_I34_site,I34_pocket,-13.5,15.82,7.41,2.135,0.417,5,12,3.15,0,4.297,0,I34:A,2.56,0.643,A:ASN213; A:PRO217; A:LEU220; A:ILE221; A:PHE252*; A:LEU255*; E:THR250*; E:MET253*; E:LEU254*; E:ALA275; E:MET278; E:ILE279,A298; F275; I244; I302; L243; L277; L278; M276; M301; N236; P240; T273,0,True,False,07c6e3d97503333c31cef6b577234c3383b3c22bffa038b5943420f912c39a83,True,receipt rc0+ok+cached=False+hash match,out/met_E4pOH_1R2S__amine_cation__lateral_I34_8V82_s20240603.pdbqt,met_E4pOH_1R2S__amine_cation__lateral_I34_8V82_s20240603.pdbqt
main,E4pOH_1R2S,amine_cation,lateral_I34,8V8A,20240601,1,-5.83,20,20,,lateral_interface,in_I34_site,I34_pocket,-14.32,16.27,8.09,2.01,0.25,3,12,3.31,0,3.751,0,I34:A,3.18,0.692,A:LEU212; A:ASN213; A:ILE216; A:PRO217; A:LEU220; A:ILE221; A:PHE252*; E:THR250*; E:MET253*; E:ALA275; E:MET278; E:ILE279,A298; F275; I239; I244; I302; L235; L243; M276; M301; N236; P240; T273,0,True,False,16b53b270c1c32bf36971071675d3e4e5f201fb15b1c74678351939c6dcc5189,True,receipt rc0+ok+cached=False+hash match,out/met_E4pOH_1R2S__amine_cation__lateral_I34_8V8A_s20240601.pdbqt,met_E4pOH_1R2S__amine_cation__lateral_I34_8V8A_s20240601.pdbqt
main,E4pOH_1R2S,amine_cation,lateral_I34,8V8A,20240602,1,-5.791,20,20,,lateral_interface,in_I34_site,I34_pocket,-15.33,18.1,8.25,2.195,0.2,2,10,3.24,0,1.947,0,I34:A,4.54,0.462,A:LEU212; A:ILE216; A:PRO217; A:LEU220; A:ILE221; E:LEU246*; E:MET253*; E:ALA275; E:MET278; E:ILE279,A298; I239; I244; I302; L235; L243; L269; M276; M301; P240,0,True,False,0e6d77d60d16e248947defd0380dc5dff5dfdfbb2bc0b23ff68494b6d23fdade,True,receipt rc0+ok+cached=False+hash match,out/met_E4pOH_1R2S__amine_cation__lateral_I34_8V8A_s20240602.pdbqt,met_E4pOH_1R2S__amine_cation__lateral_I34_8V8A_s20240602.pdbqt
main,E4pOH_1R2S,amine_cation,lateral_I34,8V8A,20240603,1,-5.807,20,20,,lateral_interface,in_I34_site,I34_pocket,-14.27,16.26,8.09,2.009,0.25,3,12,3.3,0,3.788,0,I34:A,3.12,0.692,A:LEU212; A:ASN213; A:ILE216; A:PRO217; A:LEU220; A:ILE221; A:PHE252*; E:THR250*; E:MET253*; E:ALA275; E:MET278; E:ILE279,A298; F275; I239; I244; I302; L235; L243; M276; M301; N236; P240; T273,0,True,False,cb793de4386f52f6d9747d77978b41a82fbfd92ec411e3ab52f766733faec6a3,True,receipt rc0+ok+cached=False+hash match,out/met_E4pOH_1R2S__amine_cation__lateral_I34_8V8A_s20240603.pdbqt,met_E4pOH_1R2S__amine_cation__lateral_I34_8V8A_s20240603.pdbqt
main,E4pOH_1R2S,amine_cation,midpore,8V82,20240601,1,-6.209,20,20,search_space_gt_27000,lateral_interface,in_I34_site,I34_pocket,-13.49,15.64,7.41,2.11,0.417,5,12,3.2,0,-0.079,2,I34:C,2.59,0.643,B:THR250*; B:MET253*; B:LEU254*; B:ALA275; B:MET278; B:ILE279; C:ASN213; C:PRO217; C:LEU220; C:ILE221; C:PHE252*; C:LEU255*,A298; F275; I244; I302; L243; L277; L278; M276; M301; N236; P240; T273,0,True,False,5c76007a9c5f0b4cb13a4b39ac6b9395dae4d858954b6cc0ca907cb328d2bac3,True,receipt rc0+ok+cached=False+hash match,out/met_E4pOH_1R2S__amine_cation__midpore_8V82_s20240601.pdbqt,met_E4pOH_1R2S__amine_cation__midpore_8V82_s20240601.pdbqt
main,E4pOH_1R2S,amine_cation,midpore,8V82,20240602,1,-6.324,20,20,search_space_gt_27000,lateral_interface,in_I34_site,I34_pocket,-13.45,15.6,7.41,2.104,0.417,5,12,3.12,0,-0.079,1,I34:C,2.57,0.643,B:THR250*; B:MET253*; B:LEU254*; B:ALA275; B:MET278; B:ILE279; C:ASN213; C:PRO217; C:LEU220; C:ILE221; C:PHE252*; C:LEU255*,A298; F275; I244; I302; L243; L277; L278; M276; M301; N236; P240; T273,0,True,False,59c05bdc1453080bfa90b4349d370bc578442a50b038fa1cef6d4becbad43ebd,True,receipt rc0+ok+cached=False+hash match,out/met_E4pOH_1R2S__amine_cation__midpore_8V82_s20240602.pdbqt,met_E4pOH_1R2S__amine_cation__midpore_8V82_s20240602.pdbqt
main,E4pOH_1R2S,amine_cation,midpore,8V82,20240603,1,-6.255,20,20,search_space_gt_27000,lateral_interface,in_I34_site,I34_pocket,-13.48,15.66,7.41,2.112,0.417,5,12,3.15,0,-0.079,2,I34:C,2.57,0.643,B:THR250*; B:MET253*; B:LEU254*; B:ALA275; B:MET278; B:ILE279; C:ASN213; C:PRO217; C:LEU220; C:ILE221; C:PHE252*; C:LEU255*,A298; F275; I244; I302; L243; L277; L278; M276; M301; N236; P240; T273,0,True,False,6650e8a1ca7859c0caccf4cb0a35f0c54ba6cc548bd992511e8107a8749b3a0e,True,receipt rc0+ok+cached=False+hash match,out/met_E4pOH_1R2S__amine_cation__midpore_8V82_s20240603.pdbqt,met_E4pOH_1R2S__amine_cation__midpore_8V82_s20240603.pdbqt
main,E4pOH_1R2S,amine_cation,midpore,8V8A,20240601,1,-6.377,20,20,search_space_gt_27000,lateral_interface,adjacent_to_I34_site,other_interface,-19.06,17.81,7.69,2.315,0.111,1,9,2.96,0,0.106,0,I34:D,8.02,0.231,C:LEU246*; C:MET278; C:ILE279; C:GLY282; C:LEU283; D:PRO217; D:LEU220; D:ILE221; D:LEU224,G305; I244; I302; L243; L247; L269; L306; M301; P240,0,True,False,cecbf152adf493d6220be33f553a94bd576b7c9493096fbd8d9abcfd94e2b6e0,True,receipt rc0+ok+cached=False+hash match,out/met_E4pOH_1R2S__amine_cation__midpore_8V8A_s20240601.pdbqt,met_E4pOH_1R2S__amine_cation__midpore_8V8A_s20240601.pdbqt
main,E4pOH_1R2S,amine_cation,midpore,8V8A,20240602,1,-5.541,20,20,search_space_gt_27000,pore_lumen,adjacent_to_I34_site,pore_lumen,-18.87,4.01,7.69,0.521,1.0,8,8,2.9,0,8.837,0,I34:C,14.73,0.077,B:THR244*; B:LEU247*; B:SER248*; C:THR244*; C:LEU247*; C:SER248*; C:THR250*; C:VAL251*,L270; S271; T267; T273; V274,0,True,False,6a84f6ffe96faeab2c07b031c9be30efcb1823bf127ed59f18ed82c45f7460f7,True,receipt rc0+ok+cached=False+hash match,out/met_E4pOH_1R2S__amine_cation__midpore_8V8A_s20240602.pdbqt,met_E4pOH_1R2S__amine_cation__midpore_8V8A_s20240602.pdbqt
main,E4pOH_1R2S,amine_cation,midpore,8V8A,20240603,1,-6.416,20,20,search_space_gt_27000,lateral_interface,adjacent_to_I34_site,other_interface,-19.01,17.88,7.69,2.324,0.111,1,9,3.0,0,0.165,0,I34:D,7.98,0.231,C:LEU246*; C:MET278; C:ILE279; C:GLY282; C:LEU283; D:PRO217; D:LEU220; D:ILE221; D:LEU224,G305; I244; I302; L243; L247; L269; L306; M301; P240,0,True,False,eea744d619ef2ce3951c7873c176958d302c015637311e6a8867518c97b4e981,True,receipt rc0+ok+cached=False+hash match,out/met_E4pOH_1R2S__amine_cation__midpore_8V8A_s20240603.pdbqt,met_E4pOH_1R2S__amine_cation__midpore_8V8A_s20240603.pdbqt
main,E4pOH_1R2S,amine_cation,ortho,8V82,20240601,1,-7.538,12,20,,off_site,in_EPJ_site,EPJ_pocket,31.69,24.38,11.78,2.07,0.0,0,14,2.71,0,4.92,0,EPJ:A,0.87,1.0,A:TYR92; A:TRP148; A:SER149; A:TYR187; A:CYS189; A:CYS190; A:TYR194; B:TRP54; B:THR105; B:ASN106; B:VAL107; B:LEU108; B:GLN116; B:LEU118,C212; C213; L131; L141; N129; Q139; S172; T128; V130; W171; W77; Y115; Y210; Y217,0,True,False,d251a0f2a8d9a7680a3f7ce12c683c25d977e7dcb6c9a1ecee5f71f90623f1e3,True,receipt rc0+ok+cached=False+hash match,out/met_E4pOH_1R2S__amine_cation__ortho_8V82_s20240601.pdbqt,met_E4pOH_1R2S__amine_cation__ortho_8V82_s20240601.pdbqt
main,E4pOH_1R2S,amine_cation,ortho,8V82,20240602,1,-7.524,12,20,,off_site,in_EPJ_site,EPJ_pocket,31.69,24.39,11.78,2.071,0.0,0,14,2.7,0,4.918,0,EPJ:A,0.86,1.0,A:TYR92; A:TRP148; A:SER149; A:TYR187; A:CYS189; A:CYS190; A:TYR194; B:TRP54; B:THR105; B:ASN106; B:VAL107; B:LEU108; B:GLN116; B:LEU118,C212; C213; L131; L141; N129; Q139; S172; T128; V130; W171; W77; Y115; Y210; Y217,0,True,False,ac5c9a10d4f919b7ea63d83fade269138d0a84fe2aeaf4518f9f1411ca237d63,True,receipt rc0+ok+cached=False+hash match,out/met_E4pOH_1R2S__amine_cation__ortho_8V82_s20240602.pdbqt,met_E4pOH_1R2S__amine_cation__ortho_8V82_s20240602.pdbqt
main,E4pOH_1R2S,amine_cation,ortho,8V82,20240603,1,-7.522,11,20,,off_site,in_EPJ_site,EPJ_pocket,31.69,24.41,11.78,2.073,0.0,0,14,2.7,0,4.919,0,EPJ:A,0.86,1.0,A:TYR92; A:TRP148; A:SER149; A:TYR187; A:CYS189; A:CYS190; A:TYR194; B:TRP54; B:THR105; B:ASN106; B:VAL107; B:LEU108; B:GLN116; B:LEU118,C212; C213; L131; L141; N129; Q139; S172; T128; V130; W171; W77; Y115; Y210; Y217,0,True,False,7a0933ca7a2b8b514e8aebd3b6b4c493a19282eb3730b00bc1e4a9522bb22500,True,receipt rc0+ok+cached=False+hash match,out/met_E4pOH_1R2S__amine_cation__ortho_8V82_s20240603.pdbqt,met_E4pOH_1R2S__amine_cation__ortho_8V82_s20240603.pdbqt
main,E4pOH_1R2S,amine_cation,ortho,8V8A,20240601,1,-6.203,19,20,,off_site,in_EPJ_site,EPJ_pocket,32.04,24.08,11.89,2.025,0.0,0,14,2.52,0,4.649,0,EPJ:A,0.93,0.917,A:TYR92; A:TRP148; A:SER149; A:TYR187; A:CYS189; A:CYS190; A:TYR194; B:TRP54; B:THR105; B:ASN106; B:VAL107; B:LEU108; B:GLN116; B:LEU118,C212; C213; L131; L141; N129; Q139; S172; T128; V130; W171; W77; Y115; Y210; Y217,0,True,False,9edfb7d9dcfd4a39c879642c4e495d6babacd14b8e467459944aec9837386e7f,True,receipt rc0+ok+cached=False+hash match,out/met_E4pOH_1R2S__amine_cation__ortho_8V8A_s20240601.pdbqt,met_E4pOH_1R2S__amine_cation__ortho_8V8A_s20240601.pdbqt
main,E4pOH_1R2S,amine_cation,ortho,8V8A,20240602,1,-6.19,19,20,,off_site,in_EPJ_site,EPJ_pocket,32.02,24.12,11.89,2.029,0.0,0,14,2.62,0,4.714,0,EPJ:A,0.89,0.917,A:TYR92; A:TRP148; A:SER149; A:TYR187; A:CYS189; A:CYS190; A:TYR194; B:TRP54; B:THR105; B:ASN106; B:VAL107; B:LEU108; B:GLN116; B:LEU118,C212; C213; L131; L141; N129; Q139; S172; T128; V130; W171; W77; Y115; Y210; Y217,0,True,False,dd58ccb98c057f7fa1e574b0f72b52e71950c308ea73dc3402b9f849ca86214d,True,receipt rc0+ok+cached=False+hash match,out/met_E4pOH_1R2S__amine_cation__ortho_8V8A_s20240602.pdbqt,met_E4pOH_1R2S__amine_cation__ortho_8V8A_s20240602.pdbqt
main,E4pOH_1R2S,amine_cation,ortho,8V8A,20240603,1,-6.166,18,20,,off_site,in_EPJ_site,EPJ_pocket,32.03,24.07,11.89,2.025,0.0,0,14,2.54,0,4.65,0,EPJ:A,0.92,0.917,A:TYR92; A:TRP148; A:SER149; A:TYR187; A:CYS189; A:CYS190; A:TYR194; B:TRP54; B:THR105; B:ASN106; B:VAL107; B:LEU108; B:GLN116; B:LEU118,C212; C213; L131; L141; N129; Q139; S172; T128; V130; W171; W77; Y115; Y210; Y217,0,True,False,8e76c749ceb0095c06a3482654546cd978fd928acbfd1decb66e2fa22c323846,True,receipt rc0+ok+cached=False+hash match,out/met_E4pOH_1R2S__amine_cation__ortho_8V8A_s20240603.pdbqt,met_E4pOH_1R2S__amine_cation__ortho_8V8A_s20240603.pdbqt
main,E4pOH_1R2S,amine_cation,outerpore,8V82,20240601,1,-6.521,20,20,,lateral_interface,in_I34_site,I34_pocket,-13.5,15.81,7.41,2.133,0.417,5,12,3.13,0,-0.075,1,I34:C,2.56,0.643,B:THR250*; B:MET253*; B:LEU254*; B:ALA275; B:MET278; B:ILE279; C:ASN213; C:PRO217; C:LEU220; C:ILE221; C:PHE252*; C:LEU255*,A298; F275; I244; I302; L243; L277; L278; M276; M301; N236; P240; T273,0,True,False,8c4c131a998a6cce542622ad342c0ba8b94c25a7a5873511c0322cb4637c32a4,True,receipt rc0+ok+cached=False+hash match,out/met_E4pOH_1R2S__amine_cation__outerpore_8V82_s20240601.pdbqt,met_E4pOH_1R2S__amine_cation__outerpore_8V82_s20240601.pdbqt
main,E4pOH_1R2S,amine_cation,outerpore,8V82,20240602,1,-6.525,20,20,,lateral_interface,in_I34_site,I34_pocket,-13.49,15.79,7.41,2.13,0.417,5,12,3.13,0,-0.061,1,I34:C,2.55,0.643,B:THR250*; B:MET253*; B:LEU254*; B:ALA275; B:MET278; B:ILE279; C:ASN213; C:PRO217; C:LEU220; C:ILE221; C:PHE252*; C:LEU255*,A298; F275; I244; I302; L243; L277; L278; M276; M301; N236; P240; T273,0,True,False,1256e5e6e6e4bf0fdb59fd6a90079d1c4ebc711fcd3d7c92cc847eef9c9f9ba4,True,receipt rc0+ok+cached=False+hash match,out/met_E4pOH_1R2S__amine_cation__outerpore_8V82_s20240602.pdbqt,met_E4pOH_1R2S__amine_cation__outerpore_8V82_s20240602.pdbqt
main,E4pOH_1R2S,amine_cation,outerpore,8V82,20240603,1,-6.504,20,20,,lateral_interface,in_I34_site,I34_pocket,-13.49,15.79,7.41,2.13,0.417,5,12,3.13,0,-0.026,1,I34:C,2.55,0.643,B:THR250*; B:MET253*; B:LEU254*; B:ALA275; B:MET278; B:ILE279; C:ASN213; C:PRO217; C:LEU220; C:ILE221; C:PHE252*; C:LEU255*,A298; F275; I244; I302; L243; L277; L278; M276; M301; N236; P240; T273,0,True,False,395553663cebbffd364c3d8bb32f79beeb26766b09adfe3502464b1bf42fcb93,True,receipt rc0+ok+cached=False+hash match,out/met_E4pOH_1R2S__amine_cation__outerpore_8V82_s20240603.pdbqt,met_E4pOH_1R2S__amine_cation__outerpore_8V82_s20240603.pdbqt
main,E4pOH_1R2S,amine_cation,outerpore,8V8A,20240601,1,-5.447,20,20,,lateral_interface,adjacent_to_I34_site,other_interface,-3.95,9.01,6.49,1.389,0.5,5,10,2.7,0,1.823,0,I34:B,10.61,0.077,A:LYS45; A:LEU254*; A:ALA257*; A:GLU258*; B:TYR209; B:TYR210; B:LEU214; B:LEU255*; B:GLU258*; B:ILE259,A280; E281; I282; K68; L237; L277; L278; Y232; Y233,0,True,False,8a1a5346403d9426a005a8bb962c8a131389cd50e2b8e4ad1fdf0e6a590a7d1d,True,receipt rc0+ok+cached=False+hash match,out/met_E4pOH_1R2S__amine_cation__outerpore_8V8A_s20240601.pdbqt,met_E4pOH_1R2S__amine_cation__outerpore_8V8A_s20240601.pdbqt
main,E4pOH_1R2S,amine_cation,outerpore,8V8A,20240602,1,-5.465,20,20,,lateral_interface,adjacent_to_I34_site,other_interface,-3.98,9.13,6.49,1.408,0.5,5,10,2.7,0,1.876,0,I34:A,10.52,0.077,A:TYR209; A:TYR210; A:LEU214; A:LEU255*; A:GLU258*; A:ILE259; E:LYS45; E:LEU254*; E:ALA257*; E:GLU258*,A280; E281; I282; K68; L237; L277; L278; Y232; Y233,0,True,False,d9fa9bc54ee7420eb73d6e5f81fbd104761d859cc56fa989785489e31aa25df6,True,receipt rc0+ok+cached=False+hash match,out/met_E4pOH_1R2S__amine_cation__outerpore_8V8A_s20240602.pdbqt,met_E4pOH_1R2S__amine_cation__outerpore_8V8A_s20240602.pdbqt
main,E4pOH_1R2S,amine_cation,outerpore,8V8A,20240603,1,-5.439,20,20,,lateral_interface,adjacent_to_I34_site,other_interface,-3.97,9.01,6.49,1.389,0.5,5,10,2.7,0,1.84,0,I34:B,10.6,0.077,A:LYS45; A:LEU254*; A:ALA257*; A:GLU258*; B:TYR209; B:TYR210; B:LEU214; B:LEU255*; B:GLU258*; B:ILE259,A280; E281; I282; K68; L237; L277; L278; Y232; Y233,0,True,False,3cfc398762eb46df3ad16f93883b746aa01b0ba59c9731da26bf60e5c9eda1f7,True,receipt rc0+ok+cached=False+hash match,out/met_E4pOH_1R2S__amine_cation__outerpore_8V8A_s20240603.pdbqt,met_E4pOH_1R2S__amine_cation__outerpore_8V8A_s20240603.pdbqt
main,E4pOH_1S2R,amine_cation,lateral_I34,8V82,20240601,1,-6.532,20,20,,lateral_interface,in_I34_site,I34_pocket,-14.87,15.98,8.12,1.968,0.333,3,9,3.32,0,1.885,0,I34:A,3.85,0.429,A:ASN213; A:PRO217; A:LEU220; A:ILE221; A:PHE252*; E:LEU246*; E:MET253*; E:MET278; E:ILE279,F275; I244; I302; L243; L269; M276; M301; N236; P240,0,True,False,77fcff6509ee09618064333c4b33928a7a2695ad3f51d56575d0f45ef02c3a40,True,receipt rc0+ok+cached=False+hash match,out/met_E4pOH_1S2R__amine_cation__lateral_I34_8V82_s20240601.pdbqt,met_E4pOH_1S2R__amine_cation__lateral_I34_8V82_s20240601.pdbqt
main,E4pOH_1S2R,amine_cation,lateral_I34,8V82,20240602,1,-6.532,20,20,,lateral_interface,in_I34_site,I34_pocket,-14.89,16.04,8.12,1.975,0.333,3,9,3.38,0,1.874,0,I34:A,3.87,0.429,A:ASN213; A:PRO217; A:LEU220; A:ILE221; A:PHE252*; E:LEU246*; E:MET253*; E:MET278; E:ILE279,F275; I244; I302; L243; L269; M276; M301; N236; P240,0,True,False,f79ced05406bcad1ef9860301b08c2b99e89d02ed277fdd09f39a034ab013f31,True,receipt rc0+ok+cached=False+hash match,out/met_E4pOH_1S2R__amine_cation__lateral_I34_8V82_s20240602.pdbqt,met_E4pOH_1S2R__amine_cation__lateral_I34_8V82_s20240602.pdbqt
main,E4pOH_1S2R,amine_cation,lateral_I34,8V82,20240603,1,-6.547,20,20,,lateral_interface,in_I34_site,I34_pocket,-14.88,16.03,8.12,1.974,0.333,3,9,3.39,0,1.87,0,I34:A,3.85,0.429,A:ASN213; A:PRO217; A:LEU220; A:ILE221; A:PHE252*; E:LEU246*; E:MET253*; E:MET278; E:ILE279,F275; I244; I302; L243; L269; M276; M301; N236; P240,0,True,False,a716af9eab602ef2f97f49cd6280f8b2b74ba2e4d4e38773c9c21f29dbd147f4,True,receipt rc0+ok+cached=False+hash match,out/met_E4pOH_1S2R__amine_cation__lateral_I34_8V82_s20240603.pdbqt,met_E4pOH_1S2R__amine_cation__lateral_I34_8V82_s20240603.pdbqt
main,E4pOH_1S2R,amine_cation,lateral_I34,8V8A,20240601,1,-6.049,20,20,,lateral_interface,in_I34_site,I34_pocket,-15.05,15.63,8.09,1.931,0.364,4,11,3.27,0,1.916,0,I34:A,3.95,0.615,A:LEU212; A:ASN213; A:PRO217; A:LEU220; A:ILE221; A:PHE252*; E:LEU246*; E:THR250*; E:MET253*; E:MET278; E:ILE279,F275; I244; I302; L235; L243; L269; M276; M301; N236; P240; T273,0,True,False,29c0f71c04df77a6d1322c846269bad0141f2e0bc4518f74760003cbe072e998,True,receipt rc0+ok+cached=False+hash match,out/met_E4pOH_1S2R__amine_cation__lateral_I34_8V8A_s20240601.pdbqt,met_E4pOH_1S2R__amine_cation__lateral_I34_8V8A_s20240601.pdbqt
main,E4pOH_1S2R,amine_cation,lateral_I34,8V8A,20240602,1,-6.115,20,20,,lateral_interface,in_I34_site,I34_pocket,-14.98,15.51,8.09,1.916,0.3,3,10,3.37,0,2.057,0,I34:A,3.91,0.615,A:LEU212; A:ASN213; A:PRO217; A:LEU220; A:ILE221; A:PHE252*; E:THR250*; E:MET253*; E:MET278; E:ILE279,F275; I244; I302; L235; L243; M276; M301; N236; P240; T273,0,True,False,fdf4cf1c8c6328eea9f49749d29e8c7cb9385d003355b6ed308f2e869acbfd1d,True,receipt rc0+ok+cached=False+hash match,out/met_E4pOH_1S2R__amine_cation__lateral_I34_8V8A_s20240602.pdbqt,met_E4pOH_1S2R__amine_cation__lateral_I34_8V8A_s20240602.pdbqt
main,E4pOH_1S2R,amine_cation,lateral_I34,8V8A,20240603,1,-5.941,20,20,,lateral_interface,in_I34_site,I34_pocket,-14.91,15.61,8.09,1.929,0.3,3,10,3.29,0,2.101,0,I34:A,3.81,0.615,A:LEU212; A:ASN213; A:PRO217; A:LEU220; A:ILE221; A:PHE252*; E:THR250*; E:MET253*; E:MET278; E:ILE279,F275; I244; I302; L235; L243; M276; M301; N236; P240; T273,0,True,False,fbfb48e1569177488f518b4daf686f1528071dd3a05535e6329b680fcc9fdea4,True,receipt rc0+ok+cached=False+hash match,out/met_E4pOH_1S2R__amine_cation__lateral_I34_8V8A_s20240603.pdbqt,met_E4pOH_1S2R__amine_cation__lateral_I34_8V8A_s20240603.pdbqt
main,E4pOH_1S2R,amine_cation,midpore,8V82,20240601,1,-6.476,20,20,search_space_gt_27000,lateral_interface,in_I34_site,I34_pocket,-14.91,16.09,8.12,1.982,0.3,3,10,3.33,0,0.77,0,I34:C,3.87,0.5,B:LEU246*; B:MET253*; B:ALA275; B:MET278; B:ILE279; C:ASN213; C:PRO217; C:LEU220; C:ILE221; C:PHE252*,A298; F275; I244; I302; L243; L269; M276; M301; N236; P240,0,True,False,03e8b15336e0deab77d8a8a6109fb9ba0bed97dbc87c53a17e4eabe5bc4caaf2,True,receipt rc0+ok+cached=False+hash match,out/met_E4pOH_1S2R__amine_cation__midpore_8V82_s20240601.pdbqt,met_E4pOH_1S2R__amine_cation__midpore_8V82_s20240601.pdbqt
main,E4pOH_1S2R,amine_cation,midpore,8V82,20240602,1,-6.459,20,20,search_space_gt_27000,lateral_interface,in_I34_site,I34_pocket,-14.92,16.15,8.12,1.988,0.3,3,10,3.36,0,0.728,0,I34:C,3.87,0.5,B:LEU246*; B:MET253*; B:ALA275; B:MET278; B:ILE279; C:ASN213; C:PRO217; C:LEU220; C:ILE221; C:PHE252*,A298; F275; I244; I302; L243; L269; M276; M301; N236; P240,0,True,False,2acb4942f8c7a1a5e18bd7163ffe7eec7f09b8c9dff2b57ba88edffef7d4e027,True,receipt rc0+ok+cached=False+hash match,out/met_E4pOH_1S2R__amine_cation__midpore_8V82_s20240602.pdbqt,met_E4pOH_1S2R__amine_cation__midpore_8V82_s20240602.pdbqt
main,E4pOH_1S2R,amine_cation,midpore,8V82,20240603,1,-6.407,19,20,search_space_gt_27000,lateral_interface,in_I34_site,I34_pocket,-14.87,16.16,8.12,1.99,0.3,3,10,3.3,0,0.694,0,I34:C,3.82,0.5,B:LEU246*; B:MET253*; B:ALA275; B:MET278; B:ILE279; C:ASN213; C:PRO217; C:LEU220; C:ILE221; C:PHE252*,A298; F275; I244; I302; L243; L269; M276; M301; N236; P240,0,True,False,0fe4da9ca918eb7c8302e888187e8835d1ba2eba55f2f959115ebcfb7e575e25,True,receipt rc0+ok+cached=False+hash match,out/met_E4pOH_1S2R__amine_cation__midpore_8V82_s20240603.pdbqt,met_E4pOH_1S2R__amine_cation__midpore_8V82_s20240603.pdbqt
main,E4pOH_1S2R,amine_cation,midpore,8V8A,20240601,1,-5.491,20,20,search_space_gt_27000,pore_lumen,away_from_I34_site,pore_lumen,-30.79,0.85,4.78,0.178,0.857,12,14,2.91,0,1.298,0,I34:B,24.91,0.0,A:GLU237*; A:SER240*; A:ILE243*; A:THR244*; B:GLY236; B:GLU237*; B:SER240*; B:THR244*; C:GLY236; C:GLU237*; C:SER240*; D:GLU237*; D:SER240*; E:SER240*,E260; G259; I266; S263; T267,0,True,False,5e2b1301ead277ca36c143c3b27b978c44da341b456ba1bc441e9e2e547add58,True,receipt rc0+ok+cached=False+hash match,out/met_E4pOH_1S2R__amine_cation__midpore_8V8A_s20240601.pdbqt,met_E4pOH_1S2R__amine_cation__midpore_8V8A_s20240601.pdbqt
main,E4pOH_1S2R,amine_cation,midpore,8V8A,20240602,1,-6.49,19,20,search_space_gt_27000,lateral_interface,in_I34_site,I34_pocket,-18.65,17.8,7.69,2.314,0.111,1,9,3.28,0,-0.103,1,I34:D,7.63,0.462,C:MET253*; C:ALA275; C:MET278; C:ILE279; D:LEU212; D:PRO217; D:LEU220; D:ILE221; D:LEU224,A298; I244; I302; L235; L243; L247; M276; M301; P240,0,True,False,60167480e6355d163a7ad1e6f26ef2d3fd676d3ea837a0728226d36fb6268810,True,receipt rc0+ok+cached=False+hash match,out/met_E4pOH_1S2R__amine_cation__midpore_8V8A_s20240602.pdbqt,met_E4pOH_1S2R__amine_cation__midpore_8V8A_s20240602.pdbqt
main,E4pOH_1S2R,amine_cation,midpore,8V8A,20240603,1,-6.443,20,20,search_space_gt_27000,lateral_interface,in_I34_site,I34_pocket,-18.58,17.84,7.69,2.319,0.111,1,9,3.3,0,-0.128,2,I34:D,7.57,0.462,C:MET253*; C:ALA275; C:MET278; C:ILE279; D:LEU212; D:PRO217; D:LEU220; D:ILE221; D:LEU224,A298; I244; I302; L235; L243; L247; M276; M301; P240,0,True,False,bf899c91a7ef10c3030c03dcf28b343d2e626534c08fa31032367bb14bf13369,True,receipt rc0+ok+cached=False+hash match,out/met_E4pOH_1S2R__amine_cation__midpore_8V8A_s20240603.pdbqt,met_E4pOH_1S2R__amine_cation__midpore_8V8A_s20240603.pdbqt
main,E4pOH_1S2R,amine_cation,ortho,8V82,20240601,1,-6.94,16,20,,off_site,in_EPJ_site,EPJ_pocket,31.56,24.48,11.78,2.078,0.0,0,14,2.65,0,5.021,0,EPJ:A,0.74,1.0,A:TYR92; A:TRP148; A:SER149; A:TYR187; A:CYS189; A:CYS190; A:TYR194; B:TRP54; B:THR105; B:ASN106; B:VAL107; B:LEU108; B:GLN116; B:LEU118,C212; C213; L131; L141; N129; Q139; S172; T128; V130; W171; W77; Y115; Y210; Y217,0,True,False,340aa6c206e930c9a5635e524803eb6d476491dabb00a66d7215d5cec75b9785,True,receipt rc0+ok+cached=False+hash match,out/met_E4pOH_1S2R__amine_cation__ortho_8V82_s20240601.pdbqt,met_E4pOH_1S2R__amine_cation__ortho_8V82_s20240601.pdbqt
main,E4pOH_1S2R,amine_cation,ortho,8V82,20240602,1,-6.959,15,20,,off_site,in_EPJ_site,EPJ_pocket,31.57,24.46,11.78,2.077,0.0,0,14,2.7,0,4.961,0,EPJ:A,0.75,1.0,A:TYR92; A:TRP148; A:SER149; A:TYR187; A:CYS189; A:CYS190; A:TYR194; B:TRP54; B:THR105; B:ASN106; B:VAL107; B:LEU108; B:GLN116; B:LEU118,C212; C213; L131; L141; N129; Q139; S172; T128; V130; W171; W77; Y115; Y210; Y217,0,True,False,62016c06af051f2207b83dfcd00c4242b233f5be551a8491acf48db6c5b9a9e4,True,receipt rc0+ok+cached=False+hash match,out/met_E4pOH_1S2R__amine_cation__ortho_8V82_s20240602.pdbqt,met_E4pOH_1S2R__amine_cation__ortho_8V82_s20240602.pdbqt
main,E4pOH_1S2R,amine_cation,ortho,8V82,20240603,1,-6.968,15,20,,off_site,in_EPJ_site,EPJ_pocket,31.56,24.47,11.78,2.078,0.0,0,14,2.64,0,4.982,0,EPJ:A,0.74,1.0,A:TYR92; A:TRP148; A:SER149; A:TYR187; A:CYS189; A:CYS190; A:TYR194; B:TRP54; B:THR105; B:ASN106; B:VAL107; B:LEU108; B:GLN116; B:LEU118,C212; C213; L131; L141; N129; Q139; S172; T128; V130; W171; W77; Y115; Y210; Y217,0,True,False,14ad408ff2da248d728eb3f12a0d9157a04c94a40de97e72a5d2c5d4e03c40b3,True,receipt rc0+ok+cached=False+hash match,out/met_E4pOH_1S2R__amine_cation__ortho_8V82_s20240603.pdbqt,met_E4pOH_1S2R__amine_cation__ortho_8V82_s20240603.pdbqt
main,E4pOH_1S2R,amine_cation,ortho,8V8A,20240601,1,-5.943,19,20,,off_site,in_EPJ_site,EPJ_pocket,31.93,24.13,11.89,2.03,0.0,0,14,2.49,0,4.554,0,EPJ:A,0.78,0.917,A:TYR92; A:TRP148; A:SER149; A:TYR187; A:CYS189; A:CYS190; A:TYR194; B:TRP54; B:THR105; B:ASN106; B:VAL107; B:LEU108; B:GLN116; B:LEU118,C212; C213; L131; L141; N129; Q139; S172; T128; V130; W171; W77; Y115; Y210; Y217,0,True,False,1a48cc47c5401f53b1481c7b4e302d1e674766eef63c4d7a92af706907383ada,True,receipt rc0+ok+cached=False+hash match,out/met_E4pOH_1S2R__amine_cation__ortho_8V8A_s20240601.pdbqt,met_E4pOH_1S2R__amine_cation__ortho_8V8A_s20240601.pdbqt
main,E4pOH_1S2R,amine_cation,ortho,8V8A,20240602,1,-5.95,20,20,,off_site,in_EPJ_site,EPJ_pocket,31.93,24.15,11.89,2.032,0.0,0,14,2.47,0,4.564,0,EPJ:A,0.78,0.917,A:TYR92; A:TRP148; A:SER149; A:TYR187; A:CYS189; A:CYS190; A:TYR194; B:TRP54; B:THR105; B:ASN106; B:VAL107; B:LEU108; B:GLN116; B:LEU118,C212; C213; L131; L141; N129; Q139; S172; T128; V130; W171; W77; Y115; Y210; Y217,0,True,False,eecc19043df2e28d3893b0513e3273921f50bb68b999906892ebeda1ffb25472,True,receipt rc0+ok+cached=False+hash match,out/met_E4pOH_1S2R__amine_cation__ortho_8V8A_s20240602.pdbqt,met_E4pOH_1S2R__amine_cation__ortho_8V8A_s20240602.pdbqt
main,E4pOH_1S2R,amine_cation,ortho,8V8A,20240603,1,-5.936,20,20,,off_site,in_EPJ_site,EPJ_pocket,31.94,24.14,11.89,2.031,0.0,0,14,2.49,0,4.553,0,EPJ:A,0.78,0.917,A:TYR92; A:TRP148; A:SER149; A:TYR187; A:CYS189; A:CYS190; A:TYR194; B:TRP54; B:THR105; B:ASN106; B:VAL107; B:LEU108; B:GLN116; B:LEU118,C212; C213; L131; L141; N129; Q139; S172; T128; V130; W171; W77; Y115; Y210; Y217,0,True,False,b126545240e45d2475b3d2dcae3cafb57970634882c34787736372f1ad7f398a,True,receipt rc0+ok+cached=False+hash match,out/met_E4pOH_1S2R__amine_cation__ortho_8V8A_s20240603.pdbqt,met_E4pOH_1S2R__amine_cation__ortho_8V8A_s20240603.pdbqt
main,E4pOH_1S2R,amine_cation,outerpore,8V82,20240601,1,-6.465,20,20,,lateral_interface,in_I34_site,I34_pocket,-15.01,16.17,8.46,1.912,0.3,3,10,3.36,0,-0.023,1,I34:C,3.95,0.5,B:LEU246*; B:MET253*; B:ALA275; B:MET278; B:ILE279; C:ASN213; C:PRO217; C:LEU220; C:ILE221; C:PHE252*,A298; F275; I244; I302; L243; L269; M276; M301; N236; P240,0,True,False,139020c7964512cff033b49587a6524d475433848dfcea9f3802c07e83f26a06,True,receipt rc0+ok+cached=False+hash match,out/met_E4pOH_1S2R__amine_cation__outerpore_8V82_s20240601.pdbqt,met_E4pOH_1S2R__amine_cation__outerpore_8V82_s20240601.pdbqt
main,E4pOH_1S2R,amine_cation,outerpore,8V82,20240602,1,-6.507,20,20,,lateral_interface,in_I34_site,I34_pocket,-14.92,16.07,8.12,1.979,0.333,3,9,3.35,0,0.05,0,I34:C,3.88,0.429,B:LEU246*; B:MET253*; B:MET278; B:ILE279; C:ASN213; C:PRO217; C:LEU220; C:ILE221; C:PHE252*,F275; I244; I302; L243; L269; M276; M301; N236; P240,0,True,False,558d0edefe9d4016bfa7982ad2784995c0f51b9cde22e44472c77d1b06062eaa,True,receipt rc0+ok+cached=False+hash match,out/met_E4pOH_1S2R__amine_cation__outerpore_8V82_s20240602.pdbqt,met_E4pOH_1S2R__amine_cation__outerpore_8V82_s20240602.pdbqt
main,E4pOH_1S2R,amine_cation,outerpore,8V82,20240603,1,-6.505,20,20,,lateral_interface,in_I34_site,I34_pocket,-14.92,16.08,8.12,1.98,0.333,3,9,3.39,0,-0.003,1,I34:C,3.87,0.429,B:LEU246*; B:MET253*; B:MET278; B:ILE279; C:ASN213; C:PRO217; C:LEU220; C:ILE221; C:PHE252*,F275; I244; I302; L243; L269; M276; M301; N236; P240,0,True,False,96fccc99f7f323122f4c9433ca61dd8e644978182ac2eab3024ff2f44577de0c,True,receipt rc0+ok+cached=False+hash match,out/met_E4pOH_1S2R__amine_cation__outerpore_8V82_s20240603.pdbqt,met_E4pOH_1S2R__amine_cation__outerpore_8V82_s20240603.pdbqt
main,E4pOH_1S2R,amine_cation,outerpore,8V8A,20240601,1,-6.087,20,20,,lateral_interface,in_I34_site,I34_pocket,-14.89,15.49,8.09,1.914,0.3,3,10,3.32,0,0.337,0,I34:D,3.82,0.615,C:THR250*; C:MET253*; C:MET278; C:ILE279; D:LEU212; D:ASN213; D:PRO217; D:LEU220; D:ILE221; D:PHE252*,F275; I244; I302; L235; L243; M276; M301; N236; P240; T273,0,True,False,40c3180547c8986b28034f75ee48d8b760d629c9bc09217c9923e000a249bb3d,True,receipt rc0+ok+cached=False+hash match,out/met_E4pOH_1S2R__amine_cation__outerpore_8V8A_s20240601.pdbqt,met_E4pOH_1S2R__amine_cation__outerpore_8V8A_s20240601.pdbqt
main,E4pOH_1S2R,amine_cation,outerpore,8V8A,20240602,1,-5.593,20,20,,lateral_interface,adjacent_to_I34_site,other_interface,-4.27,9.62,6.49,1.482,0.455,5,11,3.0,0,1.544,0,I34:A,9.95,0.154,A:TYR209; A:TYR210; A:ASN213; A:LEU214; A:LEU255*; A:GLU258*; A:ILE259; E:LYS45; E:LEU254*; E:ALA257*; E:GLU258*,A280; E281; I282; K68; L237; L277; L278; N236; Y232; Y233,0,True,False,a87cbaabeaa72806bf8b06ae57d5d542050c86f1746e8fd974e277648fe2314d,True,receipt rc0+ok+cached=False+hash match,out/met_E4pOH_1S2R__amine_cation__outerpore_8V8A_s20240602.pdbqt,met_E4pOH_1S2R__amine_cation__outerpore_8V8A_s20240602.pdbqt
main,E4pOH_1S2R,amine_cation,outerpore,8V8A,20240603,1,-6.084,20,20,,lateral_interface,in_I34_site,I34_pocket,-14.94,15.58,8.09,1.924,0.3,3,10,3.35,0,0.202,0,I34:D,3.85,0.615,C:THR250*; C:MET253*; C:MET278; C:ILE279; D:LEU212; D:ASN213; D:PRO217; D:LEU220; D:ILE221; D:PHE252*,F275; I244; I302; L235; L243; M276; M301; N236; P240; T273,0,True,False,f270f29619a9f6c015541fc161940219d11699bda9bb747f7c02ae18f6cda47b,True,receipt rc0+ok+cached=False+hash match,out/met_E4pOH_1S2R__amine_cation__outerpore_8V8A_s20240603.pdbqt,met_E4pOH_1S2R__amine_cation__outerpore_8V8A_s20240603.pdbqt
main,EGLUC_1R2S,zwitterion_carboxylate_ammonium,lateral_I34,8V82,20240601,1,-6.718,20,20,,lateral_interface,in_I34_site,I34_pocket,-14.1,16.88,8.12,2.078,0.308,4,13,2.82,0,2.563,0,I34:A,3.08,0.714,A:LEU212; A:ASN213; A:ILE216; A:PRO217; A:LEU220; A:ILE221; A:PHE252*; E:THR250*; E:MET253*; E:LEU254*; E:ALA275; E:MET278; E:ILE279,A298; F275; I239; I244; I302; L235; L243; L277; M276; M301; N236; P240; T273,0,True,False,37ef69e97c6ed8d6bd5c134fca96d96eb20b4eb1e81df2858de80d569f0c45da,True,receipt rc0+ok+cached=False+hash match,out/met_EGLUC_1R2S__zwitterion_carboxylate_ammonium__lateral_I34_8V82_s20240601.pdbqt,met_EGLUC_1R2S__zwitterion_carboxylate_ammonium__lateral_I34_8V82_s20240601.pdbqt
main,EGLUC_1R2S,zwitterion_carboxylate_ammonium,lateral_I34,8V82,20240602,1,-6.725,20,20,,lateral_interface,in_I34_site,I34_pocket,-14.08,16.88,8.12,2.079,0.308,4,13,2.81,0,2.577,0,I34:A,3.05,0.714,A:LEU212; A:ASN213; A:ILE216; A:PRO217; A:LEU220; A:ILE221; A:PHE252*; E:THR250*; E:MET253*; E:LEU254*; E:ALA275; E:MET278; E:ILE279,A298; F275; I239; I244; I302; L235; L243; L277; M276; M301; N236; P240; T273,0,True,False,f7a6e121e92ef5cc58416eb1d07035c9c0ef2d71f4922803e75161cf4ac5c135,True,receipt rc0+ok+cached=False+hash match,out/met_EGLUC_1R2S__zwitterion_carboxylate_ammonium__lateral_I34_8V82_s20240602.pdbqt,met_EGLUC_1R2S__zwitterion_carboxylate_ammonium__lateral_I34_8V82_s20240602.pdbqt
main,EGLUC_1R2S,zwitterion_carboxylate_ammonium,lateral_I34,8V82,20240603,1,-6.745,20,20,,lateral_interface,in_I34_site,I34_pocket,-14.1,16.86,8.12,2.076,0.308,4,13,2.82,0,2.578,0,I34:A,3.07,0.714,A:LEU212; A:ASN213; A:ILE216; A:PRO217; A:LEU220; A:ILE221; A:PHE252*; E:THR250*; E:MET253*; E:LEU254*; E:ALA275; E:MET278; E:ILE279,A298; F275; I239; I244; I302; L235; L243; L277; M276; M301; N236; P240; T273,0,True,False,53a331fa3b1a34d86b638b64534b3d366c8b737eda2fe09697d9bd383ffa980c,True,receipt rc0+ok+cached=False+hash match,out/met_EGLUC_1R2S__zwitterion_carboxylate_ammonium__lateral_I34_8V82_s20240603.pdbqt,met_EGLUC_1R2S__zwitterion_carboxylate_ammonium__lateral_I34_8V82_s20240603.pdbqt
main,EGLUC_1R2S,zwitterion_carboxylate_ammonium,lateral_I34,8V8A,20240601,1,-5.411,20,20,,lateral_interface,in_I34_site,I34_pocket,-14.08,23.44,8.09,2.896,0.1,1,10,3.16,0,1.228,0,I34:A,7.76,0.462,A:LEU212; A:ILE216; A:PRO217; A:LEU220; E:MET253*; E:VAL267; E:ALA271; E:GLN272; E:ALA275; E:ILE279,A294; A298; I239; I302; L235; L243; M276; P240; Q295; V290,0,True,False,0599fe126ad2e4739b9593be381a33b4fa9c6bd954ffefd2c1c25c2c51bbb4e0,True,receipt rc0+ok+cached=False+hash match,out/met_EGLUC_1R2S__zwitterion_carboxylate_ammonium__lateral_I34_8V8A_s20240601.pdbqt,met_EGLUC_1R2S__zwitterion_carboxylate_ammonium__lateral_I34_8V8A_s20240601.pdbqt
main,EGLUC_1R2S,zwitterion_carboxylate_ammonium,lateral_I34,8V8A,20240602,1,-5.348,20,20,,lateral_interface,in_I34_site,I34_pocket,-12.38,25.35,6.83,3.713,0.0,0,7,3.01,0,0.475,0,I34:A,9.37,0.308,A:LEU212; E:VAL267; E:ALA271; E:GLN272; E:ALA275; E:SER276; E:ILE463,A294; A298; I486; L235; Q295; S299; V290,0,True,False,e1d1750fc3881778dc29cce3310337773c6ec1801073b298174ad6bd09c2b9a7,True,receipt rc0+ok+cached=False+hash match,out/met_EGLUC_1R2S__zwitterion_carboxylate_ammonium__lateral_I34_8V8A_s20240602.pdbqt,met_EGLUC_1R2S__zwitterion_carboxylate_ammonium__lateral_I34_8V8A_s20240602.pdbqt
main,EGLUC_1R2S,zwitterion_carboxylate_ammonium,lateral_I34,8V8A,20240603,1,-5.406,20,20,,lateral_interface,in_I34_site,I34_pocket,-14.07,23.43,8.09,2.894,0.1,1,10,3.15,0,1.262,0,I34:A,7.74,0.462,A:LEU212; A:ILE216; A:PRO217; A:LEU220; E:MET253*; E:VAL267; E:ALA271; E:GLN272; E:ALA275; E:ILE279,A294; A298; I239; I302; L235; L243; M276; P240; Q295; V290,0,True,False,ea001ca6e19291e40d5017ed07be6bbc7e1dfce3d6de357e97fb561da5fc3443,True,receipt rc0+ok+cached=False+hash match,out/met_EGLUC_1R2S__zwitterion_carboxylate_ammonium__lateral_I34_8V8A_s20240603.pdbqt,met_EGLUC_1R2S__zwitterion_carboxylate_ammonium__lateral_I34_8V8A_s20240603.pdbqt
main,EGLUC_1R2S,zwitterion_carboxylate_ammonium,midpore,8V82,20240601,1,-6.892,20,20,search_space_gt_27000,pore_lumen,away_from_I34_site,pore_lumen,-25.37,1.29,5.37,0.24,1.0,8,8,2.74,0,6.239,0,I34:B,20.9,0.0,A:SER240*; A:ILE243*; A:THR244*; B:SER240*; B:THR244*; C:SER240*; C:THR244*; E:THR244*,I266; S263; T267,0,True,False,7cbc632ac8859f3361361225cbed1b436b0016f2e1250d5313a9b224d84867e1,True,receipt rc0+ok+cached=False+hash match,out/met_EGLUC_1R2S__zwitterion_carboxylate_ammonium__midpore_8V82_s20240601.pdbqt,met_EGLUC_1R2S__zwitterion_carboxylate_ammonium__midpore_8V82_s20240601.pdbqt
main,EGLUC_1R2S,zwitterion_carboxylate_ammonium,midpore,8V82,20240602,1,-6.906,20,20,search_space_gt_27000,pore_lumen,away_from_I34_site,pore_lumen,-25.37,1.28,5.37,0.238,1.0,8,8,2.71,0,6.259,0,I34:B,20.91,0.0,A:SER240*; A:ILE243*; A:THR244*; B:SER240*; B:THR244*; C:SER240*; C:THR244*; E:THR244*,I266; S263; T267,0,True,False,99afa637df42c3c8b2acb1cc1f1021b099982f09cf78c25470e067c563946b84,True,receipt rc0+ok+cached=False+hash match,out/met_EGLUC_1R2S__zwitterion_carboxylate_ammonium__midpore_8V82_s20240602.pdbqt,met_EGLUC_1R2S__zwitterion_carboxylate_ammonium__midpore_8V82_s20240602.pdbqt
main,EGLUC_1R2S,zwitterion_carboxylate_ammonium,midpore,8V82,20240603,1,-6.899,20,20,search_space_gt_27000,pore_lumen,away_from_I34_site,pore_lumen,-25.36,1.29,5.37,0.24,1.0,8,8,2.7,0,6.246,0,I34:B,20.9,0.0,A:SER240*; A:ILE243*; A:THR244*; B:SER240*; B:THR244*; C:SER240*; C:THR244*; E:THR244*,I266; S263; T267,0,True,False,a6227d51cc759061454f7d391ec298b6041aaa14f6b8e231c7343b162fac2132,True,receipt rc0+ok+cached=False+hash match,out/met_EGLUC_1R2S__zwitterion_carboxylate_ammonium__midpore_8V82_s20240603.pdbqt,met_EGLUC_1R2S__zwitterion_carboxylate_ammonium__midpore_8V82_s20240603.pdbqt
main,EGLUC_1R2S,zwitterion_carboxylate_ammonium,midpore,8V8A,20240601,1,-6.914,20,20,search_space_gt_27000,pore_lumen,away_from_I34_site,pore_lumen,-30.12,0.52,4.78,0.108,0.824,14,17,2.9,0,1.205,0,I34:E,24.61,0.0,A:GLU237*; A:SER240*; B:GLU237*; B:SER240*; B:ILE243*; B:THR244*; C:GLY236; C:SER240*; C:THR244*; D:GLY236; D:GLU237*; D:SER240*; D:THR244*; E:GLY236; E:GLU237*; E:SER240*; E:THR244*,E260; G259; I266; S263; T267,0,True,False,14bf159ddb7ec68adf90719a668fdfc7c391639c30f8ddd7a6cd26dd6468735a,True,receipt rc0+ok+cached=False+hash match,out/met_EGLUC_1R2S__zwitterion_carboxylate_ammonium__midpore_8V8A_s20240601.pdbqt,met_EGLUC_1R2S__zwitterion_carboxylate_ammonium__midpore_8V8A_s20240601.pdbqt
main,EGLUC_1R2S,zwitterion_carboxylate_ammonium,midpore,8V8A,20240602,1,-7.124,20,20,search_space_gt_27000,pore_lumen,away_from_I34_site,pore_lumen,-30.21,0.57,4.78,0.12,0.765,13,17,2.88,0,1.102,0,I34:C,24.63,0.0,A:GLY236; A:SER240*; A:THR244*; B:GLY236; B:GLU237*; B:SER240*; B:THR244*; C:GLY236; C:GLU237*; C:SER240*; C:THR244*; D:GLY236; D:GLU237*; D:SER240*; E:GLU237*; E:SER240*; E:THR244*,E260; G259; S263; T267,0,True,False,7d7faaa78018ea4c9cb2df9248117c1b4ac05847ae23642224a4f9426f4c06e5,True,receipt rc0+ok+cached=False+hash match,out/met_EGLUC_1R2S__zwitterion_carboxylate_ammonium__midpore_8V8A_s20240602.pdbqt,met_EGLUC_1R2S__zwitterion_carboxylate_ammonium__midpore_8V8A_s20240602.pdbqt
main,EGLUC_1R2S,zwitterion_carboxylate_ammonium,midpore,8V8A,20240603,1,-7.086,20,20,search_space_gt_27000,pore_lumen,away_from_I34_site,pore_lumen,-30.16,0.48,4.78,0.101,0.812,13,16,2.97,0,1.163,0,I34:C,24.65,0.0,A:GLY236; A:SER240*; A:THR244*; B:GLY236; B:GLU237*; B:SER240*; B:THR244*; C:GLY236; C:GLU237*; C:SER240*; C:THR244*; D:GLU237*; D:SER240*; E:GLU237*; E:SER240*; E:THR244*,E260; G259; S263; T267,0,True,False,92dc56bcd4f0ebbd9c7f21a62ef42453194a9fd7ffddf59bd5f163cf3bb53712,True,receipt rc0+ok+cached=False+hash match,out/met_EGLUC_1R2S__zwitterion_carboxylate_ammonium__midpore_8V8A_s20240603.pdbqt,met_EGLUC_1R2S__zwitterion_carboxylate_ammonium__midpore_8V8A_s20240603.pdbqt
main,EGLUC_1R2S,zwitterion_carboxylate_ammonium,ortho,8V82,20240601,1,1.661,6,20,,off_site,in_EPJ_site,EPJ_pocket,31.01,25.15,11.72,2.145,0.0,0,17,2.22,0,3.928,0,EPJ:A,0.87,1.0,A:TYR92; A:TRP148; A:SER149; A:TYR187; A:CYS189; A:CYS190; A:TYR194; B:TRP54; B:GLN56; B:THR105; B:ASN106; B:VAL107; B:LEU108; B:GLN116; B:TYR117; B:LEU118; B:ASP163,C212; C213; D186; L131; L141; N129; Q139; Q79; S172; T128; V130; W171; W77; Y115; Y140; Y210; Y217,0,True,False,63dc4cb113383386854c5eed9951acb54187977aebec8982fee2fd498a2f0e57,True,receipt rc0+ok+cached=False+hash match,out/met_EGLUC_1R2S__zwitterion_carboxylate_ammonium__ortho_8V82_s20240601.pdbqt,met_EGLUC_1R2S__zwitterion_carboxylate_ammonium__ortho_8V82_s20240601.pdbqt
main,EGLUC_1R2S,zwitterion_carboxylate_ammonium,ortho,8V82,20240602,1,1.622,5,20,,off_site,in_EPJ_site,EPJ_pocket,30.99,25.2,11.72,2.149,0.0,0,17,2.25,0,3.923,0,EPJ:A,0.88,1.0,A:TYR92; A:TRP148; A:SER149; A:TYR187; A:CYS189; A:CYS190; A:TYR194; B:TRP54; B:GLN56; B:THR105; B:ASN106; B:VAL107; B:LEU108; B:GLN116; B:TYR117; B:LEU118; B:ASP163,C212; C213; D186; L131; L141; N129; Q139; Q79; S172; T128; V130; W171; W77; Y115; Y140; Y210; Y217,0,True,False,2ac86a18d37cae1a3131d3b25d000a342618b1026dfe61b1c89aabbef718addf,True,receipt rc0+ok+cached=False+hash match,out/met_EGLUC_1R2S__zwitterion_carboxylate_ammonium__ortho_8V82_s20240602.pdbqt,met_EGLUC_1R2S__zwitterion_carboxylate_ammonium__ortho_8V82_s20240602.pdbqt
main,EGLUC_1R2S,zwitterion_carboxylate_ammonium,ortho,8V82,20240603,1,-1.668,1,20,,off_site,adjacent_to_EPJ_site,other_interface,38.24,30.53,10.41,2.932,0.0,0,15,2.51,0,-0.162,6,EPJ:A,9.61,0.455,A:TRP153; A:CYS189; A:CYS190; A:LYS191; A:GLU192; A:TYR194; B:LYS75; B:THR76; B:ARG78; B:LEU108; B:VAL109; B:ASN110; B:HIS114; B:CYS115; B:GLN116,C138; C212; C213; E215; H137; K214; K98; L131; N133; Q139; R101; T99; V132; W176; Y217,0,True,False,4b84009928d071ed422ed16c12ed41dfff5788fa3de561a640cb08d3d6f0bcb5,True,receipt rc0+ok+cached=False+hash match,out/met_EGLUC_1R2S__zwitterion_carboxylate_ammonium__ortho_8V82_s20240603.pdbqt,met_EGLUC_1R2S__zwitterion_carboxylate_ammonium__ortho_8V82_s20240603.pdbqt
main,EGLUC_1R2S,zwitterion_carboxylate_ammonium,ortho,8V8A,20240601,1,-1.835,6,20,,off_site,adjacent_to_EPJ_site,other_interface,37.83,31.4,10.25,3.063,0.0,0,10,2.57,0,-0.165,7,EPJ:A,10.43,0.333,A:TRP153; A:CYS189; A:CYS190; A:LYS191; A:GLU192; B:THR76; B:LEU108; B:ASN110; B:HIS114; B:GLN116,C212; C213; E215; H137; K214; L131; N133; Q139; T99; W176,0,True,False,39c28d2908dc349bfa4ea754194fb4608480a31aa1208f0bb52af5d080e60d65,True,receipt rc0+ok+cached=False+hash match,out/met_EGLUC_1R2S__zwitterion_carboxylate_ammonium__ortho_8V8A_s20240601.pdbqt,met_EGLUC_1R2S__zwitterion_carboxylate_ammonium__ortho_8V8A_s20240601.pdbqt
main,EGLUC_1R2S,zwitterion_carboxylate_ammonium,ortho,8V8A,20240602,1,-3.06,2,20,,off_site,adjacent_to_EPJ_site,other_interface,38.21,31.1,11.13,2.794,0.0,0,13,2.37,0,-0.164,4,EPJ:A,10.13,0.417,A:TRP153; A:CYS189; A:CYS190; A:LYS191; A:GLU192; A:TYR194; B:LYS75; B:THR76; B:LEU108; B:ASN110; B:HIS114; B:CYS115; B:GLN116,C138; C212; C213; E215; H137; K214; K98; L131; N133; Q139; T99; W176; Y217,0,True,False,cc2b9b078f0b0b932347c93d35348035ed7bbee76a7eac5a872c8de607e0b31b,True,receipt rc0+ok+cached=False+hash match,out/met_EGLUC_1R2S__zwitterion_carboxylate_ammonium__ortho_8V8A_s20240602.pdbqt,met_EGLUC_1R2S__zwitterion_carboxylate_ammonium__ortho_8V8A_s20240602.pdbqt
main,EGLUC_1R2S,zwitterion_carboxylate_ammonium,ortho,8V8A,20240603,1,-3.693,2,20,,off_site,adjacent_to_EPJ_site,other_interface,39.41,30.68,10.2,3.009,0.0,0,11,2.66,0,-0.165,5,EPJ:A,10.72,0.25,A:TRP153; A:CYS190; A:LYS191; A:GLU192; B:LYS75; B:THR76; B:LEU108; B:ASN110; B:HIS114; B:CYS115; B:GLN116,C138; C213; E215; H137; K214; K98; L131; N133; Q139; T99; W176,0,True,False,41ca386952da1ddc617489065ff4df811874bf0e492901ef3d922e24a4545f3f,True,receipt rc0+ok+cached=False+hash match,out/met_EGLUC_1R2S__zwitterion_carboxylate_ammonium__ortho_8V8A_s20240603.pdbqt,met_EGLUC_1R2S__zwitterion_carboxylate_ammonium__ortho_8V8A_s20240603.pdbqt
main,EGLUC_1R2S,zwitterion_carboxylate_ammonium,outerpore,8V82,20240601,1,-6.119,20,20,,pore_lumen,adjacent_to_I34_site,pore_lumen,-15.28,3.93,8.46,0.465,1.0,11,11,2.88,0,0.945,0,I34:C,13.75,0.214,A:LEU247*; A:THR250*; A:VAL251*; A:LEU254*; B:LEU247*; B:SER248*; B:THR250*; B:VAL251*; B:LEU254*; C:SER248*; C:VAL251*,L270; L277; S271; T273; V274,0,True,False,4a6bf880186dd6f0a9b8e4caeaaf9c2f32cbfddf86dc843bac05068b01be2e6d,True,receipt rc0+ok+cached=False+hash match,out/met_EGLUC_1R2S__zwitterion_carboxylate_ammonium__outerpore_8V82_s20240601.pdbqt,met_EGLUC_1R2S__zwitterion_carboxylate_ammonium__outerpore_8V82_s20240601.pdbqt
main,EGLUC_1R2S,zwitterion_carboxylate_ammonium,outerpore,8V82,20240602,1,-6.115,20,20,,pore_lumen,adjacent_to_I34_site,pore_lumen,-15.23,3.95,8.46,0.467,1.0,11,11,2.81,0,0.952,0,I34:B,13.72,0.214,A:LEU247*; A:SER248*; A:THR250*; A:VAL251*; A:LEU254*; B:SER248*; B:VAL251*; E:LEU247*; E:THR250*; E:VAL251*; E:LEU254*,L270; L277; S271; T273; V274,0,True,False,b7658b3acf5e84181e0955e7567664b9781f0ca7d539ade61f597354799aa3be,True,receipt rc0+ok+cached=False+hash match,out/met_EGLUC_1R2S__zwitterion_carboxylate_ammonium__outerpore_8V82_s20240602.pdbqt,met_EGLUC_1R2S__zwitterion_carboxylate_ammonium__outerpore_8V82_s20240602.pdbqt
main,EGLUC_1R2S,zwitterion_carboxylate_ammonium,outerpore,8V82,20240603,1,-6.148,20,20,,pore_lumen,adjacent_to_I34_site,pore_lumen,-15.28,3.95,8.46,0.467,1.0,11,11,2.82,0,0.93,0,I34:C,13.75,0.214,A:LEU247*; A:THR250*; A:VAL251*; A:LEU254*; B:LEU247*; B:SER248*; B:THR250*; B:VAL251*; B:LEU254*; C:SER248*; C:VAL251*,L270; L277; S271; T273; V274,0,True,False,87c562ed4b3573be95b81d338e083eb0d79ffca0d639314de5e2e98ae2d2eead,True,receipt rc0+ok+cached=False+hash match,out/met_EGLUC_1R2S__zwitterion_carboxylate_ammonium__outerpore_8V82_s20240603.pdbqt,met_EGLUC_1R2S__zwitterion_carboxylate_ammonium__outerpore_8V82_s20240603.pdbqt
main,EGLUC_1R2S,zwitterion_carboxylate_ammonium,outerpore,8V8A,20240601,1,-5.97,20,20,,pore_lumen,adjacent_to_I34_site,pore_lumen,-15.32,3.67,8.25,0.445,1.0,11,11,2.88,0,0.926,0,I34:B,13.76,0.154,A:LEU247*; A:SER248*; A:THR250*; A:VAL251*; A:LEU254*; B:SER248*; B:VAL251*; E:LEU247*; E:THR250*; E:VAL251*; E:LEU254*,L270; L277; S271; T273; V274,0,True,False,c9c2dd6ffdee90c4e3a95ef2328ec64a175005fbcb6a306e172ae24a64f46cce,True,receipt rc0+ok+cached=False+hash match,out/met_EGLUC_1R2S__zwitterion_carboxylate_ammonium__outerpore_8V8A_s20240601.pdbqt,met_EGLUC_1R2S__zwitterion_carboxylate_ammonium__outerpore_8V8A_s20240601.pdbqt
main,EGLUC_1R2S,zwitterion_carboxylate_ammonium,outerpore,8V8A,20240602,1,-5.946,20,20,,pore_lumen,adjacent_to_I34_site,pore_lumen,-15.32,3.69,8.25,0.447,1.0,11,11,2.85,0,0.934,0,I34:B,13.75,0.154,A:LEU247*; A:SER248*; A:THR250*; A:VAL251*; A:LEU254*; B:SER248*; B:VAL251*; E:LEU247*; E:THR250*; E:VAL251*; E:LEU254*,L270; L277; S271; T273; V274,0,True,False,c02e681a58c685f9c23db188a1e9c6225034ad58f4b4aec3784fd995e06be508,True,receipt rc0+ok+cached=False+hash match,out/met_EGLUC_1R2S__zwitterion_carboxylate_ammonium__outerpore_8V8A_s20240602.pdbqt,met_EGLUC_1R2S__zwitterion_carboxylate_ammonium__outerpore_8V8A_s20240602.pdbqt
main,EGLUC_1R2S,zwitterion_carboxylate_ammonium,outerpore,8V8A,20240603,1,-6.03,20,20,,pore_lumen,adjacent_to_I34_site,pore_lumen,-15.32,3.74,8.25,0.453,1.0,11,11,2.83,0,0.943,0,I34:C,13.74,0.154,A:LEU247*; A:THR250*; A:VAL251*; A:LEU254*; B:LEU247*; B:SER248*; B:THR250*; B:VAL251*; B:LEU254*; C:SER248*; C:VAL251*,L270; L277; S271; T273; V274,0,True,False,90f438b55795c3a6907e100e14b4a9a70bd0d1b9bc35db23ee5187fba6e2b023,True,receipt rc0+ok+cached=False+hash match,out/met_EGLUC_1R2S__zwitterion_carboxylate_ammonium__outerpore_8V8A_s20240603.pdbqt,met_EGLUC_1R2S__zwitterion_carboxylate_ammonium__outerpore_8V8A_s20240603.pdbqt
main,EGLUC_1S2R,zwitterion_carboxylate_ammonium,lateral_I34,8V82,20240601,1,-5.725,20,20,,lateral_interface,in_I34_site,I34_pocket,-13.7,21.26,7.41,2.867,0.083,1,12,2.9,0,3.577,0,I34:A,5.5,0.5,A:LEU212; A:ASN213; A:ILE216; A:PRO217; A:LEU220; E:MET253*; E:VAL267; E:GLN272; E:PHE274; E:ALA275; E:MET278; E:ILE279,A298; F297; I239; I302; L235; L243; M276; M301; N236; P240; Q295; V290,0,True,False,16a1cd8b8d54afc6e902c2f53ff04fb1d532611e90c3bea1961d9ad76d92df3f,True,receipt rc0+ok+cached=False+hash match,out/met_EGLUC_1S2R__zwitterion_carboxylate_ammonium__lateral_I34_8V82_s20240601.pdbqt,met_EGLUC_1S2R__zwitterion_carboxylate_ammonium__lateral_I34_8V82_s20240601.pdbqt
main,EGLUC_1S2R,zwitterion_carboxylate_ammonium,lateral_I34,8V82,20240602,1,-5.714,20,20,,lateral_interface,in_I34_site,I34_pocket,-13.72,21.22,7.41,2.863,0.083,1,12,2.91,0,3.545,0,I34:A,5.48,0.5,A:LEU212; A:ASN213; A:ILE216; A:PRO217; A:LEU220; E:MET253*; E:VAL267; E:GLN272; E:PHE274; E:ALA275; E:MET278; E:ILE279,A298; F297; I239; I302; L235; L243; M276; M301; N236; P240; Q295; V290,0,True,False,d649b1d82f6472e5ec8cf3fb23edc249e981cef3bff4f49989a321b38da1d819,True,receipt rc0+ok+cached=False+hash match,out/met_EGLUC_1S2R__zwitterion_carboxylate_ammonium__lateral_I34_8V82_s20240602.pdbqt,met_EGLUC_1S2R__zwitterion_carboxylate_ammonium__lateral_I34_8V82_s20240602.pdbqt
main,EGLUC_1S2R,zwitterion_carboxylate_ammonium,lateral_I34,8V82,20240603,1,-5.738,20,20,,lateral_interface,in_I34_site,I34_pocket,-13.69,21.23,7.41,2.863,0.083,1,12,2.89,0,3.548,0,I34:A,5.48,0.5,A:LEU212; A:ASN213; A:ILE216; A:PRO217; A:LEU220; E:MET253*; E:VAL267; E:GLN272; E:PHE274; E:ALA275; E:MET278; E:ILE279,A298; F297; I239; I302; L235; L243; M276; M301; N236; P240; Q295; V290,0,True,False,b88a69fbcbb3070f74985d361f6e248b46b42742484943f79cef455a799e0959,True,receipt rc0+ok+cached=False+hash match,out/met_EGLUC_1S2R__zwitterion_carboxylate_ammonium__lateral_I34_8V82_s20240603.pdbqt,met_EGLUC_1S2R__zwitterion_carboxylate_ammonium__lateral_I34_8V82_s20240603.pdbqt
main,EGLUC_1S2R,zwitterion_carboxylate_ammonium,lateral_I34,8V8A,20240601,1,-5.935,20,20,,lateral_interface,in_I34_site,I34_pocket,-12.41,22.62,6.83,3.313,0.091,1,11,3.17,0,1.54,0,I34:A,6.57,0.538,A:LEU212; A:ASN213; A:ILE216; A:PRO217; A:LEU220; E:MET253*; E:VAL267; E:ALA271; E:GLN272; E:ALA275; E:ILE279,A294; A298; I239; I302; L235; L243; M276; N236; P240; Q295; V290,0,True,False,86d05115e72fa5285f51ae58424230c86d7f391cf8ea6472316d859be6860e7c,True,receipt rc0+ok+cached=False+hash match,out/met_EGLUC_1S2R__zwitterion_carboxylate_ammonium__lateral_I34_8V8A_s20240601.pdbqt,met_EGLUC_1S2R__zwitterion_carboxylate_ammonium__lateral_I34_8V8A_s20240601.pdbqt
main,EGLUC_1S2R,zwitterion_carboxylate_ammonium,lateral_I34,8V8A,20240602,1,-5.864,20,20,,lateral_interface,in_I34_site,I34_pocket,-12.5,22.45,6.83,3.289,0.091,1,11,3.0,0,1.692,0,I34:A,6.44,0.538,A:LEU212; A:ASN213; A:ILE216; A:PRO217; A:LEU220; E:MET253*; E:VAL267; E:ALA271; E:GLN272; E:ALA275; E:ILE279,A294; A298; I239; I302; L235; L243; M276; N236; P240; Q295; V290,0,True,False,9232ca253db4d1f79f14fd9f42f5e2f7a1e5d99473344b3f077cc81582673b36,True,receipt rc0+ok+cached=False+hash match,out/met_EGLUC_1S2R__zwitterion_carboxylate_ammonium__lateral_I34_8V8A_s20240602.pdbqt,met_EGLUC_1S2R__zwitterion_carboxylate_ammonium__lateral_I34_8V8A_s20240602.pdbqt
main,EGLUC_1S2R,zwitterion_carboxylate_ammonium,lateral_I34,8V8A,20240603,1,-5.883,20,20,,lateral_interface,in_I34_site,I34_pocket,-12.47,22.58,6.83,3.307,0.091,1,11,3.15,0,1.526,0,I34:A,6.55,0.538,A:LEU212; A:ASN213; A:ILE216; A:PRO217; A:LEU220; E:MET253*; E:VAL267; E:ALA271; E:GLN272; E:ALA275; E:ILE279,A294; A298; I239; I302; L235; L243; M276; N236; P240; Q295; V290,0,True,False,152aadc489226ca7de1f0dd2f877e0203e937c6bba436777b62b44bdb7c26537,True,receipt rc0+ok+cached=False+hash match,out/met_EGLUC_1S2R__zwitterion_carboxylate_ammonium__lateral_I34_8V8A_s20240603.pdbqt,met_EGLUC_1S2R__zwitterion_carboxylate_ammonium__lateral_I34_8V8A_s20240603.pdbqt
main,EGLUC_1S2R,zwitterion_carboxylate_ammonium,midpore,8V82,20240601,1,-7.833,20,20,search_space_gt_27000,pore_lumen,away_from_I34_site,pore_lumen,-30.11,0.29,4.22,0.068,0.778,14,18,2.78,0,1.369,0,I34:D,24.95,0.0,A:SER240*; A:THR244*; B:GLY236; B:GLU237*; B:SER240*; B:THR244*; C:GLY236; C:GLU237*; C:SER240*; C:THR244*; D:GLY236; D:GLU237*; D:SER240*; D:ILE243*; D:THR244*; E:GLY236; E:GLU237*; E:SER240*,E260; G259; I266; S263; T267,0,True,False,511d6f791c6389dc3cdc3e79dfd153a85550964b1046d9fad4e94273bae2ff6d,True,receipt rc0+ok+cached=False+hash match,out/met_EGLUC_1S2R__zwitterion_carboxylate_ammonium__midpore_8V82_s20240601.pdbqt,met_EGLUC_1S2R__zwitterion_carboxylate_ammonium__midpore_8V82_s20240601.pdbqt
main,EGLUC_1S2R,zwitterion_carboxylate_ammonium,midpore,8V82,20240602,1,-7.805,20,20,search_space_gt_27000,pore_lumen,away_from_I34_site,pore_lumen,-30.04,0.75,4.22,0.178,0.789,15,19,2.7,0,1.474,0,I34:B,24.58,0.0,A:GLY236; A:GLU237*; A:SER240*; A:THR244*; B:GLY236; B:GLU237*; B:SER240*; B:ILE243*; B:THR244*; C:GLY236; C:GLU237*; C:SER240*; C:THR244*; D:GLY236; D:SER240*; E:GLU237*; E:SER240*; E:ILE243*; E:THR244*,E260; G259; I266; S263; T267,0,True,False,e73c5280c61fb4787c0664757fb04b1a1b95a889bd6333c3b657e9ec159a1f0c,True,receipt rc0+ok+cached=False+hash match,out/met_EGLUC_1S2R__zwitterion_carboxylate_ammonium__midpore_8V82_s20240602.pdbqt,met_EGLUC_1S2R__zwitterion_carboxylate_ammonium__midpore_8V82_s20240602.pdbqt
main,EGLUC_1S2R,zwitterion_carboxylate_ammonium,midpore,8V82,20240603,1,-7.78,20,20,search_space_gt_27000,pore_lumen,away_from_I34_site,pore_lumen,-30.05,0.74,4.22,0.176,0.789,15,19,2.7,0,1.462,0,I34:B,24.59,0.0,A:GLY236; A:GLU237*; A:SER240*; A:THR244*; B:GLY236; B:GLU237*; B:SER240*; B:ILE243*; B:THR244*; C:GLY236; C:GLU237*; C:SER240*; C:THR244*; D:GLY236; D:SER240*; E:GLU237*; E:SER240*; E:ILE243*; E:THR244*,E260; G259; I266; S263; T267,0,True,False,ea3a02b9d6747c23bc31ee800724d3c61b5e96e7ed0bcd9db288f8a5cee28a95,True,receipt rc0+ok+cached=False+hash match,out/met_EGLUC_1S2R__zwitterion_carboxylate_ammonium__midpore_8V82_s20240603.pdbqt,met_EGLUC_1S2R__zwitterion_carboxylate_ammonium__midpore_8V82_s20240603.pdbqt
main,EGLUC_1S2R,zwitterion_carboxylate_ammonium,midpore,8V8A,20240601,1,-7.068,20,20,search_space_gt_27000,pore_lumen,away_from_I34_site,pore_lumen,-30.01,0.31,4.78,0.065,0.737,14,19,2.7,0,1.833,0,I34:B,24.68,0.0,A:GLY236; A:GLU237*; A:SER240*; A:THR244*; B:GLY236; B:GLU237*; B:SER240*; B:THR244*; C:GLY236; C:GLU237*; C:SER240*; C:ILE243*; C:THR244*; D:GLY236; D:THR244*; E:GLY236; E:GLU237*; E:SER240*; E:THR244*,E260; G259; I266; S263; T267,0,True,False,8749b91ec520bdfba29dde2c77858daac53146a350a9c7e7d6003c6e5c289049,True,receipt rc0+ok+cached=False+hash match,out/met_EGLUC_1S2R__zwitterion_carboxylate_ammonium__midpore_8V8A_s20240601.pdbqt,met_EGLUC_1S2R__zwitterion_carboxylate_ammonium__midpore_8V8A_s20240601.pdbqt
main,EGLUC_1S2R,zwitterion_carboxylate_ammonium,midpore,8V8A,20240602,1,-7.104,20,20,search_space_gt_27000,pore_lumen,away_from_I34_site,pore_lumen,-30.02,0.37,4.78,0.078,0.737,14,19,2.67,0,1.845,0,I34:B,24.65,0.0,A:GLY236; A:GLU237*; A:SER240*; A:THR244*; B:GLY236; B:GLU237*; B:SER240*; B:THR244*; C:GLY236; C:GLU237*; C:SER240*; C:ILE243*; C:THR244*; D:GLY236; D:THR244*; E:GLY236; E:GLU237*; E:SER240*; E:THR244*,E260; G259; I266; S263; T267,0,True,False,eacd2a9ebb7a8f754ae419e827120f46e6360c96117686fc9713731aba27ca17,True,receipt rc0+ok+cached=False+hash match,out/met_EGLUC_1S2R__zwitterion_carboxylate_ammonium__midpore_8V8A_s20240602.pdbqt,met_EGLUC_1S2R__zwitterion_carboxylate_ammonium__midpore_8V8A_s20240602.pdbqt
main,EGLUC_1S2R,zwitterion_carboxylate_ammonium,midpore,8V8A,20240603,1,-7.057,20,20,search_space_gt_27000,pore_lumen,away_from_I34_site,pore_lumen,-30.03,0.35,4.78,0.073,0.778,14,18,2.66,0,1.791,0,I34:C,24.68,0.0,A:GLY236; A:GLU237*; A:SER240*; A:THR244*; B:GLY236; B:GLU237*; B:SER240*; B:THR244*; C:GLY236; C:GLU237*; C:SER240*; C:THR244*; D:GLY236; D:GLU237*; D:SER240*; D:ILE243*; D:THR244*; E:THR244*,E260; G259; I266; S263; T267,0,True,False,0e3b36c5ae8bae5c26aea8bbbbc25cc6d5d4c236ec1f2c9639a29017895bdfa3,True,receipt rc0+ok+cached=False+hash match,out/met_EGLUC_1S2R__zwitterion_carboxylate_ammonium__midpore_8V8A_s20240603.pdbqt,met_EGLUC_1S2R__zwitterion_carboxylate_ammonium__midpore_8V8A_s20240603.pdbqt
main,EGLUC_1S2R,zwitterion_carboxylate_ammonium,ortho,8V82,20240601,1,-2.04,9,20,,off_site,in_EPJ_site,EPJ_pocket,30.63,25.24,11.72,2.153,0.0,0,17,2.38,0,2.931,0,EPJ:A,1.22,1.0,A:TYR92; A:TRP148; A:SER149; A:TYR187; A:GLU188; A:CYS189; A:CYS190; A:TYR194; B:SER35; B:TRP54; B:GLN56; B:THR105; B:ASN106; B:LEU108; B:GLN116; B:TYR117; B:LEU118,C212; C213; E211; L131; L141; N129; Q139; Q79; S172; S58; T128; W171; W77; Y115; Y140; Y210; Y217,0,True,False,aeb17d2dcbc7d37ab92ceaddc500b9b16a9779cf1c5b3e40aa319ed9b3acffb4,True,receipt rc0+ok+cached=False+hash match,out/met_EGLUC_1S2R__zwitterion_carboxylate_ammonium__ortho_8V82_s20240601.pdbqt,met_EGLUC_1S2R__zwitterion_carboxylate_ammonium__ortho_8V82_s20240601.pdbqt
main,EGLUC_1S2R,zwitterion_carboxylate_ammonium,ortho,8V82,20240602,1,-2.004,9,20,,off_site,in_EPJ_site,EPJ_pocket,30.63,25.24,11.72,2.153,0.0,0,17,2.38,0,2.923,0,EPJ:A,1.22,1.0,A:TYR92; A:TRP148; A:SER149; A:TYR187; A:GLU188; A:CYS189; A:CYS190; A:TYR194; B:SER35; B:TRP54; B:GLN56; B:THR105; B:ASN106; B:LEU108; B:GLN116; B:TYR117; B:LEU118,C212; C213; E211; L131; L141; N129; Q139; Q79; S172; S58; T128; W171; W77; Y115; Y140; Y210; Y217,0,True,False,599a7ddb8da4a46e84954e4c57682f9c7b3de0c3ed92e1125922ae66eb894a95,True,receipt rc0+ok+cached=False+hash match,out/met_EGLUC_1S2R__zwitterion_carboxylate_ammonium__ortho_8V82_s20240602.pdbqt,met_EGLUC_1S2R__zwitterion_carboxylate_ammonium__ortho_8V82_s20240602.pdbqt
main,EGLUC_1S2R,zwitterion_carboxylate_ammonium,ortho,8V82,20240603,1,-2.016,11,20,,off_site,in_EPJ_site,EPJ_pocket,30.63,25.24,11.72,2.153,0.0,0,17,2.38,0,2.932,0,EPJ:A,1.22,1.0,A:TYR92; A:TRP148; A:SER149; A:TYR187; A:GLU188; A:CYS189; A:CYS190; A:TYR194; B:SER35; B:TRP54; B:GLN56; B:THR105; B:ASN106; B:LEU108; B:GLN116; B:TYR117; B:LEU118,C212; C213; E211; L131; L141; N129; Q139; Q79; S172; S58; T128; W171; W77; Y115; Y140; Y210; Y217,0,True,False,d1ae589910c566a7ceb5c5a9bcbf88000a87d851ceb638cb39376b72582a5b37,True,receipt rc0+ok+cached=False+hash match,out/met_EGLUC_1S2R__zwitterion_carboxylate_ammonium__ortho_8V82_s20240603.pdbqt,met_EGLUC_1S2R__zwitterion_carboxylate_ammonium__ortho_8V82_s20240603.pdbqt
main,EGLUC_1S2R,zwitterion_carboxylate_ammonium,ortho,8V8A,20240601,1,-3.553,6,20,,off_site,adjacent_to_EPJ_site,other_interface,39.06,30.5,10.2,2.99,0.0,0,11,2.75,0,-0.164,5,EPJ:A,10.52,0.333,A:TRP153; A:CYS190; A:LYS191; A:GLU192; A:TYR194; B:THR76; B:LEU108; B:ASN110; B:HIS114; B:CYS115; B:GLN116,C138; C213; E215; H137; K214; L131; N133; Q139; T99; W176; Y217,0,True,False,9f48ed35c138194e0e86a7fa6712f0c1f135892ff4b1a8195086ceaa21be401e,True,receipt rc0+ok+cached=False+hash match,out/met_EGLUC_1S2R__zwitterion_carboxylate_ammonium__ortho_8V8A_s20240601.pdbqt,met_EGLUC_1S2R__zwitterion_carboxylate_ammonium__ortho_8V8A_s20240601.pdbqt
main,EGLUC_1S2R,zwitterion_carboxylate_ammonium,ortho,8V8A,20240602,1,-3.805,2,20,,off_site,adjacent_to_EPJ_site,other_interface,39.17,30.86,10.2,3.027,0.0,0,13,2.71,0,-0.165,3,EPJ:A,10.5,0.417,A:TRP153; A:CYS189; A:CYS190; A:LYS191; A:GLU192; A:TYR194; B:LYS75; B:THR76; B:LEU108; B:ASN110; B:HIS114; B:CYS115; B:GLN116,C138; C212; C213; E215; H137; K214; K98; L131; N133; Q139; T99; W176; Y217,0,True,False,59a468aa1ac171c9b2e1b5704c4967bff78db41157b28f7bd36dd042777fcee4,True,receipt rc0+ok+cached=False+hash match,out/met_EGLUC_1S2R__zwitterion_carboxylate_ammonium__ortho_8V8A_s20240602.pdbqt,met_EGLUC_1S2R__zwitterion_carboxylate_ammonium__ortho_8V8A_s20240602.pdbqt
main,EGLUC_1S2R,zwitterion_carboxylate_ammonium,ortho,8V8A,20240603,1,-1.844,5,20,,off_site,adjacent_to_EPJ_site,other_interface,37.82,30.95,10.25,3.019,0.0,0,11,2.61,0,-0.165,4,EPJ:A,10.54,0.333,A:CYS189; A:CYS190; A:LYS191; B:SER58; B:THR76; B:LEU108; B:VAL109; B:ASN110; B:HIS114; B:CYS115; B:GLN116,C138; C212; C213; H137; K214; L131; N133; Q139; S81; T99; V132,0,True,False,ed844799486f3907d739a4046f59cf55af65ccf34d2e9ed3d86787d9c7f216ae,True,receipt rc0+ok+cached=False+hash match,out/met_EGLUC_1S2R__zwitterion_carboxylate_ammonium__ortho_8V8A_s20240603.pdbqt,met_EGLUC_1S2R__zwitterion_carboxylate_ammonium__ortho_8V8A_s20240603.pdbqt
main,EGLUC_1S2R,zwitterion_carboxylate_ammonium,outerpore,8V82,20240601,1,-6.113,20,20,,pore_lumen,adjacent_to_I34_site,pore_lumen,-15.09,3.98,8.46,0.471,1.0,12,12,2.74,0,1.692,0,I34:E,13.11,0.214,C:THR250*; C:LEU254*; D:LEU247*; D:SER248*; D:THR250*; D:VAL251*; D:LEU254*; E:LEU247*; E:SER248*; E:THR250*; E:VAL251*; E:LEU254*,L270; L277; S271; T273; V274,0,True,False,72c6805e6a61a684ef5bebf337ba82b3a9c683734905b399d56930f0d4311165,True,receipt rc0+ok+cached=False+hash match,out/met_EGLUC_1S2R__zwitterion_carboxylate_ammonium__outerpore_8V82_s20240601.pdbqt,met_EGLUC_1S2R__zwitterion_carboxylate_ammonium__outerpore_8V82_s20240601.pdbqt
main,EGLUC_1S2R,zwitterion_carboxylate_ammonium,outerpore,8V82,20240602,1,-6.062,20,20,,pore_lumen,adjacent_to_I34_site,pore_lumen,-15.15,3.96,8.46,0.468,1.0,12,12,2.75,0,1.612,0,I34:C,13.14,0.214,A:THR250*; A:LEU254*; B:LEU247*; B:SER248*; B:THR250*; B:VAL251*; B:LEU254*; C:LEU247*; C:SER248*; C:THR250*; C:VAL251*; C:LEU254*,L270; L277; S271; T273; V274,0,True,False,a2d30bd3dbdc4351aece4b1a346af2028ede5415e209cc13f57e34fe5863ff8c,True,receipt rc0+ok+cached=False+hash match,out/met_EGLUC_1S2R__zwitterion_carboxylate_ammonium__outerpore_8V82_s20240602.pdbqt,met_EGLUC_1S2R__zwitterion_carboxylate_ammonium__outerpore_8V82_s20240602.pdbqt
main,EGLUC_1S2R,zwitterion_carboxylate_ammonium,outerpore,8V82,20240603,1,-5.794,20,20,,pore_lumen,adjacent_to_I34_site,pore_lumen,-14.02,3.55,8.12,0.437,1.0,12,12,2.74,0,1.806,0,I34:B,13.31,0.214,A:LEU247*; A:SER248*; A:THR250*; A:VAL251*; A:LEU254*; B:LEU247*; B:SER248*; B:THR250*; B:VAL251*; B:LEU254*; E:THR250*; E:LEU254*,L270; L277; S271; T273; V274,0,True,False,504c90fb385a51ffed4af6991c7e6ef768cdbdc592c4c274d11c627d015b7e14,True,receipt rc0+ok+cached=False+hash match,out/met_EGLUC_1S2R__zwitterion_carboxylate_ammonium__outerpore_8V82_s20240603.pdbqt,met_EGLUC_1S2R__zwitterion_carboxylate_ammonium__outerpore_8V82_s20240603.pdbqt
main,EGLUC_1S2R,zwitterion_carboxylate_ammonium,outerpore,8V8A,20240601,1,-6.094,20,20,,pore_lumen,adjacent_to_I34_site,pore_lumen,-14.08,3.46,8.09,0.427,1.0,12,12,2.83,0,1.876,0,I34:D,13.19,0.154,B:THR250*; B:LEU254*; C:LEU247*; C:SER248*; C:THR250*; C:VAL251*; C:LEU254*; D:LEU247*; D:SER248*; D:THR250*; D:VAL251*; D:LEU254*,L270; L277; S271; T273; V274,0,True,False,27c45f047e7106261d5db2018e1e40d66246074f167f679f779c0f7b1865960e,True,receipt rc0+ok+cached=False+hash match,out/met_EGLUC_1S2R__zwitterion_carboxylate_ammonium__outerpore_8V8A_s20240601.pdbqt,met_EGLUC_1S2R__zwitterion_carboxylate_ammonium__outerpore_8V8A_s20240601.pdbqt
main,EGLUC_1S2R,zwitterion_carboxylate_ammonium,outerpore,8V8A,20240602,1,-6.028,20,20,,pore_lumen,adjacent_to_I34_site,pore_lumen,-13.87,3.33,7.68,0.434,1.0,12,12,2.75,0,2.006,0,I34:D,13.25,0.154,B:THR250*; B:LEU254*; C:LEU247*; C:SER248*; C:THR250*; C:VAL251*; C:LEU254*; D:LEU247*; D:THR250*; D:VAL251*; D:LEU254*; D:GLU258*,E281; L270; L277; S271; T273; V274,0,True,False,75e37ec101c924343b7e8198a8a5a7f2fe34a979bc052f2d83e659ea218ee8a3,True,receipt rc0+ok+cached=False+hash match,out/met_EGLUC_1S2R__zwitterion_carboxylate_ammonium__outerpore_8V8A_s20240602.pdbqt,met_EGLUC_1S2R__zwitterion_carboxylate_ammonium__outerpore_8V8A_s20240602.pdbqt
main,EGLUC_1S2R,zwitterion_carboxylate_ammonium,outerpore,8V8A,20240603,1,-6.031,20,20,,pore_lumen,adjacent_to_I34_site,pore_lumen,-13.9,3.36,7.68,0.437,1.0,12,12,2.76,0,1.996,0,I34:D,13.24,0.154,B:THR250*; B:LEU254*; C:LEU247*; C:SER248*; C:THR250*; C:VAL251*; C:LEU254*; D:LEU247*; D:THR250*; D:VAL251*; D:LEU254*; D:GLU258*,E281; L270; L277; S271; T273; V274,0,True,False,920d471eb58be0246f8472a14a9df066b8e71dd8598f76c556ceb8ff37c69fb4,True,receipt rc0+ok+cached=False+hash match,out/met_EGLUC_1S2R__zwitterion_carboxylate_ammonium__outerpore_8V8A_s20240603.pdbqt,met_EGLUC_1S2R__zwitterion_carboxylate_ammonium__outerpore_8V8A_s20240603.pdbqt
main,EHB_1R2S,amine_cation,lateral_I34,8V82,20240601,1,-6.119,20,20,,lateral_interface,in_I34_site,I34_pocket,-15.2,18.04,8.46,2.133,0.111,1,9,3.14,0,1.897,0,I34:A,4.44,0.429,A:LEU212; A:ILE216; A:PRO217; A:LEU220; A:ILE221; E:MET253*; E:ALA275; E:MET278; E:ILE279,A298; I239; I244; I302; L235; L243; M276; M301; P240,0,True,False,70e743049436f82cf2c812a9233a068962af26cba922bc0ec9d0352dc2db5185,True,receipt rc0+ok+cached=False+hash match,out/met_EHB_1R2S__amine_cation__lateral_I34_8V82_s20240601.pdbqt,met_EHB_1R2S__amine_cation__lateral_I34_8V82_s20240601.pdbqt
main,EHB_1R2S,amine_cation,lateral_I34,8V82,20240602,1,-6.106,20,20,,lateral_interface,in_I34_site,I34_pocket,-15.21,18.09,8.46,2.14,0.111,1,9,3.14,0,1.906,0,I34:A,4.46,0.429,A:LEU212; A:ILE216; A:PRO217; A:LEU220; A:ILE221; E:MET253*; E:ALA275; E:MET278; E:ILE279,A298; I239; I244; I302; L235; L243; M276; M301; P240,0,True,False,6f66adf76c41b46ed5dd2c6932ae6a4ce02f7665dc0a34117667e48d367c5c4a,True,receipt rc0+ok+cached=False+hash match,out/met_EHB_1R2S__amine_cation__lateral_I34_8V82_s20240602.pdbqt,met_EHB_1R2S__amine_cation__lateral_I34_8V82_s20240602.pdbqt
main,EHB_1R2S,amine_cation,lateral_I34,8V82,20240603,1,-6.078,20,20,,lateral_interface,in_I34_site,I34_pocket,-15.21,18.02,8.46,2.131,0.2,2,10,3.1,0,1.831,0,I34:A,4.44,0.429,A:LEU212; A:ILE216; A:PRO217; A:LEU220; A:ILE221; E:LEU246*; E:MET253*; E:ALA275; E:MET278; E:ILE279,A298; I239; I244; I302; L235; L243; L269; M276; M301; P240,0,True,False,9ef7f4bca115eacdebb4a1ff0db2e03e90062f85c53f4fb494ca310132a4d7e2,True,receipt rc0+ok+cached=False+hash match,out/met_EHB_1R2S__amine_cation__lateral_I34_8V82_s20240603.pdbqt,met_EHB_1R2S__amine_cation__lateral_I34_8V82_s20240603.pdbqt
main,EHB_1R2S,amine_cation,lateral_I34,8V8A,20240601,1,-5.915,20,20,,lateral_interface,in_I34_site,I34_pocket,-15.57,17.99,8.25,2.181,0.2,2,10,3.2,0,1.873,0,I34:A,4.71,0.462,A:LEU212; A:ILE216; A:PRO217; A:LEU220; A:ILE221; E:LEU246*; E:MET253*; E:ALA275; E:MET278; E:ILE279,A298; I239; I244; I302; L235; L243; L269; M276; M301; P240,0,True,False,bea02104d7a82aeb0e01e5d187fff4cc1e59e8c26f190529b26e673f24597967,True,receipt rc0+ok+cached=False+hash match,out/met_EHB_1R2S__amine_cation__lateral_I34_8V8A_s20240601.pdbqt,met_EHB_1R2S__amine_cation__lateral_I34_8V8A_s20240601.pdbqt
main,EHB_1R2S,amine_cation,lateral_I34,8V8A,20240602,1,-6.017,20,20,,lateral_interface,in_I34_site,I34_pocket,-13.29,20.2,7.68,2.632,0.1,1,10,3.03,0,4.256,0,I34:A,4.47,0.538,A:LEU212; A:ILE216; A:PRO217; A:LEU220; E:MET253*; E:VAL267; E:ALA271; E:ALA275; E:MET278; E:ILE279,A294; A298; I239; I302; L235; L243; M276; M301; P240; V290,0,True,False,5c344d3d00f6b1422525a86614454bfaf3d59f1b1c9ff3951ccd29e49ebf13b8,True,receipt rc0+ok+cached=False+hash match,out/met_EHB_1R2S__amine_cation__lateral_I34_8V8A_s20240602.pdbqt,met_EHB_1R2S__amine_cation__lateral_I34_8V8A_s20240602.pdbqt
main,EHB_1R2S,amine_cation,lateral_I34,8V8A,20240603,1,-6.033,20,20,,lateral_interface,in_I34_site,I34_pocket,-13.32,20.24,7.68,2.637,0.1,1,10,3.0,0,4.261,0,I34:A,4.51,0.538,A:LEU212; A:ILE216; A:PRO217; A:LEU220; E:MET253*; E:VAL267; E:ALA271; E:ALA275; E:MET278; E:ILE279,A294; A298; I239; I302; L235; L243; M276; M301; P240; V290,0,True,False,e29c1287cb58d1e8d1006acc87ed4b522ea7cf5a76b7acc581f7303a2265c277,True,receipt rc0+ok+cached=False+hash match,out/met_EHB_1R2S__amine_cation__lateral_I34_8V8A_s20240603.pdbqt,met_EHB_1R2S__amine_cation__lateral_I34_8V8A_s20240603.pdbqt
main,EHB_1R2S,amine_cation,midpore,8V82,20240601,1,-6.419,20,20,search_space_gt_27000,lateral_interface,adjacent_to_I34_site,other_interface,-19.06,18.05,7.69,2.347,0.111,1,9,2.98,0,-0.077,1,I34:C,8.15,0.214,B:LEU246*; B:MET278; B:ILE279; B:GLY282; B:LEU283; C:PRO217; C:LEU220; C:ILE221; C:LEU224,G305; I244; I302; L243; L247; L269; L306; M301; P240,0,True,False,40d400bbbcab58e8642b6746e43219259ca1572c8fc09cc4da963749b99fde1f,True,receipt rc0+ok+cached=False+hash match,out/met_EHB_1R2S__amine_cation__midpore_8V82_s20240601.pdbqt,met_EHB_1R2S__amine_cation__midpore_8V82_s20240601.pdbqt
main,EHB_1R2S,amine_cation,midpore,8V82,20240602,1,-6.13,19,20,search_space_gt_27000,lateral_interface,in_I34_site,I34_pocket,-17.83,17.9,7.69,2.327,0.182,2,11,3.3,0,0.194,0,I34:C,6.91,0.429,B:LEU246*; B:MET253*; B:ALA275; B:MET278; B:ILE279; B:GLY282; C:LEU212; C:PRO217; C:LEU220; C:ILE221; C:LEU224,A298; G305; I244; I302; L235; L243; L247; L269; M276; M301; P240,0,True,False,9bb824c5cafc88bac42b59ec9d59c73d597aa84934513f45190a3551c6655e2f,True,receipt rc0+ok+cached=False+hash match,out/met_EHB_1R2S__amine_cation__midpore_8V82_s20240602.pdbqt,met_EHB_1R2S__amine_cation__midpore_8V82_s20240602.pdbqt
main,EHB_1R2S,amine_cation,midpore,8V82,20240603,1,-6.153,20,20,search_space_gt_27000,lateral_interface,in_I34_site,I34_pocket,-17.75,17.87,7.69,2.324,0.182,2,11,3.3,0,0.288,0,I34:C,6.82,0.429,B:LEU246*; B:MET253*; B:ALA275; B:MET278; B:ILE279; B:GLY282; C:LEU212; C:PRO217; C:LEU220; C:ILE221; C:LEU224,A298; G305; I244; I302; L235; L243; L247; L269; M276; M301; P240,0,True,False,78e6a9211ce564fb4e63f0e2ccea4627cc911a6b2865708e2a9352f5936385f8,True,receipt rc0+ok+cached=False+hash match,out/met_EHB_1R2S__amine_cation__midpore_8V82_s20240603.pdbqt,met_EHB_1R2S__amine_cation__midpore_8V82_s20240603.pdbqt
main,EHB_1R2S,amine_cation,midpore,8V8A,20240601,1,-6.173,20,20,search_space_gt_27000,lateral_interface,in_I34_site,I34_pocket,-19.7,17.93,7.69,2.332,0.1,1,10,3.31,0,0.09,0,I34:D,8.69,0.308,C:LEU246*; C:ALA275; C:MET278; C:ILE279; C:GLY282; C:VAL286; D:PRO217; D:LEU220; D:ILE221; D:LEU224,A298; G305; I244; I302; L243; L247; L269; M301; P240; V309,0,True,False,26234c1ebc835c2c1c1a09284a7a22b450bb86021709fc857a59003202103001,True,receipt rc0+ok+cached=False+hash match,out/met_EHB_1R2S__amine_cation__midpore_8V8A_s20240601.pdbqt,met_EHB_1R2S__amine_cation__midpore_8V8A_s20240601.pdbqt
main,EHB_1R2S,amine_cation,midpore,8V8A,20240602,1,-6.215,20,20,search_space_gt_27000,lateral_interface,in_I34_site,I34_pocket,-17.99,17.83,7.77,2.294,0.182,2,11,2.88,0,-0.055,1,I34:D,6.98,0.385,C:LEU246*; C:MET253*; C:ALA275; C:MET278; C:ILE279; C:GLY282; D:ILE216; D:PRO217; D:LEU220; D:ILE221; D:LEU224,A298; G305; I239; I244; I302; L243; L247; L269; M276; M301; P240,0,True,False,b6b73f02c56f4dc23586adfb22516d500bc411e3e84bc5d34a879d36726b5f3b,True,receipt rc0+ok+cached=False+hash match,out/met_EHB_1R2S__amine_cation__midpore_8V8A_s20240602.pdbqt,met_EHB_1R2S__amine_cation__midpore_8V8A_s20240602.pdbqt
main,EHB_1R2S,amine_cation,midpore,8V8A,20240603,1,-6.465,20,20,search_space_gt_27000,lateral_interface,adjacent_to_I34_site,other_interface,-19.3,17.79,7.69,2.313,0.111,1,9,2.97,0,0.109,0,I34:D,8.26,0.231,C:LEU246*; C:MET278; C:ILE279; C:GLY282; C:LEU283; D:PRO217; D:LEU220; D:ILE221; D:LEU224,G305; I244; I302; L243; L247; L269; L306; M301; P240,0,True,False,7c3d8ddfc1079c7a0ca685c316b6ab7209748a735319bfd480ce7e013d9e8de2,True,receipt rc0+ok+cached=False+hash match,out/met_EHB_1R2S__amine_cation__midpore_8V8A_s20240603.pdbqt,met_EHB_1R2S__amine_cation__midpore_8V8A_s20240603.pdbqt
main,EHB_1R2S,amine_cation,ortho,8V82,20240601,1,-7.322,14,20,,off_site,in_EPJ_site,EPJ_pocket,31.58,24.46,11.78,2.077,0.0,0,13,2.91,0,4.81,0,EPJ:A,0.72,1.0,A:TYR92; A:TRP148; A:SER149; A:TYR187; A:CYS189; A:CYS190; A:TYR194; B:TRP54; B:THR105; B:ASN106; B:LEU108; B:GLN116; B:LEU118,C212; C213; L131; L141; N129; Q139; S172; T128; W171; W77; Y115; Y210; Y217,0,True,False,102dab6b94a5af541861aa1a7244fd1a4a60f8355f7fce2e7de8ba975a8137f3,True,receipt rc0+ok+cached=False+hash match,out/met_EHB_1R2S__amine_cation__ortho_8V82_s20240601.pdbqt,met_EHB_1R2S__amine_cation__ortho_8V82_s20240601.pdbqt
main,EHB_1R2S,amine_cation,ortho,8V82,20240602,1,-7.314,15,20,,off_site,in_EPJ_site,EPJ_pocket,31.58,24.45,11.78,2.076,0.0,0,13,2.9,0,4.828,0,EPJ:A,0.72,1.0,A:TYR92; A:TRP148; A:SER149; A:TYR187; A:CYS189; A:CYS190; A:TYR194; B:TRP54; B:THR105; B:ASN106; B:LEU108; B:GLN116; B:LEU118,C212; C213; L131; L141; N129; Q139; S172; T128; W171; W77; Y115; Y210; Y217,0,True,False,6ed8831c13bf3f84974d75c61f3c39cd2977f613e0744d4aa3b6aa58e0c8e20d,True,receipt rc0+ok+cached=False+hash match,out/met_EHB_1R2S__amine_cation__ortho_8V82_s20240602.pdbqt,met_EHB_1R2S__amine_cation__ortho_8V82_s20240602.pdbqt
main,EHB_1R2S,amine_cation,ortho,8V82,20240603,1,-7.279,13,20,,off_site,in_EPJ_site,EPJ_pocket,31.58,24.44,11.78,2.075,0.0,0,13,2.89,0,4.807,0,EPJ:A,0.71,1.0,A:TYR92; A:TRP148; A:SER149; A:TYR187; A:CYS189; A:CYS190; A:TYR194; B:TRP54; B:THR105; B:ASN106; B:LEU108; B:GLN116; B:LEU118,C212; C213; L131; L141; N129; Q139; S172; T128; W171; W77; Y115; Y210; Y217,0,True,False,d5d574941dbad8180b4c66adc01d2a1325fff4f39cd95d5a7d8a56203880d3c4,True,receipt rc0+ok+cached=False+hash match,out/met_EHB_1R2S__amine_cation__ortho_8V82_s20240603.pdbqt,met_EHB_1R2S__amine_cation__ortho_8V82_s20240603.pdbqt
main,EHB_1R2S,amine_cation,ortho,8V8A,20240601,1,-6.097,19,20,,off_site,in_EPJ_site,EPJ_pocket,31.9,24.17,11.89,2.034,0.0,0,13,2.69,0,4.574,0,EPJ:A,0.75,0.917,A:TYR92; A:TRP148; A:SER149; A:TYR187; A:CYS189; A:CYS190; A:TYR194; B:TRP54; B:THR105; B:ASN106; B:LEU108; B:GLN116; B:LEU118,C212; C213; L131; L141; N129; Q139; S172; T128; W171; W77; Y115; Y210; Y217,0,True,False,c2200352ebab6b54337d6470d63b0d9e761c30afc4ecb4cb4dc489ae3e0fa838,True,receipt rc0+ok+cached=False+hash match,out/met_EHB_1R2S__amine_cation__ortho_8V8A_s20240601.pdbqt,met_EHB_1R2S__amine_cation__ortho_8V8A_s20240601.pdbqt
main,EHB_1R2S,amine_cation,ortho,8V8A,20240602,1,-6.094,20,20,,off_site,in_EPJ_site,EPJ_pocket,31.89,24.18,11.67,2.072,0.0,0,13,2.69,0,4.592,0,EPJ:A,0.73,0.917,A:TYR92; A:TRP148; A:SER149; A:TYR187; A:CYS189; A:CYS190; A:TYR194; B:TRP54; B:THR105; B:ASN106; B:LEU108; B:GLN116; B:LEU118,C212; C213; L131; L141; N129; Q139; S172; T128; W171; W77; Y115; Y210; Y217,0,True,False,50e0350102a3bd755bd4cf3b96826da55ede7cc3485ca2cfd48c40e648682614,True,receipt rc0+ok+cached=False+hash match,out/met_EHB_1R2S__amine_cation__ortho_8V8A_s20240602.pdbqt,met_EHB_1R2S__amine_cation__ortho_8V8A_s20240602.pdbqt
main,EHB_1R2S,amine_cation,ortho,8V8A,20240603,1,-6.1,20,20,,off_site,in_EPJ_site,EPJ_pocket,31.89,24.17,11.89,2.033,0.0,0,13,2.71,0,4.573,0,EPJ:A,0.74,0.917,A:TYR92; A:TRP148; A:SER149; A:TYR187; A:CYS189; A:CYS190; A:TYR194; B:TRP54; B:THR105; B:ASN106; B:LEU108; B:GLN116; B:LEU118,C212; C213; L131; L141; N129; Q139; S172; T128; W171; W77; Y115; Y210; Y217,0,True,False,9082190a1d04e335dcb81c172c6474b8e70cd22c2bae07b857a6042533936020,True,receipt rc0+ok+cached=False+hash match,out/met_EHB_1R2S__amine_cation__ortho_8V8A_s20240603.pdbqt,met_EHB_1R2S__amine_cation__ortho_8V8A_s20240603.pdbqt
main,EHB_1R2S,amine_cation,outerpore,8V82,20240601,1,-5.973,20,20,,lateral_interface,adjacent_to_I34_site,other_interface,-3.37,11.94,6.23,1.917,0.333,3,9,2.86,0,0.394,0,I34:A,9.72,0.143,A:TYR209; A:TYR210; A:ASN213; A:LEU214; A:LEU255*; A:GLU258*; A:ILE259; E:LYS45; E:ALA257*,A280; E281; I282; K68; L237; L278; N236; Y232; Y233,0,True,False,27566ef8e813cca5411f8bb85a5bf37625b71f0ab9afb8320a0bfa2518f75138,True,receipt rc0+ok+cached=False+hash match,out/met_EHB_1R2S__amine_cation__outerpore_8V82_s20240601.pdbqt,met_EHB_1R2S__amine_cation__outerpore_8V82_s20240601.pdbqt
main,EHB_1R2S,amine_cation,outerpore,8V82,20240602,1,-6.212,20,20,,lateral_interface,in_I34_site,I34_pocket,-13.67,15.87,7.41,2.14,0.417,5,12,3.3,0,-0.048,1,I34:C,2.69,0.643,B:THR250*; B:MET253*; B:LEU254*; B:ALA275; B:MET278; B:ILE279; C:ASN213; C:PRO217; C:LEU220; C:ILE221; C:PHE252*; C:LEU255*,A298; F275; I244; I302; L243; L277; L278; M276; M301; N236; P240; T273,0,True,False,70f937420f0f80d88c425d5441f7218d9c4667d3417681b2cd14d2a00d65febb,True,receipt rc0+ok+cached=False+hash match,out/met_EHB_1R2S__amine_cation__outerpore_8V82_s20240602.pdbqt,met_EHB_1R2S__amine_cation__outerpore_8V82_s20240602.pdbqt
main,EHB_1R2S,amine_cation,outerpore,8V82,20240603,1,-6.191,20,20,,lateral_interface,in_I34_site,I34_pocket,-13.61,15.91,7.41,2.145,0.364,4,11,3.24,0,-0.087,1,I34:C,2.62,0.571,B:THR250*; B:MET253*; B:LEU254*; B:ALA275; B:MET278; B:ILE279; C:ASN213; C:PRO217; C:LEU220; C:ILE221; C:LEU255*,A298; I244; I302; L243; L277; L278; M276; M301; N236; P240; T273,0,True,False,8ed6305030be90fe62ab5993bfa54b85e63ee0eb63915987e5b5b1e71a88e27f,True,receipt rc0+ok+cached=False+hash match,out/met_EHB_1R2S__amine_cation__outerpore_8V82_s20240603.pdbqt,met_EHB_1R2S__amine_cation__outerpore_8V82_s20240603.pdbqt
main,EHB_1R2S,amine_cation,outerpore,8V8A,20240601,1,-5.304,20,20,,lateral_interface,adjacent_to_I34_site,other_interface,-2.72,9.87,7.54,1.309,0.5,5,10,2.99,0,0.035,0,I34:A,11.17,0.077,A:TYR209; A:TYR210; A:LEU214; A:LEU255*; A:GLU258*; A:ILE259; E:LYS45; E:LEU254*; E:ALA257*; E:GLU258*,A280; E281; I282; K68; L237; L277; L278; Y232; Y233,0,True,False,4bba5a5a9d7089b8c85623fc151058f32fbcbff7d9bcdb44ad2fda3a18a2f28c,True,receipt rc0+ok+cached=False+hash match,out/met_EHB_1R2S__amine_cation__outerpore_8V8A_s20240601.pdbqt,met_EHB_1R2S__amine_cation__outerpore_8V8A_s20240601.pdbqt
main,EHB_1R2S,amine_cation,outerpore,8V8A,20240602,1,-5.297,20,20,,lateral_interface,adjacent_to_I34_site,other_interface,-2.71,9.86,7.54,1.308,0.5,5,10,3.0,0,0.1,0,I34:D,11.17,0.077,C:LYS45; C:LEU254*; C:ALA257*; C:GLU258*; D:TYR209; D:TYR210; D:LEU214; D:LEU255*; D:GLU258*; D:ILE259,A280; E281; I282; K68; L237; L277; L278; Y232; Y233,0,True,False,54a89e2684b19266f9e015afd101b38722cd83102c95ab84fc618245a8c15bad,True,receipt rc0+ok+cached=False+hash match,out/met_EHB_1R2S__amine_cation__outerpore_8V8A_s20240602.pdbqt,met_EHB_1R2S__amine_cation__outerpore_8V8A_s20240602.pdbqt
main,EHB_1R2S,amine_cation,outerpore,8V8A,20240603,1,-5.175,20,20,,lateral_interface,adjacent_to_I34_site,other_interface,-2.63,9.81,7.67,1.278,0.5,5,10,3.01,0,0.015,0,I34:B,11.33,0.077,A:LYS45; A:LEU254*; A:ALA257*; A:GLU258*; B:TYR209; B:TYR210; B:LEU214; B:LEU255*; B:GLU258*; B:ILE259,A280; E281; I282; K68; L237; L277; L278; Y232; Y233,0,True,False,e551e95cabd9d8dcdc0fbf0a79a8169944fd9b1c5df66749a09fd5cbac81fd7c,True,receipt rc0+ok+cached=False+hash match,out/met_EHB_1R2S__amine_cation__outerpore_8V8A_s20240603.pdbqt,met_EHB_1R2S__amine_cation__outerpore_8V8A_s20240603.pdbqt
main,EHB_1S2R,amine_cation,lateral_I34,8V82,20240601,1,-6.491,20,20,,lateral_interface,in_I34_site,I34_pocket,-15.19,16.22,8.46,1.919,0.333,3,9,3.32,0,1.834,0,I34:A,4.14,0.429,A:ASN213; A:PRO217; A:LEU220; A:ILE221; A:PHE252*; E:LEU246*; E:MET253*; E:MET278; E:ILE279,F275; I244; I302; L243; L269; M276; M301; N236; P240,0,True,False,fbce8cd08bd12fd558f50a4e01abec55428bc286b2440bcd4d3767dad6eef80e,True,receipt rc0+ok+cached=False+hash match,out/met_EHB_1S2R__amine_cation__lateral_I34_8V82_s20240601.pdbqt,met_EHB_1S2R__amine_cation__lateral_I34_8V82_s20240601.pdbqt
main,EHB_1S2R,amine_cation,lateral_I34,8V82,20240602,1,-6.495,20,20,,lateral_interface,in_I34_site,I34_pocket,-15.14,16.22,8.46,1.919,0.333,3,9,3.39,0,1.869,0,I34:A,4.08,0.429,A:ASN213; A:PRO217; A:LEU220; A:ILE221; A:PHE252*; E:LEU246*; E:MET253*; E:MET278; E:ILE279,F275; I244; I302; L243; L269; M276; M301; N236; P240,0,True,False,51fe723fc0f6084601262e6d882117092ef4fead187c1f748441ed165cd67a7d,True,receipt rc0+ok+cached=False+hash match,out/met_EHB_1S2R__amine_cation__lateral_I34_8V82_s20240602.pdbqt,met_EHB_1S2R__amine_cation__lateral_I34_8V82_s20240602.pdbqt
main,EHB_1S2R,amine_cation,lateral_I34,8V82,20240603,1,-6.491,20,20,,lateral_interface,in_I34_site,I34_pocket,-15.19,16.27,8.46,1.924,0.333,3,9,3.4,0,1.855,0,I34:A,4.13,0.429,A:ASN213; A:PRO217; A:LEU220; A:ILE221; A:PHE252*; E:LEU246*; E:MET253*; E:MET278; E:ILE279,F275; I244; I302; L243; L269; M276; M301; N236; P240,0,True,False,58f794d6931c4e7dacdef9a05cfcefc18a572691c29151094c1e590937096481,True,receipt rc0+ok+cached=False+hash match,out/met_EHB_1S2R__amine_cation__lateral_I34_8V82_s20240603.pdbqt,met_EHB_1S2R__amine_cation__lateral_I34_8V82_s20240603.pdbqt
main,EHB_1S2R,amine_cation,lateral_I34,8V8A,20240601,1,-5.999,20,20,,lateral_interface,in_I34_site,I34_pocket,-15.18,15.86,8.25,1.923,0.333,3,9,3.24,0,1.927,0,I34:A,4.04,0.615,A:LEU212; A:ASN213; A:PRO217; A:LEU220; A:ILE221; A:PHE252*; E:THR250*; E:MET253*; E:MET278,F275; I244; L235; L243; M276; M301; N236; P240; T273,0,True,False,68b98a83a61e9f5674a11f16c5adf4314a871b191b7b87ab1989ca8af551a68b,True,receipt rc0+ok+cached=False+hash match,out/met_EHB_1S2R__amine_cation__lateral_I34_8V8A_s20240601.pdbqt,met_EHB_1S2R__amine_cation__lateral_I34_8V8A_s20240601.pdbqt
main,EHB_1S2R,amine_cation,lateral_I34,8V8A,20240602,1,-5.93,20,20,,lateral_interface,in_I34_site,I34_pocket,-15.15,15.99,8.25,1.939,0.333,3,9,3.25,0,1.891,0,I34:A,4.0,0.615,A:LEU212; A:ASN213; A:PRO217; A:LEU220; A:ILE221; A:PHE252*; E:THR250*; E:MET253*; E:MET278,F275; I244; L235; L243; M276; M301; N236; P240; T273,0,True,False,accace4b366bf18816ce2aa74c8407f369cc1225b956a48604d817309654272e,True,receipt rc0+ok+cached=False+hash match,out/met_EHB_1S2R__amine_cation__lateral_I34_8V8A_s20240602.pdbqt,met_EHB_1S2R__amine_cation__lateral_I34_8V8A_s20240602.pdbqt
main,EHB_1S2R,amine_cation,lateral_I34,8V8A,20240603,1,-5.937,20,20,,lateral_interface,in_I34_site,I34_pocket,-15.12,15.88,8.09,1.962,0.3,3,10,3.27,0,2.035,0,I34:A,3.98,0.615,A:LEU212; A:ASN213; A:PRO217; A:LEU220; A:ILE221; A:PHE252*; E:THR250*; E:MET253*; E:MET278; E:ILE279,F275; I244; I302; L235; L243; M276; M301; N236; P240; T273,0,True,False,4988264cd4cc2c4e7c2b862eca1935a0346fc3d709b1521f7629bb3d27a3cde6,True,receipt rc0+ok+cached=False+hash match,out/met_EHB_1S2R__amine_cation__lateral_I34_8V8A_s20240603.pdbqt,met_EHB_1S2R__amine_cation__lateral_I34_8V8A_s20240603.pdbqt
main,EHB_1S2R,amine_cation,midpore,8V82,20240601,1,-6.456,20,20,search_space_gt_27000,lateral_interface,in_I34_site,I34_pocket,-15.39,16.48,8.46,1.949,0.3,3,10,3.35,0,0.626,0,I34:C,4.31,0.5,B:LEU246*; B:MET253*; B:ALA275; B:MET278; B:ILE279; C:ASN213; C:PRO217; C:LEU220; C:ILE221; C:PHE252*,A298; F275; I244; I302; L243; L269; M276; M301; N236; P240,0,True,False,bafa93c6e5cd74368461425b37a0ef50725afd931ab56b455bac75f02925d331,True,receipt rc0+ok+cached=False+hash match,out/met_EHB_1S2R__amine_cation__midpore_8V82_s20240601.pdbqt,met_EHB_1S2R__amine_cation__midpore_8V82_s20240601.pdbqt
main,EHB_1S2R,amine_cation,midpore,8V82,20240602,1,-6.435,20,20,search_space_gt_27000,lateral_interface,in_I34_site,I34_pocket,-15.4,16.49,8.46,1.951,0.3,3,10,3.34,0,0.622,0,I34:C,4.33,0.5,B:LEU246*; B:MET253*; B:ALA275; B:MET278; B:ILE279; C:ASN213; C:PRO217; C:LEU220; C:ILE221; C:PHE252*,A298; F275; I244; I302; L243; L269; M276; M301; N236; P240,0,True,False,9f505e8585d400feddcd367b76d0b0067f16086fa0a8d05d90cc8ab251bf9cc1,True,receipt rc0+ok+cached=False+hash match,out/met_EHB_1S2R__amine_cation__midpore_8V82_s20240602.pdbqt,met_EHB_1S2R__amine_cation__midpore_8V82_s20240602.pdbqt
main,EHB_1S2R,amine_cation,midpore,8V82,20240603,1,-6.44,20,20,search_space_gt_27000,lateral_interface,in_I34_site,I34_pocket,-15.41,16.48,8.46,1.949,0.3,3,10,3.37,0,0.637,0,I34:C,4.34,0.5,B:LEU246*; B:MET253*; B:ALA275; B:MET278; B:ILE279; C:ASN213; C:PRO217; C:LEU220; C:ILE221; C:PHE252*,A298; F275; I244; I302; L243; L269; M276; M301; N236; P240,0,True,False,48bf1bcd730402a635c3c5c4be28ce358a6574652b822ff4d6eb2fc9cdaba208,True,receipt rc0+ok+cached=False+hash match,out/met_EHB_1S2R__amine_cation__midpore_8V82_s20240603.pdbqt,met_EHB_1S2R__amine_cation__midpore_8V82_s20240603.pdbqt
main,EHB_1S2R,amine_cation,midpore,8V8A,20240601,1,-6.023,20,20,search_space_gt_27000,lateral_interface,in_I34_site,I34_pocket,-18.06,17.58,7.77,2.262,0.125,1,8,3.15,0,-0.137,1,I34:D,7.0,0.385,C:MET253*; C:ALA275; C:MET278; C:ILE279; D:PRO217; D:LEU220; D:ILE221; D:LEU224,A298; I244; I302; L243; L247; M276; M301; P240,0,True,False,ef7be44ee19eca8cbd53f117e2a297277ea003d61d59efc8717806df904d78ca,True,receipt rc0+ok+cached=False+hash match,out/met_EHB_1S2R__amine_cation__midpore_8V8A_s20240601.pdbqt,met_EHB_1S2R__amine_cation__midpore_8V8A_s20240601.pdbqt
main,EHB_1S2R,amine_cation,midpore,8V8A,20240602,1,-6.042,20,20,search_space_gt_27000,lateral_interface,in_I34_site,I34_pocket,-18.18,17.32,7.77,2.229,0.125,1,8,3.07,0,-0.137,1,I34:D,7.07,0.385,C:MET253*; C:ALA275; C:MET278; C:ILE279; D:PRO217; D:LEU220; D:ILE221; D:LEU224,A298; I244; I302; L243; L247; M276; M301; P240,0,True,False,b2db3823aba0e40d4745378ba4069eff1f8e7a085992e3e79c8ee0fc0d512ea6,True,receipt rc0+ok+cached=False+hash match,out/met_EHB_1S2R__amine_cation__midpore_8V8A_s20240602.pdbqt,met_EHB_1S2R__amine_cation__midpore_8V8A_s20240602.pdbqt
main,EHB_1S2R,amine_cation,midpore,8V8A,20240603,1,-5.875,20,20,search_space_gt_27000,lateral_interface,in_I34_site,I34_pocket,-17.99,17.43,7.77,2.243,0.125,1,8,3.02,0,-0.137,1,I34:D,6.91,0.385,C:MET253*; C:ALA275; C:MET278; C:ILE279; D:PRO217; D:LEU220; D:ILE221; D:LEU224,A298; I244; I302; L243; L247; M276; M301; P240,0,True,False,0aa539dd95dcd4544c23d8506c95cf135734a578ba0ef7af7758759f0016e972,True,receipt rc0+ok+cached=False+hash match,out/met_EHB_1S2R__amine_cation__midpore_8V8A_s20240603.pdbqt,met_EHB_1S2R__amine_cation__midpore_8V8A_s20240603.pdbqt
main,EHB_1S2R,amine_cation,ortho,8V82,20240601,1,-6.845,18,20,,off_site,in_EPJ_site,EPJ_pocket,31.36,24.64,11.87,2.076,0.0,0,13,2.7,0,4.968,0,EPJ:A,0.51,1.0,A:TYR92; A:TRP148; A:SER149; A:TYR187; A:CYS189; A:CYS190; A:TYR194; B:TRP54; B:THR105; B:ASN106; B:LEU108; B:GLN116; B:LEU118,C212; C213; L131; L141; N129; Q139; S172; T128; W171; W77; Y115; Y210; Y217,0,True,False,94d3a3e3f74861822d7a373e54c7e70f101eb8738d3506112a2179c23fc51a48,True,receipt rc0+ok+cached=False+hash match,out/met_EHB_1S2R__amine_cation__ortho_8V82_s20240601.pdbqt,met_EHB_1S2R__amine_cation__ortho_8V82_s20240601.pdbqt
main,EHB_1S2R,amine_cation,ortho,8V82,20240602,1,-6.828,20,20,,off_site,in_EPJ_site,EPJ_pocket,31.36,24.64,11.87,2.076,0.0,0,13,2.7,0,4.96,0,EPJ:A,0.5,1.0,A:TYR92; A:TRP148; A:SER149; A:TYR187; A:CYS189; A:CYS190; A:TYR194; B:TRP54; B:THR105; B:ASN106; B:LEU108; B:GLN116; B:LEU118,C212; C213; L131; L141; N129; Q139; S172; T128; W171; W77; Y115; Y210; Y217,0,True,False,d8129c6a48c847647b0595c6fcf1ab6d251017e3256ef9bc4ffa5af24aea2c2c,True,receipt rc0+ok+cached=False+hash match,out/met_EHB_1S2R__amine_cation__ortho_8V82_s20240602.pdbqt,met_EHB_1S2R__amine_cation__ortho_8V82_s20240602.pdbqt
main,EHB_1S2R,amine_cation,ortho,8V82,20240603,1,-6.844,20,20,,off_site,in_EPJ_site,EPJ_pocket,31.34,24.67,11.87,2.078,0.0,0,13,2.7,0,5.036,0,EPJ:A,0.47,1.0,A:TYR92; A:TRP148; A:SER149; A:TYR187; A:CYS189; A:CYS190; A:TYR194; B:TRP54; B:THR105; B:ASN106; B:LEU108; B:GLN116; B:LEU118,C212; C213; L131; L141; N129; Q139; S172; T128; W171; W77; Y115; Y210; Y217,0,True,False,cd19987ee84d83299cc405c68e9b2ec08f346f28c4150093fa7347f025f71ba9,True,receipt rc0+ok+cached=False+hash match,out/met_EHB_1S2R__amine_cation__ortho_8V82_s20240603.pdbqt,met_EHB_1S2R__amine_cation__ortho_8V82_s20240603.pdbqt
main,EHB_1S2R,amine_cation,ortho,8V8A,20240601,1,-5.324,20,20,,off_site,adjacent_to_EPJ_site,other_interface,38.58,30.39,10.2,2.98,0.0,0,7,2.87,0,-0.164,1,EPJ:A,10.8,0.167,B:SER58; B:THR76; B:LEU108; B:ASN110; B:HIS114; B:CYS115; B:GLN116,C138; H137; L131; N133; Q139; S81; T99,0,True,False,fb37c822977c606dadc4649f6bdcab300d1938db876d26fecaea1dd096143319,True,receipt rc0+ok+cached=False+hash match,out/met_EHB_1S2R__amine_cation__ortho_8V8A_s20240601.pdbqt,met_EHB_1S2R__amine_cation__ortho_8V8A_s20240601.pdbqt
main,EHB_1S2R,amine_cation,ortho,8V8A,20240602,1,-5.318,19,20,,off_site,adjacent_to_EPJ_site,other_interface,39.57,30.78,10.2,3.018,0.0,0,10,2.96,0,0.027,0,EPJ:A,10.35,0.25,A:TRP153; A:CYS190; A:LYS191; A:GLU192; B:LYS75; B:THR76; B:LEU108; B:ASN110; B:HIS114; B:GLN116,C213; E215; H137; K214; K98; L131; N133; Q139; T99; W176,0,True,False,d72d202606d2a8363f59993f28a5270aee2987bb1268f28126b9dffc458470b7,True,receipt rc0+ok+cached=False+hash match,out/met_EHB_1S2R__amine_cation__ortho_8V8A_s20240602.pdbqt,met_EHB_1S2R__amine_cation__ortho_8V8A_s20240602.pdbqt
main,EHB_1S2R,amine_cation,ortho,8V8A,20240603,1,-5.399,20,20,,off_site,adjacent_to_EPJ_site,other_interface,39.6,30.89,10.2,3.029,0.0,0,9,3.0,0,-0.002,1,EPJ:A,10.43,0.25,A:TRP153; A:CYS190; A:LYS191; A:GLU192; B:LYS75; B:THR76; B:LEU108; B:ASN110; B:GLN116,C213; E215; K214; K98; L131; N133; Q139; T99; W176,0,True,False,48656609d285c8841342ea0ee8870c622f8c6733cba644b3db1bd91fd88b5bd6,True,receipt rc0+ok+cached=False+hash match,out/met_EHB_1S2R__amine_cation__ortho_8V8A_s20240603.pdbqt,met_EHB_1S2R__amine_cation__ortho_8V8A_s20240603.pdbqt
main,EHB_1S2R,amine_cation,outerpore,8V82,20240601,1,-6.398,20,20,,lateral_interface,in_I34_site,I34_pocket,-15.18,16.45,8.46,1.946,0.3,3,10,3.38,0,-0.027,1,I34:C,4.11,0.5,B:LEU246*; B:MET253*; B:ALA275; B:MET278; B:ILE279; C:ASN213; C:PRO217; C:LEU220; C:ILE221; C:PHE252*,A298; F275; I244; I302; L243; L269; M276; M301; N236; P240,0,True,False,4f9d71e4ce43d4098fec1dcf68e0a8a9ee342e9214f9ce01ac891e31044d37fd,True,receipt rc0+ok+cached=False+hash match,out/met_EHB_1S2R__amine_cation__outerpore_8V82_s20240601.pdbqt,met_EHB_1S2R__amine_cation__outerpore_8V82_s20240601.pdbqt
main,EHB_1S2R,amine_cation,outerpore,8V82,20240602,1,-6.391,20,20,,lateral_interface,in_I34_site,I34_pocket,-15.23,16.51,8.46,1.952,0.3,3,10,3.36,0,0.051,0,I34:C,4.15,0.5,B:LEU246*; B:MET253*; B:ALA275; B:MET278; B:ILE279; C:ASN213; C:PRO217; C:LEU220; C:ILE221; C:PHE252*,A298; F275; I244; I302; L243; L269; M276; M301; N236; P240,0,True,False,21c5f435f9ace4949b269621986f916cd29f89465a8cc2b591ce8fd28869a457,True,receipt rc0+ok+cached=False+hash match,out/met_EHB_1S2R__amine_cation__outerpore_8V82_s20240602.pdbqt,met_EHB_1S2R__amine_cation__outerpore_8V82_s20240602.pdbqt
main,EHB_1S2R,amine_cation,outerpore,8V82,20240603,1,-6.413,20,20,,lateral_interface,in_I34_site,I34_pocket,-15.3,16.49,8.46,1.95,0.3,3,10,3.38,0,-0.025,1,I34:C,4.23,0.5,B:LEU246*; B:MET253*; B:ALA275; B:MET278; B:ILE279; C:ASN213; C:PRO217; C:LEU220; C:ILE221; C:PHE252*,A298; F275; I244; I302; L243; L269; M276; M301; N236; P240,0,True,False,0684360c267dafacc5563c495a865b9943e6b2644be6325f28ecca1755d52a38,True,receipt rc0+ok+cached=False+hash match,out/met_EHB_1S2R__amine_cation__outerpore_8V82_s20240603.pdbqt,met_EHB_1S2R__amine_cation__outerpore_8V82_s20240603.pdbqt
main,EHB_1S2R,amine_cation,outerpore,8V8A,20240601,1,-5.954,20,20,,lateral_interface,in_I34_site,I34_pocket,-15.13,15.94,8.09,1.969,0.3,3,10,3.26,0,0.095,0,I34:D,3.97,0.615,C:THR250*; C:MET253*; C:MET278; C:ILE279; D:LEU212; D:ASN213; D:PRO217; D:LEU220; D:ILE221; D:PHE252*,F275; I244; I302; L235; L243; M276; M301; N236; P240; T273,0,True,False,a8ce980ecf0fc665203fdd0848db987d701911cebe80dfcb8ef0243771347527,True,receipt rc0+ok+cached=False+hash match,out/met_EHB_1S2R__amine_cation__outerpore_8V8A_s20240601.pdbqt,met_EHB_1S2R__amine_cation__outerpore_8V8A_s20240601.pdbqt
main,EHB_1S2R,amine_cation,outerpore,8V8A,20240602,1,-5.656,20,20,,lateral_interface,adjacent_to_I34_site,other_interface,-3.95,10.5,6.49,1.618,0.455,5,11,2.82,0,1.063,0,I34:A,9.69,0.154,A:TYR209; A:TYR210; A:ASN213; A:LEU214; A:LEU255*; A:GLU258*; A:ILE259; E:LYS45; E:LEU254*; E:ALA257*; E:GLU258*,A280; E281; I282; K68; L237; L277; L278; N236; Y232; Y233,0,True,False,f37a382c300224a9569b7fd2a86aa225a2f980baa86421455320e674ac75d2c0,True,receipt rc0+ok+cached=False+hash match,out/met_EHB_1S2R__amine_cation__outerpore_8V8A_s20240602.pdbqt,met_EHB_1S2R__amine_cation__outerpore_8V8A_s20240602.pdbqt
main,EHB_1S2R,amine_cation,outerpore,8V8A,20240603,1,-5.981,20,20,,lateral_interface,in_I34_site,I34_pocket,-15.18,15.88,8.25,1.925,0.333,3,9,3.26,0,0.06,0,I34:D,4.03,0.615,C:THR250*; C:MET253*; C:MET278; D:LEU212; D:ASN213; D:PRO217; D:LEU220; D:ILE221; D:PHE252*,F275; I244; L235; L243; M276; M301; N236; P240; T273,0,True,False,d0f974a52a34421cd6a754bb39226b2e47c79c9dd9de892d724e457deaab198f,True,receipt rc0+ok+cached=False+hash match,out/met_EHB_1S2R__amine_cation__outerpore_8V8A_s20240603.pdbqt,met_EHB_1S2R__amine_cation__outerpore_8V8A_s20240603.pdbqt
main,HB_2R3R,amine_cation,lateral_I34,8V82,20240601,1,-6.231,20,20,,lateral_interface,adjacent_to_I34_site,other_interface,-3.79,11.32,6.23,1.817,0.4,4,10,3.15,0,0.275,0,I34:A,9.51,0.143,A:TYR209; A:TYR210; A:ASN213; A:LEU214; A:LEU255*; A:GLU258*; A:ILE259; E:LYS45; E:ALA257*; E:GLU258*,A280; E281; I282; K68; L237; L278; N236; Y232; Y233,0,True,False,1cf7068d312d4198e454037521f00945fb94aa689d7a377c02a8edf526327617,True,receipt rc0+ok+cached=False+hash match,out/met_HB_2R3R__amine_cation__lateral_I34_8V82_s20240601.pdbqt,met_HB_2R3R__amine_cation__lateral_I34_8V82_s20240601.pdbqt
main,HB_2R3R,amine_cation,lateral_I34,8V82,20240602,1,-6.236,20,20,,lateral_interface,adjacent_to_I34_site,other_interface,-3.8,11.33,6.23,1.819,0.4,4,10,3.14,0,0.283,0,I34:A,9.49,0.143,A:TYR209; A:TYR210; A:ASN213; A:LEU214; A:LEU255*; A:GLU258*; A:ILE259; E:LYS45; E:ALA257*; E:GLU258*,A280; E281; I282; K68; L237; L278; N236; Y232; Y233,0,True,False,efda37511183a4c7effb33efc076fa81cbedc1ba597dd5c682b9c614cbea2beb,True,receipt rc0+ok+cached=False+hash match,out/met_HB_2R3R__amine_cation__lateral_I34_8V82_s20240602.pdbqt,met_HB_2R3R__amine_cation__lateral_I34_8V82_s20240602.pdbqt
main,HB_2R3R,amine_cation,lateral_I34,8V82,20240603,1,-6.232,20,20,,lateral_interface,adjacent_to_I34_site,other_interface,-3.82,11.35,6.23,1.822,0.4,4,10,3.12,0,0.298,0,I34:A,9.47,0.143,A:TYR209; A:TYR210; A:ASN213; A:LEU214; A:LEU255*; A:GLU258*; A:ILE259; E:LYS45; E:ALA257*; E:GLU258*,A280; E281; I282; K68; L237; L278; N236; Y232; Y233,0,True,False,31ec80e813e8bd49f982a80accb76f0c745486dd7d741008d77be22b375c683e,True,receipt rc0+ok+cached=False+hash match,out/met_HB_2R3R__amine_cation__lateral_I34_8V82_s20240603.pdbqt,met_HB_2R3R__amine_cation__lateral_I34_8V82_s20240603.pdbqt
main,HB_2R3R,amine_cation,lateral_I34,8V8A,20240601,1,-6.299,20,20,,lateral_interface,adjacent_to_I34_site,other_interface,-3.87,10.93,6.49,1.685,0.4,4,10,3.19,0,-0.03,1,I34:A,9.58,0.154,A:TYR209; A:TYR210; A:ASN213; A:LEU214; A:LEU255*; A:GLU258*; A:ILE259; E:LYS45; E:ALA257*; E:GLU258*,A280; E281; I282; K68; L237; L278; N236; Y232; Y233,0,True,False,47728f498699f3127a3724b15d7e88e291b981f5b45f500f3e678e9225aa77a3,True,receipt rc0+ok+cached=False+hash match,out/met_HB_2R3R__amine_cation__lateral_I34_8V8A_s20240601.pdbqt,met_HB_2R3R__amine_cation__lateral_I34_8V8A_s20240601.pdbqt
main,HB_2R3R,amine_cation,lateral_I34,8V8A,20240602,1,-6.288,20,20,,lateral_interface,adjacent_to_I34_site,other_interface,-3.86,10.86,6.49,1.674,0.4,4,10,3.17,0,-0.03,1,I34:A,9.64,0.154,A:TYR209; A:TYR210; A:ASN213; A:LEU214; A:LEU255*; A:GLU258*; A:ILE259; E:LYS45; E:ALA257*; E:GLU258*,A280; E281; I282; K68; L237; L278; N236; Y232; Y233,0,True,False,da5e70d46c5bb108cee1eeade9bc8bd12053897ecd751aee9d66a517d3ada8ed,True,receipt rc0+ok+cached=False+hash match,out/met_HB_2R3R__amine_cation__lateral_I34_8V8A_s20240602.pdbqt,met_HB_2R3R__amine_cation__lateral_I34_8V8A_s20240602.pdbqt
main,HB_2R3R,amine_cation,lateral_I34,8V8A,20240603,1,-6.299,20,20,,lateral_interface,adjacent_to_I34_site,other_interface,-3.87,10.84,6.49,1.671,0.4,4,10,3.17,0,-0.026,1,I34:A,9.64,0.154,A:TYR209; A:TYR210; A:ASN213; A:LEU214; A:LEU255*; A:GLU258*; A:ILE259; E:LYS45; E:ALA257*; E:GLU258*,A280; E281; I282; K68; L237; L278; N236; Y232; Y233,0,True,False,399a64c988cc0b309f11a51c205b87e3f22013b38e1ead66faadc1ca82bfa007,True,receipt rc0+ok+cached=False+hash match,out/met_HB_2R3R__amine_cation__lateral_I34_8V8A_s20240603.pdbqt,met_HB_2R3R__amine_cation__lateral_I34_8V8A_s20240603.pdbqt
main,HB_2R3R,amine_cation,midpore,8V82,20240601,1,-6.627,20,20,search_space_gt_27000,pore_lumen,away_from_I34_site,pore_lumen,-29.6,0.74,4.22,0.176,0.875,7,8,2.91,0,3.253,0,I34:C,24.26,0.0,A:SER240*; A:THR244*; B:SER240*; B:THR244*; C:GLY236; C:SER240*; D:SER240*; E:GLU237*,E260; G259; S263; T267,0,True,False,949198d7b6661585331d4b9a7acfe4624a364716ed4629260f4818376748e503,True,receipt rc0+ok+cached=False+hash match,out/met_HB_2R3R__amine_cation__midpore_8V82_s20240601.pdbqt,met_HB_2R3R__amine_cation__midpore_8V82_s20240601.pdbqt
main,HB_2R3R,amine_cation,midpore,8V82,20240602,1,-6.538,20,20,search_space_gt_27000,pore_lumen,away_from_I34_site,pore_lumen,-29.69,0.37,4.22,0.088,0.889,8,9,2.81,0,3.175,0,I34:E,24.57,0.0,A:GLY236; A:GLU237*; A:SER240*; B:SER240*; C:THR244*; D:SER240*; D:THR244*; E:SER240*; E:THR244*,E260; G259; S263; T267,0,True,False,0d6937755f4d588379ddd3bf80e8afa46d179e2d7e9026756b50affc39cb77a1,True,receipt rc0+ok+cached=False+hash match,out/met_HB_2R3R__amine_cation__midpore_8V82_s20240602.pdbqt,met_HB_2R3R__amine_cation__midpore_8V82_s20240602.pdbqt
main,HB_2R3R,amine_cation,midpore,8V82,20240603,1,-6.661,20,20,search_space_gt_27000,pore_lumen,away_from_I34_site,pore_lumen,-29.59,0.75,4.22,0.177,1.0,8,8,2.86,0,3.241,0,I34:C,24.27,0.0,A:SER240*; A:THR244*; B:SER240*; B:THR244*; C:SER240*; D:SER240*; E:GLU237*; E:SER240*,E260; S263; T267,0,True,False,52b3f8b0f7cbbef902c5812785902bddbe639adda096d04d77c8f368bdecb2e5,True,receipt rc0+ok+cached=False+hash match,out/met_HB_2R3R__amine_cation__midpore_8V82_s20240603.pdbqt,met_HB_2R3R__amine_cation__midpore_8V82_s20240603.pdbqt
main,HB_2R3R,amine_cation,midpore,8V8A,20240601,1,-6.071,20,20,search_space_gt_27000,pore_lumen,away_from_I34_site,pore_lumen,-32.98,0.52,5.36,0.096,0.615,8,13,3.38,0,-0.185,1,I34:C,26.88,0.0,A:GLY236; A:SER240*; B:GLY236; B:SER240*; C:GLY236; C:GLU237*; C:SER240*; C:THR244*; D:GLY236; D:GLU237*; D:SER240*; E:GLY236; E:GLU237*,E260; G259; S263; T267,0,True,False,00e2fe0562e004d0436205c005738fcbb291038235ca198a24977921d0b46815,True,receipt rc0+ok+cached=False+hash match,out/met_HB_2R3R__amine_cation__midpore_8V8A_s20240601.pdbqt,met_HB_2R3R__amine_cation__midpore_8V8A_s20240601.pdbqt
main,HB_2R3R,amine_cation,midpore,8V8A,20240602,1,-6.081,20,20,search_space_gt_27000,pore_lumen,away_from_I34_site,pore_lumen,-33.0,0.54,5.36,0.101,0.615,8,13,3.38,0,-0.185,2,I34:C,26.88,0.0,A:GLY236; A:SER240*; B:GLY236; B:SER240*; C:GLY236; C:GLU237*; C:SER240*; C:THR244*; D:GLY236; D:GLU237*; D:SER240*; E:GLY236; E:GLU237*,E260; G259; S263; T267,0,True,False,1d975ee4c0111bbbd434975088694662c056241104c0a89e47c330c6235d6772,True,receipt rc0+ok+cached=False+hash match,out/met_HB_2R3R__amine_cation__midpore_8V8A_s20240602.pdbqt,met_HB_2R3R__amine_cation__midpore_8V8A_s20240602.pdbqt
main,HB_2R3R,amine_cation,midpore,8V8A,20240603,1,-6.078,20,20,search_space_gt_27000,pore_lumen,away_from_I34_site,pore_lumen,-33.01,0.54,5.36,0.101,0.615,8,13,3.37,0,-0.185,2,I34:C,26.88,0.0,A:GLY236; A:SER240*; B:GLY236; B:SER240*; C:GLY236; C:GLU237*; C:SER240*; C:THR244*; D:GLY236; D:GLU237*; D:SER240*; E:GLY236; E:GLU237*,E260; G259; S263; T267,0,True,False,b725cc1e99176f5b417b71eaf69ffada3721b5c39dd06031637c37ee2c5658a6,True,receipt rc0+ok+cached=False+hash match,out/met_HB_2R3R__amine_cation__midpore_8V8A_s20240603.pdbqt,met_HB_2R3R__amine_cation__midpore_8V8A_s20240603.pdbqt
main,HB_2R3R,amine_cation,ortho,8V82,20240601,1,-5.875,13,20,,off_site,adjacent_to_EPJ_site,other_interface,39.41,30.84,10.41,2.962,0.0,0,9,3.15,0,-0.092,2,EPJ:A,10.55,0.182,A:TRP153; A:GLU192; B:LYS75; B:THR76; B:LEU108; B:VAL109; B:ASN110; B:HIS114; B:GLN116,E215; H137; K98; L131; N133; Q139; T99; V132; W176,0,True,False,22802f23a92bdbb591d2088679a5a1130b7edc14aa49714b4d1d426ba482447c,True,receipt rc0+ok+cached=False+hash match,out/met_HB_2R3R__amine_cation__ortho_8V82_s20240601.pdbqt,met_HB_2R3R__amine_cation__ortho_8V82_s20240601.pdbqt
main,HB_2R3R,amine_cation,ortho,8V82,20240602,1,-5.87,9,20,,off_site,adjacent_to_EPJ_site,other_interface,39.39,30.84,10.41,2.962,0.0,0,9,3.15,0,-0.091,2,EPJ:A,10.53,0.182,A:TRP153; A:GLU192; B:LYS75; B:THR76; B:LEU108; B:VAL109; B:ASN110; B:HIS114; B:GLN116,E215; H137; K98; L131; N133; Q139; T99; V132; W176,0,True,False,09c0776b286d23743a93cd37399ec33b64ce2f269ad91a830e997e4b24c15dfe,True,receipt rc0+ok+cached=False+hash match,out/met_HB_2R3R__amine_cation__ortho_8V82_s20240602.pdbqt,met_HB_2R3R__amine_cation__ortho_8V82_s20240602.pdbqt
main,HB_2R3R,amine_cation,ortho,8V82,20240603,1,-5.877,10,20,,off_site,adjacent_to_EPJ_site,other_interface,39.44,30.88,10.41,2.966,0.0,0,9,3.17,0,-0.092,2,EPJ:A,10.59,0.182,A:TRP153; A:GLU192; B:LYS75; B:THR76; B:LEU108; B:VAL109; B:ASN110; B:HIS114; B:GLN116,E215; H137; K98; L131; N133; Q139; T99; V132; W176,0,True,False,04a557f2d78546dc5b0560d59cd53ca840eb562f721ad6c87f3f3e929f55504a,True,receipt rc0+ok+cached=False+hash match,out/met_HB_2R3R__amine_cation__ortho_8V82_s20240603.pdbqt,met_HB_2R3R__amine_cation__ortho_8V82_s20240603.pdbqt
main,HB_2R3R,amine_cation,ortho,8V8A,20240601,1,-5.693,13,20,,off_site,adjacent_to_EPJ_site,other_interface,40.03,30.44,10.2,2.985,0.0,0,8,3.12,0,-0.165,2,EPJ:A,10.67,0.167,A:TRP153; A:GLU192; B:LYS75; B:THR76; B:LEU108; B:ASN110; B:HIS114; B:GLN116,E215; H137; K98; L131; N133; Q139; T99; W176,0,True,False,c83ae170ec718b4c5b985c9028c450fe8d805fbd947560664ef3372cb0db82ae,True,receipt rc0+ok+cached=False+hash match,out/met_HB_2R3R__amine_cation__ortho_8V8A_s20240601.pdbqt,met_HB_2R3R__amine_cation__ortho_8V8A_s20240601.pdbqt
main,HB_2R3R,amine_cation,ortho,8V8A,20240602,1,-5.673,14,20,,off_site,adjacent_to_EPJ_site,other_interface,40.03,30.43,10.2,2.984,0.0,0,8,3.1,0,-0.165,2,EPJ:A,10.67,0.167,A:TRP153; A:GLU192; B:LYS75; B:THR76; B:LEU108; B:ASN110; B:HIS114; B:GLN116,E215; H137; K98; L131; N133; Q139; T99; W176,0,True,False,15ffb28633a07ee42d38e3fae3eb5d4050ad18a25b9acffd57c7512fcc4840a6,True,receipt rc0+ok+cached=False+hash match,out/met_HB_2R3R__amine_cation__ortho_8V8A_s20240602.pdbqt,met_HB_2R3R__amine_cation__ortho_8V8A_s20240602.pdbqt
main,HB_2R3R,amine_cation,ortho,8V8A,20240603,1,-5.685,13,19,,off_site,adjacent_to_EPJ_site,other_interface,40.03,30.43,10.2,2.984,0.0,0,8,3.1,0,-0.165,2,EPJ:A,10.67,0.167,A:TRP153; A:GLU192; B:LYS75; B:THR76; B:LEU108; B:ASN110; B:HIS114; B:GLN116,E215; H137; K98; L131; N133; Q139; T99; W176,0,True,False,0240ed81406f4150f720ac08d2a22ffb028cb3880da56d320088d84ae2f4ba57,True,receipt rc0+ok+cached=False+hash match,out/met_HB_2R3R__amine_cation__ortho_8V8A_s20240603.pdbqt,met_HB_2R3R__amine_cation__ortho_8V8A_s20240603.pdbqt
main,HB_2R3R,amine_cation,outerpore,8V82,20240601,1,-6.283,20,20,,lateral_interface,adjacent_to_I34_site,other_interface,-3.81,11.28,6.23,1.811,0.4,4,10,3.12,0,1.297,0,I34:B,9.52,0.143,A:LYS45; A:ALA257*; A:GLU258*; B:TYR209; B:TYR210; B:ASN213; B:LEU214; B:LEU255*; B:GLU258*; B:ILE259,A280; E281; I282; K68; L237; L278; N236; Y232; Y233,0,True,False,151aebd0e3424b4f6350ce38c664b627b69b08d1bd22e26dd92556a93a7d9f2d,True,receipt rc0+ok+cached=False+hash match,out/met_HB_2R3R__amine_cation__outerpore_8V82_s20240601.pdbqt,met_HB_2R3R__amine_cation__outerpore_8V82_s20240601.pdbqt
main,HB_2R3R,amine_cation,outerpore,8V82,20240602,1,-6.279,20,20,,lateral_interface,adjacent_to_I34_site,other_interface,-3.79,11.22,6.23,1.801,0.4,4,10,3.14,0,1.358,0,I34:E,9.54,0.143,D:LYS45; D:ALA257*; D:GLU258*; E:TYR209; E:TYR210; E:ASN213; E:LEU214; E:LEU255*; E:GLU258*; E:ILE259,A280; E281; I282; K68; L237; L278; N236; Y232; Y233,0,True,False,d5efeccdd2ff6dca55e201371d16cf6a3a7dcae0b0b4f1022bf085a30d3a516e,True,receipt rc0+ok+cached=False+hash match,out/met_HB_2R3R__amine_cation__outerpore_8V82_s20240602.pdbqt,met_HB_2R3R__amine_cation__outerpore_8V82_s20240602.pdbqt
main,HB_2R3R,amine_cation,outerpore,8V82,20240603,1,-6.28,19,20,,lateral_interface,adjacent_to_I34_site,other_interface,-3.78,11.28,6.23,1.811,0.4,4,10,3.15,0,1.3,0,I34:B,9.53,0.143,A:LYS45; A:ALA257*; A:GLU258*; B:TYR209; B:TYR210; B:ASN213; B:LEU214; B:LEU255*; B:GLU258*; B:ILE259,A280; E281; I282; K68; L237; L278; N236; Y232; Y233,0,True,False,d2461fcae615ce04dbccdb8a07d9781946a65d36a8126c6eda678d65fab00b46,True,receipt rc0+ok+cached=False+hash match,out/met_HB_2R3R__amine_cation__outerpore_8V82_s20240603.pdbqt,met_HB_2R3R__amine_cation__outerpore_8V82_s20240603.pdbqt
main,HB_2R3R,amine_cation,outerpore,8V8A,20240601,1,-6.308,19,20,,lateral_interface,adjacent_to_I34_site,other_interface,-3.86,10.89,6.49,1.679,0.4,4,10,3.19,0,1.009,0,I34:E,9.61,0.154,D:LYS45; D:ALA257*; D:GLU258*; E:TYR209; E:TYR210; E:ASN213; E:LEU214; E:LEU255*; E:GLU258*; E:ILE259,A280; E281; I282; K68; L237; L278; N236; Y232; Y233,0,True,False,6ef134a0509cde0f97f91c32133a855493471012e9f69ee3296fb4bd4549f190,True,receipt rc0+ok+cached=False+hash match,out/met_HB_2R3R__amine_cation__outerpore_8V8A_s20240601.pdbqt,met_HB_2R3R__amine_cation__outerpore_8V8A_s20240601.pdbqt
main,HB_2R3R,amine_cation,outerpore,8V8A,20240602,1,-6.312,19,20,,lateral_interface,adjacent_to_I34_site,other_interface,-3.88,10.91,6.49,1.682,0.4,4,10,3.17,0,1.033,0,I34:A,9.58,0.154,A:TYR209; A:TYR210; A:ASN213; A:LEU214; A:LEU255*; A:GLU258*; A:ILE259; E:LYS45; E:ALA257*; E:GLU258*,A280; E281; I282; K68; L237; L278; N236; Y232; Y233,0,True,False,8ea92d64f61350710b34e81d3938b9c174a9d0281a823db294f11a86c4ba17ae,True,receipt rc0+ok+cached=False+hash match,out/met_HB_2R3R__amine_cation__outerpore_8V8A_s20240602.pdbqt,met_HB_2R3R__amine_cation__outerpore_8V8A_s20240602.pdbqt
main,HB_2R3R,amine_cation,outerpore,8V8A,20240603,1,-6.315,20,20,,lateral_interface,adjacent_to_I34_site,other_interface,-3.89,10.95,6.49,1.688,0.4,4,10,3.19,0,0.956,0,I34:A,9.57,0.154,A:TYR209; A:TYR210; A:ASN213; A:LEU214; A:LEU255*; A:GLU258*; A:ILE259; E:LYS45; E:ALA257*; E:GLU258*,A280; E281; I282; K68; L237; L278; N236; Y232; Y233,0,True,False,2c2586de532d8c8fc0f8fb586dde93aae4e44e836b6b9f50ae468b0bdb69d816,True,receipt rc0+ok+cached=False+hash match,out/met_HB_2R3R__amine_cation__outerpore_8V8A_s20240603.pdbqt,met_HB_2R3R__amine_cation__outerpore_8V8A_s20240603.pdbqt
main,HB_2R3R,neutral,lateral_I34,8V82,20240601,1,-6.326,20,20,,lateral_interface,adjacent_to_I34_site,other_interface,-2.76,11.16,7.16,1.559,0.4,4,10,2.87,0,-0.025,1,I34:A,10.36,0.143,A:TYR209; A:TYR210; A:ASN213; A:LEU214; A:LEU255*; A:GLU258*; A:ILE259; E:LYS45; E:ALA257*; E:GLU258*,A280; E281; I282; K68; L237; L278; N236; Y232; Y233,0,True,False,a0108230c33aa5eea6dbb7418b88aa9445795cc653e506880092bc2f7fea23bc,True,receipt rc0+ok+cached=False+hash match,out/met_HB_2R3R__neutral__lateral_I34_8V82_s20240601.pdbqt,met_HB_2R3R__neutral__lateral_I34_8V82_s20240601.pdbqt
main,HB_2R3R,neutral,lateral_I34,8V82,20240602,1,-6.364,19,20,,lateral_interface,in_I34_site,I34_pocket,-16.31,18.96,7.69,2.466,0.1,1,10,2.95,0,0.041,0,I34:A,5.81,0.429,A:LEU212; A:ILE216; A:PRO217; A:LEU220; A:ILE221; E:MET253*; E:ALA275; E:MET278; E:ILE279; E:GLY282,A298; G305; I239; I244; I302; L235; L243; M276; M301; P240,0,True,False,105003f1749e338a202178a6dd930b25af9b31972172c23e2c5dd0b8b9030ea2,True,receipt rc0+ok+cached=False+hash match,out/met_HB_2R3R__neutral__lateral_I34_8V82_s20240602.pdbqt,met_HB_2R3R__neutral__lateral_I34_8V82_s20240602.pdbqt
main,HB_2R3R,neutral,lateral_I34,8V82,20240603,1,-6.339,20,20,,lateral_interface,adjacent_to_I34_site,other_interface,-2.78,11.16,7.16,1.558,0.4,4,10,2.89,0,-0.024,1,I34:A,10.34,0.143,A:TYR209; A:TYR210; A:ASN213; A:LEU214; A:LEU255*; A:GLU258*; A:ILE259; E:LYS45; E:ALA257*; E:GLU258*,A280; E281; I282; K68; L237; L278; N236; Y232; Y233,0,True,False,624807df3a30861f890a868e3c44cbc451cf50f2caa5a50da851f9b37c85f878,True,receipt rc0+ok+cached=False+hash match,out/met_HB_2R3R__neutral__lateral_I34_8V82_s20240603.pdbqt,met_HB_2R3R__neutral__lateral_I34_8V82_s20240603.pdbqt
main,HB_2R3R,neutral,lateral_I34,8V8A,20240601,1,-6.177,20,20,,lateral_interface,in_I34_site,I34_pocket,-16.51,18.09,7.77,2.328,0.182,2,11,3.04,0,1.14,0,I34:A,5.61,0.462,A:LEU212; A:ILE216; A:PRO217; A:LEU220; A:ILE221; E:LEU246*; E:MET253*; E:PHE274; E:ALA275; E:MET278; E:ILE279,A298; F297; I239; I244; I302; L235; L243; L269; M276; M301; P240,0,True,False,712303050519c96356267f20d08b2e798f23aaffffa037abb75f0d1850066455,True,receipt rc0+ok+cached=False+hash match,out/met_HB_2R3R__neutral__lateral_I34_8V8A_s20240601.pdbqt,met_HB_2R3R__neutral__lateral_I34_8V8A_s20240601.pdbqt
main,HB_2R3R,neutral,lateral_I34,8V8A,20240602,1,-6.175,20,20,,lateral_interface,in_I34_site,I34_pocket,-16.52,18.08,7.77,2.326,0.182,2,11,3.04,0,1.117,0,I34:A,5.62,0.462,A:LEU212; A:ILE216; A:PRO217; A:LEU220; A:ILE221; E:LEU246*; E:MET253*; E:PHE274; E:ALA275; E:MET278; E:ILE279,A298; F297; I239; I244; I302; L235; L243; L269; M276; M301; P240,0,True,False,a093e8298fde7bb4af2ddd5fb1a0fbecbd0bcbce6eabeec735e91fb73fe60325,True,receipt rc0+ok+cached=False+hash match,out/met_HB_2R3R__neutral__lateral_I34_8V8A_s20240602.pdbqt,met_HB_2R3R__neutral__lateral_I34_8V8A_s20240602.pdbqt
main,HB_2R3R,neutral,lateral_I34,8V8A,20240603,1,-6.183,20,20,,lateral_interface,in_I34_site,I34_pocket,-16.52,18.08,7.77,2.327,0.182,2,11,3.04,0,1.128,0,I34:A,5.62,0.462,A:LEU212; A:ILE216; A:PRO217; A:LEU220; A:ILE221; E:LEU246*; E:MET253*; E:PHE274; E:ALA275; E:MET278; E:ILE279,A298; F297; I239; I244; I302; L235; L243; L269; M276; M301; P240,0,True,False,ac710b8dd2a34c55f16e76ac27220af9c9be653a6ffcd88d93bc527e10522f9e,True,receipt rc0+ok+cached=False+hash match,out/met_HB_2R3R__neutral__lateral_I34_8V8A_s20240603.pdbqt,met_HB_2R3R__neutral__lateral_I34_8V8A_s20240603.pdbqt
main,HB_2R3R,neutral,midpore,8V82,20240601,1,-6.704,20,20,search_space_gt_27000,pore_lumen,away_from_I34_site,pore_lumen,-30.33,0.5,4.22,0.12,0.833,10,12,2.78,0,2.902,0,I34:E,24.96,0.0,A:GLY236; A:SER240*; B:GLY236; B:SER240*; C:GLU237*; C:SER240*; C:ILE243*; C:THR244*; D:SER240*; D:THR244*; E:SER240*; E:THR244*,E260; G259; I266; S263; T267,0,True,False,78136cc03e1bd5795743c3fe3222a3ffa2c2781d998d61821b6ccb628899bfef,True,receipt rc0+ok+cached=False+hash match,out/met_HB_2R3R__neutral__midpore_8V82_s20240601.pdbqt,met_HB_2R3R__neutral__midpore_8V82_s20240601.pdbqt
main,HB_2R3R,neutral,midpore,8V82,20240602,1,-6.706,20,20,search_space_gt_27000,pore_lumen,away_from_I34_site,pore_lumen,-30.35,0.5,4.22,0.117,0.818,9,11,2.78,0,2.875,0,I34:A,24.98,0.0,A:SER240*; A:THR244*; B:GLY236; B:SER240*; C:GLY236; C:SER240*; D:GLU237*; D:SER240*; D:ILE243*; E:SER240*; E:THR244*,E260; G259; I266; S263; T267,0,True,False,b08929a8eef524cd2340d68fbced8f07314db6cfe1c6a8e4654a223bf0eee434,True,receipt rc0+ok+cached=False+hash match,out/met_HB_2R3R__neutral__midpore_8V82_s20240602.pdbqt,met_HB_2R3R__neutral__midpore_8V82_s20240602.pdbqt
main,HB_2R3R,neutral,midpore,8V82,20240603,1,-6.697,19,19,search_space_gt_27000,pore_lumen,away_from_I34_site,pore_lumen,-30.31,0.47,4.22,0.112,0.833,10,12,2.79,0,2.897,0,I34:A,24.97,0.0,A:SER240*; A:THR244*; B:GLY236; B:SER240*; C:GLY236; C:SER240*; D:GLU237*; D:SER240*; D:ILE243*; D:THR244*; E:SER240*; E:THR244*,E260; G259; I266; S263; T267,0,True,False,fb49d4541f3f29790ced7ffd0f764b36d07a68407040d527be66c8be3a0dd663,True,receipt rc0+ok+cached=False+hash match,out/met_HB_2R3R__neutral__midpore_8V82_s20240603.pdbqt,met_HB_2R3R__neutral__midpore_8V82_s20240603.pdbqt
main,HB_2R3R,neutral,midpore,8V8A,20240601,1,-6.218,20,20,search_space_gt_27000,pore_lumen,away_from_I34_site,pore_lumen,-33.13,0.52,5.36,0.097,0.615,8,13,3.2,0,-0.185,2,I34:B,26.99,0.0,A:GLY236; A:SER240*; A:THR244*; B:GLY236; B:GLU237*; B:SER240*; C:GLY236; C:GLU237*; C:SER240*; D:GLY236; D:GLU237*; E:GLY236; E:SER240*,E260; G259; S263; T267,0,True,False,24f880169e5ce6440c47ec41e72560ffbac026a3423c7b4ab8e3cd5c7d49a3c5,True,receipt rc0+ok+cached=False+hash match,out/met_HB_2R3R__neutral__midpore_8V8A_s20240601.pdbqt,met_HB_2R3R__neutral__midpore_8V8A_s20240601.pdbqt
main,HB_2R3R,neutral,midpore,8V8A,20240602,1,-6.193,20,20,search_space_gt_27000,pore_lumen,away_from_I34_site,pore_lumen,-33.11,0.56,5.36,0.104,0.583,7,12,3.22,0,-0.183,2,I34:D,26.95,0.0,A:GLY236; A:GLU237*; B:GLY236; B:SER240*; C:GLY236; C:SER240*; D:GLY236; D:GLU237*; D:SER240*; E:GLY236; E:GLU237*; E:SER240*,E260; G259; S263,0,True,False,b72d755ce7109d10a31d877dd85b270d892f5db80fe7259c12d5076823b21cf1,True,receipt rc0+ok+cached=False+hash match,out/met_HB_2R3R__neutral__midpore_8V8A_s20240602.pdbqt,met_HB_2R3R__neutral__midpore_8V8A_s20240602.pdbqt
main,HB_2R3R,neutral,midpore,8V8A,20240603,1,-6.229,20,20,search_space_gt_27000,pore_lumen,away_from_I34_site,pore_lumen,-33.13,0.53,5.36,0.099,0.615,8,13,3.18,0,-0.185,2,I34:B,26.99,0.0,A:GLY236; A:SER240*; A:THR244*; B:GLY236; B:GLU237*; B:SER240*; C:GLY236; C:GLU237*; C:SER240*; D:GLY236; D:GLU237*; E:GLY236; E:SER240*,E260; G259; S263; T267,0,True,False,945ca80e6bef7b4ed2dbe2c4213e21dae14342ce068fdbe78ea484c1fbbb34b6,True,receipt rc0+ok+cached=False+hash match,out/met_HB_2R3R__neutral__midpore_8V8A_s20240603.pdbqt,met_HB_2R3R__neutral__midpore_8V8A_s20240603.pdbqt
main,HB_2R3R,neutral,ortho,8V82,20240601,1,-6.213,4,19,,off_site,adjacent_to_EPJ_site,other_interface,39.4,30.97,10.41,2.975,0.0,0,9,3.23,0,-0.092,1,EPJ:A,10.61,0.182,A:TRP153; A:GLU192; B:LYS75; B:THR76; B:LEU108; B:VAL109; B:ASN110; B:HIS114; B:GLN116,E215; H137; K98; L131; N133; Q139; T99; V132; W176,0,True,False,cb42ece4b77896423bf853a3c25535a21dbcf58a2dabe53cdc02c56b88a60dbc,True,receipt rc0+ok+cached=False+hash match,out/met_HB_2R3R__neutral__ortho_8V82_s20240601.pdbqt,met_HB_2R3R__neutral__ortho_8V82_s20240601.pdbqt
main,HB_2R3R,neutral,ortho,8V82,20240602,1,-6.236,7,20,,off_site,adjacent_to_EPJ_site,other_interface,39.33,30.96,10.41,2.974,0.0,0,9,3.11,0,-0.09,2,EPJ:A,10.55,0.182,A:TRP153; A:GLU192; B:LYS75; B:THR76; B:LEU108; B:VAL109; B:ASN110; B:HIS114; B:GLN116,E215; H137; K98; L131; N133; Q139; T99; V132; W176,0,True,False,b453b2547b40e7be56ca2b5a9b89aa2341833a157b11a4a5eb339cebaec159c8,True,receipt rc0+ok+cached=False+hash match,out/met_HB_2R3R__neutral__ortho_8V82_s20240602.pdbqt,met_HB_2R3R__neutral__ortho_8V82_s20240602.pdbqt
main,HB_2R3R,neutral,ortho,8V82,20240603,1,-6.219,8,19,,off_site,adjacent_to_EPJ_site,other_interface,39.36,30.95,10.41,2.973,0.0,0,9,3.19,0,-0.092,1,EPJ:A,10.56,0.182,A:TRP153; A:GLU192; B:LYS75; B:THR76; B:LEU108; B:VAL109; B:ASN110; B:HIS114; B:GLN116,E215; H137; K98; L131; N133; Q139; T99; V132; W176,0,True,False,41f42f3f982167617ca798f6688e54ba0e6f821e5ffc53cb5c1a2186ccc1bc81,True,receipt rc0+ok+cached=False+hash match,out/met_HB_2R3R__neutral__ortho_8V82_s20240603.pdbqt,met_HB_2R3R__neutral__ortho_8V82_s20240603.pdbqt
main,HB_2R3R,neutral,ortho,8V8A,20240601,1,-5.525,16,20,,off_site,adjacent_to_EPJ_site,other_interface,38.8,30.97,10.2,3.037,0.0,0,9,2.83,0,0.116,0,EPJ:A,10.37,0.333,A:TRP153; A:CYS190; A:LYS191; A:GLU192; A:TYR194; B:LEU108; B:ASN110; B:HIS114; B:GLN116,C213; E215; H137; K214; L131; N133; Q139; W176; Y217,0,True,False,7fb7292455b7c08b54b683dbe22ba429a258daa6500f7514e761234aa52021e0,True,receipt rc0+ok+cached=False+hash match,out/met_HB_2R3R__neutral__ortho_8V8A_s20240601.pdbqt,met_HB_2R3R__neutral__ortho_8V8A_s20240601.pdbqt
main,HB_2R3R,neutral,ortho,8V8A,20240602,1,-5.848,15,20,,off_site,adjacent_to_EPJ_site,other_interface,40.1,30.51,10.2,2.991,0.0,0,8,3.15,0,-0.165,3,EPJ:A,10.74,0.167,A:TRP153; A:GLU192; B:LYS75; B:THR76; B:LEU108; B:ASN110; B:HIS114; B:GLN116,E215; H137; K98; L131; N133; Q139; T99; W176,0,True,False,bc844da07dde61fa2d5ff0d042f703ed25b65abdf355491a2a0541aa6f73e164,True,receipt rc0+ok+cached=False+hash match,out/met_HB_2R3R__neutral__ortho_8V8A_s20240602.pdbqt,met_HB_2R3R__neutral__ortho_8V8A_s20240602.pdbqt
main,HB_2R3R,neutral,ortho,8V8A,20240603,1,-5.822,19,20,,off_site,adjacent_to_EPJ_site,other_interface,40.11,30.51,10.2,2.992,0.0,0,8,3.16,0,-0.165,3,EPJ:A,10.74,0.167,A:TRP153; A:GLU192; B:LYS75; B:THR76; B:LEU108; B:ASN110; B:HIS114; B:GLN116,E215; H137; K98; L131; N133; Q139; T99; W176,0,True,False,a704b685fa280406ccb8ab42bdf631de63e4cd8d6ae56b60e8616140dee45434,True,receipt rc0+ok+cached=False+hash match,out/met_HB_2R3R__neutral__ortho_8V8A_s20240603.pdbqt,met_HB_2R3R__neutral__ortho_8V8A_s20240603.pdbqt
main,HB_2R3R,neutral,outerpore,8V82,20240601,1,-6.433,20,20,,lateral_interface,adjacent_to_I34_site,other_interface,-2.56,11.31,7.16,1.579,0.333,3,9,2.84,0,0.153,0,I34:C,10.52,0.143,B:LYS45; B:ALA257*; C:TYR209; C:TYR210; C:ASN213; C:LEU214; C:LEU255*; C:GLU258*; C:ILE259,A280; E281; I282; K68; L237; L278; N236; Y232; Y233,0,True,False,ff52668b8068231c36108fbdd4ba20b5b98ae25b5354c07ae86bcc3f37de98db,True,receipt rc0+ok+cached=False+hash match,out/met_HB_2R3R__neutral__outerpore_8V82_s20240601.pdbqt,met_HB_2R3R__neutral__outerpore_8V82_s20240601.pdbqt
main,HB_2R3R,neutral,outerpore,8V82,20240602,1,-6.453,20,20,,lateral_interface,adjacent_to_I34_site,other_interface,-2.61,11.37,7.16,1.587,0.333,3,9,2.83,0,0.132,0,I34:C,10.45,0.143,B:LYS45; B:ALA257*; C:TYR209; C:TYR210; C:ASN213; C:LEU214; C:LEU255*; C:GLU258*; C:ILE259,A280; E281; I282; K68; L237; L278; N236; Y232; Y233,0,True,False,cee48a6fb423861b7b18ffd6bd09e1f90901778d6bc2254bccf1f6334f9cdf31,True,receipt rc0+ok+cached=False+hash match,out/met_HB_2R3R__neutral__outerpore_8V82_s20240602.pdbqt,met_HB_2R3R__neutral__outerpore_8V82_s20240602.pdbqt
main,HB_2R3R,neutral,outerpore,8V82,20240603,1,-6.42,20,20,,lateral_interface,adjacent_to_I34_site,other_interface,-2.7,11.18,7.16,1.561,0.4,4,10,2.82,0,0.953,0,I34:E,10.38,0.143,D:LYS45; D:ALA257*; D:GLU258*; E:TYR209; E:TYR210; E:ASN213; E:LEU214; E:LEU255*; E:GLU258*; E:ILE259,A280; E281; I282; K68; L237; L278; N236; Y232; Y233,0,True,False,a8f76cc21ab51a6d1661c73d43f64b33735841023f3c99741dbffb51e2b818c1,True,receipt rc0+ok+cached=False+hash match,out/met_HB_2R3R__neutral__outerpore_8V82_s20240603.pdbqt,met_HB_2R3R__neutral__outerpore_8V82_s20240603.pdbqt
main,HB_2R3R,neutral,outerpore,8V8A,20240601,1,-5.954,19,20,,lateral_interface,adjacent_to_I34_site,other_interface,-2.36,9.48,7.67,1.236,0.444,4,9,2.77,0,-0.029,1,I34:D,11.62,0.077,C:LYS45; C:ALA257*; C:GLU258*; D:TYR209; D:TYR210; D:LEU214; D:LEU255*; D:GLU258*; D:ILE259,A280; E281; I282; K68; L237; L278; Y232; Y233,0,True,False,64b87af5506c883501879c5ccaf22a9e6e0152edbf1e0fc86f7f39703dd3163a,True,receipt rc0+ok+cached=False+hash match,out/met_HB_2R3R__neutral__outerpore_8V8A_s20240601.pdbqt,met_HB_2R3R__neutral__outerpore_8V8A_s20240601.pdbqt
main,HB_2R3R,neutral,outerpore,8V8A,20240602,1,-5.943,20,20,,lateral_interface,adjacent_to_I34_site,other_interface,-2.34,9.48,7.67,1.235,0.444,4,9,2.77,0,0.0,0,I34:D,11.63,0.077,C:LYS45; C:ALA257*; C:GLU258*; D:TYR209; D:TYR210; D:LEU214; D:LEU255*; D:GLU258*; D:ILE259,A280; E281; I282; K68; L237; L278; Y232; Y233,0,True,False,dc8f1acb8fcaf4d8a0526ad2187a5812725e0549a83dc06f23affdb663199fe2,True,receipt rc0+ok+cached=False+hash match,out/met_HB_2R3R__neutral__outerpore_8V8A_s20240602.pdbqt,met_HB_2R3R__neutral__outerpore_8V8A_s20240602.pdbqt
main,HB_2R3R,neutral,outerpore,8V8A,20240603,1,-5.946,20,20,,lateral_interface,adjacent_to_I34_site,other_interface,-2.36,9.51,7.67,1.239,0.444,4,9,2.77,0,-0.017,1,I34:E,11.61,0.077,D:LYS45; D:ALA257*; D:GLU258*; E:TYR209; E:TYR210; E:LEU214; E:LEU255*; E:GLU258*; E:ILE259,A280; E281; I282; K68; L237; L278; Y232; Y233,0,True,False,d3bce29b4487506340e8667de5f15d4a32470818ab6c2b0215bf6b3b8490f729,True,receipt rc0+ok+cached=False+hash match,out/met_HB_2R3R__neutral__outerpore_8V8A_s20240603.pdbqt,met_HB_2R3R__neutral__outerpore_8V8A_s20240603.pdbqt
main,HB_2S3S,amine_cation,lateral_I34,8V82,20240601,1,-7.066,19,20,,lateral_interface,adjacent_to_I34_site,other_interface,-3.64,11.78,6.23,1.891,0.375,3,8,3.0,0,0.037,0,I34:A,9.37,0.143,A:TYR209; A:TYR210; A:ASN213; A:LEU214; A:LEU255*; A:GLU258*; E:LYS45; E:ALA257*,A280; E281; K68; L237; L278; N236; Y232; Y233,0,True,False,9f28b6e79eff6cb542a3f899775461ea0ff3d86beb74cc127a19db03967718a4,True,receipt rc0+ok+cached=False+hash match,out/met_HB_2S3S__amine_cation__lateral_I34_8V82_s20240601.pdbqt,met_HB_2S3S__amine_cation__lateral_I34_8V82_s20240601.pdbqt
main,HB_2S3S,amine_cation,lateral_I34,8V82,20240602,1,-7.074,19,20,,lateral_interface,adjacent_to_I34_site,other_interface,-3.62,11.74,6.23,1.884,0.375,3,8,3.04,0,0.008,0,I34:A,9.4,0.143,A:TYR209; A:TYR210; A:ASN213; A:LEU214; A:LEU255*; A:GLU258*; E:LYS45; E:ALA257*,A280; E281; K68; L237; L278; N236; Y232; Y233,0,True,False,18fd24e4b891f594972dd0b648a2f338a3abe49c8223a7edfa799463e204cddd,True,receipt rc0+ok+cached=False+hash match,out/met_HB_2S3S__amine_cation__lateral_I34_8V82_s20240602.pdbqt,met_HB_2S3S__amine_cation__lateral_I34_8V82_s20240602.pdbqt
main,HB_2S3S,amine_cation,lateral_I34,8V82,20240603,1,-7.077,20,20,,lateral_interface,adjacent_to_I34_site,other_interface,-3.63,11.76,6.23,1.888,0.375,3,8,3.02,0,0.016,0,I34:A,9.38,0.143,A:TYR209; A:TYR210; A:ASN213; A:LEU214; A:LEU255*; A:GLU258*; E:LYS45; E:ALA257*,A280; E281; K68; L237; L278; N236; Y232; Y233,0,True,False,0846aaa570138d65645cafae489177d40e462c9d80b1e3f17340ddfd5fec81b4,True,receipt rc0+ok+cached=False+hash match,out/met_HB_2S3S__amine_cation__lateral_I34_8V82_s20240603.pdbqt,met_HB_2S3S__amine_cation__lateral_I34_8V82_s20240603.pdbqt
main,HB_2S3S,amine_cation,lateral_I34,8V8A,20240601,1,-7.097,20,20,,lateral_interface,in_I34_site,I34_pocket,-13.35,20.27,7.68,2.641,0.1,1,10,2.98,0,4.178,0,I34:A,4.56,0.538,A:LEU212; A:ILE216; A:PRO217; A:LEU220; E:MET253*; E:VAL267; E:ALA271; E:ALA275; E:MET278; E:ILE279,A294; A298; I239; I302; L235; L243; M276; M301; P240; V290,0,True,False,7631bc0a4d45d9b704c139f1bfbd28a9fed041a068117460d23f936242396832,True,receipt rc0+ok+cached=False+hash match,out/met_HB_2S3S__amine_cation__lateral_I34_8V8A_s20240601.pdbqt,met_HB_2S3S__amine_cation__lateral_I34_8V8A_s20240601.pdbqt
main,HB_2S3S,amine_cation,lateral_I34,8V8A,20240602,1,-7.054,20,20,,lateral_interface,in_I34_site,I34_pocket,-13.34,20.31,7.68,2.646,0.1,1,10,2.95,0,4.154,0,I34:A,4.59,0.538,A:LEU212; A:ILE216; A:PRO217; A:LEU220; E:MET253*; E:VAL267; E:ALA271; E:ALA275; E:MET278; E:ILE279,A294; A298; I239; I302; L235; L243; M276; M301; P240; V290,0,True,False,cac575462ee588157b42527bfab4a159263832be28c760d79879607056431fd5,True,receipt rc0+ok+cached=False+hash match,out/met_HB_2S3S__amine_cation__lateral_I34_8V8A_s20240602.pdbqt,met_HB_2S3S__amine_cation__lateral_I34_8V8A_s20240602.pdbqt
main,HB_2S3S,amine_cation,lateral_I34,8V8A,20240603,1,-7.079,20,20,,lateral_interface,in_I34_site,I34_pocket,-13.33,20.31,7.68,2.646,0.1,1,10,2.95,0,4.194,0,I34:A,4.58,0.538,A:LEU212; A:ILE216; A:PRO217; A:LEU220; E:MET253*; E:VAL267; E:ALA271; E:ALA275; E:MET278; E:ILE279,A294; A298; I239; I302; L235; L243; M276; M301; P240; V290,0,True,False,ab5affa6b212b69845310b976ec335432e949a232aba776a3c452b099c692764,True,receipt rc0+ok+cached=False+hash match,out/met_HB_2S3S__amine_cation__lateral_I34_8V8A_s20240603.pdbqt,met_HB_2S3S__amine_cation__lateral_I34_8V8A_s20240603.pdbqt
main,HB_2S3S,amine_cation,midpore,8V82,20240601,1,-6.521,20,20,search_space_gt_27000,pore_lumen,away_from_I34_site,pore_lumen,-29.86,0.75,4.22,0.178,0.909,10,11,2.81,0,3.092,0,I34:C,24.45,0.0,A:GLY236; A:GLU237*; A:SER240*; B:SER240*; B:ILE243*; B:THR244*; C:SER240*; C:LEU241*; C:THR244*; D:SER240*; E:SER240*,E260; G259; I266; L264; S263; T267,0,True,False,1c72716bb70b155d3fd422a89405baf24e9d5972acfc0c02bdf40dcb3da016ca,True,receipt rc0+ok+cached=False+hash match,out/met_HB_2S3S__amine_cation__midpore_8V82_s20240601.pdbqt,met_HB_2S3S__amine_cation__midpore_8V82_s20240601.pdbqt
main,HB_2S3S,amine_cation,midpore,8V82,20240602,1,-6.52,20,20,search_space_gt_27000,pore_lumen,away_from_I34_site,pore_lumen,-29.86,0.74,4.22,0.176,0.909,10,11,2.8,0,3.108,0,I34:E,24.46,0.0,A:SER240*; B:SER240*; C:GLY236; C:GLU237*; C:SER240*; D:SER240*; D:ILE243*; D:THR244*; E:SER240*; E:LEU241*; E:THR244*,E260; G259; I266; L264; S263; T267,0,True,False,a678b8b9a61890eae930b702192f25c00ada321638f73536c15a4df9d0f58da7,True,receipt rc0+ok+cached=False+hash match,out/met_HB_2S3S__amine_cation__midpore_8V82_s20240602.pdbqt,met_HB_2S3S__amine_cation__midpore_8V82_s20240602.pdbqt
main,HB_2S3S,amine_cation,midpore,8V82,20240603,1,-7.183,20,20,search_space_gt_27000,lateral_interface,adjacent_to_I34_site,other_interface,-19.22,17.81,7.69,2.316,0.111,1,9,2.7,0,-0.08,1,I34:C,8.28,0.214,B:LEU246*; B:MET278; B:ILE279; B:GLY282; B:LEU283; C:PRO217; C:LEU220; C:ILE221; C:LEU224,G305; I244; I302; L243; L247; L269; L306; M301; P240,0,True,False,2b7ec220b8d678cc5aecf8a3c96b7a983080831c2a0cd43c79e6a398d87215d4,True,receipt rc0+ok+cached=False+hash match,out/met_HB_2S3S__amine_cation__midpore_8V82_s20240603.pdbqt,met_HB_2S3S__amine_cation__midpore_8V82_s20240603.pdbqt
main,HB_2S3S,amine_cation,midpore,8V8A,20240601,1,-7.156,20,20,search_space_gt_27000,lateral_interface,adjacent_to_I34_site,other_interface,-19.45,17.7,7.69,2.302,0.111,1,9,2.67,0,0.22,0,I34:D,8.41,0.231,C:LEU246*; C:MET278; C:ILE279; C:GLY282; C:LEU283; D:PRO217; D:LEU220; D:ILE221; D:LEU224,G305; I244; I302; L243; L247; L269; L306; M301; P240,0,True,False,a4686b481acb9ee1d55177b7c306992ae45f72c243a9d2745dcbde9df21cd393,True,receipt rc0+ok+cached=False+hash match,out/met_HB_2S3S__amine_cation__midpore_8V8A_s20240601.pdbqt,met_HB_2S3S__amine_cation__midpore_8V8A_s20240601.pdbqt
main,HB_2S3S,amine_cation,midpore,8V8A,20240602,1,-6.13,20,20,search_space_gt_27000,pore_lumen,away_from_I34_site,pore_lumen,-33.07,0.42,5.36,0.079,0.643,9,14,3.37,0,-0.18,2,I34:A,27.0,0.0,A:GLY236; A:GLU237*; A:SER240*; A:THR244*; B:GLY236; B:GLU237*; B:SER240*; C:GLY236; D:GLY236; D:GLU237*; D:SER240*; E:GLY236; E:GLU237*; E:SER240*,E260; G259; S263; T267,0,True,False,17e6df8aaae589e63f7729e33f2e19c45a03cb73c9c2ef03f87eaafe7d3e487f,True,receipt rc0+ok+cached=False+hash match,out/met_HB_2S3S__amine_cation__midpore_8V8A_s20240602.pdbqt,met_HB_2S3S__amine_cation__midpore_8V8A_s20240602.pdbqt
main,HB_2S3S,amine_cation,midpore,8V8A,20240603,1,-6.128,20,20,search_space_gt_27000,pore_lumen,away_from_I34_site,pore_lumen,-33.05,0.46,5.36,0.087,0.615,8,13,3.35,0,-0.168,2,I34:A,26.96,0.0,A:GLY236; A:GLU237*; A:SER240*; B:GLY236; B:GLU237*; B:SER240*; C:GLY236; D:GLY236; D:GLU237*; D:SER240*; E:GLY236; E:GLU237*; E:SER240*,E260; G259; S263,0,True,False,20a436d47d7602dbfdf7bec0397c0b94dcc0a67e4e6c239c23ce23c8dcc41ec6,True,receipt rc0+ok+cached=False+hash match,out/met_HB_2S3S__amine_cation__midpore_8V8A_s20240603.pdbqt,met_HB_2S3S__amine_cation__midpore_8V8A_s20240603.pdbqt
main,HB_2S3S,amine_cation,ortho,8V82,20240601,1,-5.051,11,20,,off_site,in_EPJ_site,EPJ_pocket,32.32,24.33,11.78,2.066,0.0,0,13,2.5,0,5.213,0,EPJ:A,1.49,0.909,A:TRP148; A:SER149; A:TYR187; A:CYS189; A:CYS190; A:TYR194; B:TRP54; B:ASN106; B:VAL107; B:LEU108; B:GLN116; B:TYR117; B:LEU118,C212; C213; L131; L141; N129; Q139; S172; V130; W171; W77; Y140; Y210; Y217,0,True,False,0558e192ee05aab789054c3046c3f03314cad1e7c9b5236d5a0e0991e1f119af,True,receipt rc0+ok+cached=False+hash match,out/met_HB_2S3S__amine_cation__ortho_8V82_s20240601.pdbqt,met_HB_2S3S__amine_cation__ortho_8V82_s20240601.pdbqt
main,HB_2S3S,amine_cation,ortho,8V82,20240602,1,-5.05,11,20,,off_site,in_EPJ_site,EPJ_pocket,32.33,24.32,11.78,2.065,0.0,0,13,2.49,0,5.207,0,EPJ:A,1.49,0.909,A:TRP148; A:SER149; A:TYR187; A:CYS189; A:CYS190; A:TYR194; B:TRP54; B:ASN106; B:VAL107; B:LEU108; B:GLN116; B:TYR117; B:LEU118,C212; C213; L131; L141; N129; Q139; S172; V130; W171; W77; Y140; Y210; Y217,0,True,False,e9b99daa57101948c57f0d4950606b050eb590da96455e9876c01aa94fd13ae0,True,receipt rc0+ok+cached=False+hash match,out/met_HB_2S3S__amine_cation__ortho_8V82_s20240602.pdbqt,met_HB_2S3S__amine_cation__ortho_8V82_s20240602.pdbqt
main,HB_2S3S,amine_cation,ortho,8V82,20240603,1,-5.052,12,20,,off_site,in_EPJ_site,EPJ_pocket,32.32,24.31,11.78,2.064,0.0,0,13,2.49,0,5.202,0,EPJ:A,1.5,0.909,A:TRP148; A:SER149; A:TYR187; A:CYS189; A:CYS190; A:TYR194; B:TRP54; B:ASN106; B:VAL107; B:LEU108; B:GLN116; B:TYR117; B:LEU118,C212; C213; L131; L141; N129; Q139; S172; V130; W171; W77; Y140; Y210; Y217,0,True,False,67b9c29421c07136e9270948bd0db851afc78900020cc56c857b6440e2413873,True,receipt rc0+ok+cached=False+hash match,out/met_HB_2S3S__amine_cation__ortho_8V82_s20240603.pdbqt,met_HB_2S3S__amine_cation__ortho_8V82_s20240603.pdbqt
main,HB_2S3S,amine_cation,ortho,8V8A,20240601,1,-5.494,16,20,,off_site,adjacent_to_EPJ_site,other_interface,38.95,30.45,10.2,2.986,0.0,0,9,2.98,0,-0.163,1,EPJ:A,10.28,0.25,A:TRP153; A:CYS190; A:GLU192; B:THR76; B:LEU108; B:ASN110; B:HIS114; B:CYS115; B:GLN116,C138; C213; E215; H137; L131; N133; Q139; T99; W176,0,True,False,3ecece5be267e6c486eb9c51c89f2e7296ded85d6c32f136525d4674b079f184,True,receipt rc0+ok+cached=False+hash match,out/met_HB_2S3S__amine_cation__ortho_8V8A_s20240601.pdbqt,met_HB_2S3S__amine_cation__ortho_8V8A_s20240601.pdbqt
main,HB_2S3S,amine_cation,ortho,8V8A,20240602,1,-5.499,12,20,,off_site,adjacent_to_EPJ_site,other_interface,39.5,30.97,10.2,3.037,0.0,0,7,2.65,0,-0.165,1,EPJ:A,10.69,0.167,A:TRP153; A:GLU192; B:THR76; B:LEU108; B:ASN110; B:HIS114; B:GLN116,E215; H137; L131; N133; Q139; T99; W176,0,True,False,3025cb7f537ea352b352fb6040920aa300e6a7e5ce5d323e86a257f5fdd95c23,True,receipt rc0+ok+cached=False+hash match,out/met_HB_2S3S__amine_cation__ortho_8V8A_s20240602.pdbqt,met_HB_2S3S__amine_cation__ortho_8V8A_s20240602.pdbqt
main,HB_2S3S,amine_cation,ortho,8V8A,20240603,1,-5.448,17,20,,off_site,adjacent_to_EPJ_site,other_interface,39.45,31.1,10.2,3.049,0.0,0,7,2.73,0,-0.163,2,EPJ:A,10.72,0.167,A:TRP153; A:GLU192; B:THR76; B:LEU108; B:ASN110; B:HIS114; B:GLN116,E215; H137; L131; N133; Q139; T99; W176,0,True,False,cf30105e01317b641a4b0d897441d0ce86594fa82ddd48ec640109b5473d295f,True,receipt rc0+ok+cached=False+hash match,out/met_HB_2S3S__amine_cation__ortho_8V8A_s20240603.pdbqt,met_HB_2S3S__amine_cation__ortho_8V8A_s20240603.pdbqt
main,HB_2S3S,amine_cation,outerpore,8V82,20240601,1,-6.92,19,20,,lateral_interface,adjacent_to_I34_site,other_interface,-3.25,11.85,7.16,1.656,0.3,3,10,3.22,0,0.136,0,I34:A,9.89,0.143,A:TYR209; A:TYR210; A:ASN213; A:LEU214; A:LEU255*; A:GLU258*; A:ILE259; E:LYS45; E:ALA257*; E:ALA262,A280; A285; E281; I282; K68; L237; L278; N236; Y232; Y233,0,True,False,5a39ffde18249ce7100d7093d66d4ae4c2cca5b8536d5f26fdcef03298bed1dd,True,receipt rc0+ok+cached=False+hash match,out/met_HB_2S3S__amine_cation__outerpore_8V82_s20240601.pdbqt,met_HB_2S3S__amine_cation__outerpore_8V82_s20240601.pdbqt
main,HB_2S3S,amine_cation,outerpore,8V82,20240602,1,-7.057,20,20,,lateral_interface,adjacent_to_I34_site,other_interface,-3.42,11.95,6.23,1.919,0.4,4,10,3.12,0,0.427,0,I34:D,9.58,0.214,C:LYS45; C:LEU254*; C:ALA257*; C:ALA262; D:TYR209; D:TYR210; D:ASN213; D:LEU214; D:LEU255*; D:GLU258*,A280; A285; E281; K68; L237; L277; L278; N236; Y232; Y233,0,True,False,c807256a41fd286023a79152029dbae5d189df8bc60513311c59960f460e6e4d,True,receipt rc0+ok+cached=False+hash match,out/met_HB_2S3S__amine_cation__outerpore_8V82_s20240602.pdbqt,met_HB_2S3S__amine_cation__outerpore_8V82_s20240602.pdbqt
main,HB_2S3S,amine_cation,outerpore,8V82,20240603,1,-6.935,20,20,,lateral_interface,adjacent_to_I34_site,other_interface,-3.23,11.85,7.16,1.655,0.364,4,11,3.23,0,0.084,0,I34:A,9.92,0.214,A:TYR209; A:TYR210; A:ASN213; A:LEU214; A:LEU255*; A:GLU258*; A:ILE259; E:LYS45; E:LEU254*; E:ALA257*; E:ALA262,A280; A285; E281; I282; K68; L237; L277; L278; N236; Y232; Y233,0,True,False,df37f33da058c13044421f686c94f5a2fb9a457a6c7b1129862ec2d1702bd94c,True,receipt rc0+ok+cached=False+hash match,out/met_HB_2S3S__amine_cation__outerpore_8V82_s20240603.pdbqt,met_HB_2S3S__amine_cation__outerpore_8V82_s20240603.pdbqt
main,HB_2S3S,amine_cation,outerpore,8V8A,20240601,1,-6.371,20,20,,lateral_interface,adjacent_to_I34_site,other_interface,-3.75,11.31,7.14,1.584,0.4,4,10,2.7,0,1.061,0,I34:E,9.49,0.154,D:LYS45; D:LEU254*; D:ALA257*; E:TYR209; E:TYR210; E:ASN213; E:LEU214; E:LEU255*; E:GLU258*; E:ILE259,A280; E281; I282; K68; L237; L277; L278; N236; Y232; Y233,0,True,False,8dc560acebff270bf844b4da3d9a254192244fe1ef41d0b282a9bfe5cfde0360,True,receipt rc0+ok+cached=False+hash match,out/met_HB_2S3S__amine_cation__outerpore_8V8A_s20240601.pdbqt,met_HB_2S3S__amine_cation__outerpore_8V8A_s20240601.pdbqt
main,HB_2S3S,amine_cation,outerpore,8V8A,20240602,1,-6.356,20,20,,lateral_interface,adjacent_to_I34_site,other_interface,-3.7,11.23,7.14,1.572,0.4,4,10,2.69,0,0.958,0,I34:E,9.58,0.154,D:LYS45; D:LEU254*; D:ALA257*; E:TYR209; E:TYR210; E:ASN213; E:LEU214; E:LEU255*; E:GLU258*; E:ILE259,A280; E281; I282; K68; L237; L277; L278; N236; Y232; Y233,0,True,False,2ec0abbc89cda457037fd9e8a4cb9a7bba637ca83e1902a6af5410c8740983c5,True,receipt rc0+ok+cached=False+hash match,out/met_HB_2S3S__amine_cation__outerpore_8V8A_s20240602.pdbqt,met_HB_2S3S__amine_cation__outerpore_8V8A_s20240602.pdbqt
main,HB_2S3S,amine_cation,outerpore,8V8A,20240603,1,-6.353,20,20,,lateral_interface,adjacent_to_I34_site,other_interface,-3.69,11.13,7.14,1.558,0.4,4,10,2.7,0,0.884,0,I34:B,9.65,0.154,A:LYS45; A:LEU254*; A:ALA257*; B:TYR209; B:TYR210; B:ASN213; B:LEU214; B:LEU255*; B:GLU258*; B:ILE259,A280; E281; I282; K68; L237; L277; L278; N236; Y232; Y233,0,True,False,a2e1c2beabdd9e70d96b0b4d8e363c2cef3ec0bebe8cf2f78ebb9cd2ea363e94,True,receipt rc0+ok+cached=False+hash match,out/met_HB_2S3S__amine_cation__outerpore_8V8A_s20240603.pdbqt,met_HB_2S3S__amine_cation__outerpore_8V8A_s20240603.pdbqt
main,HB_2S3S,neutral,lateral_I34,8V82,20240601,1,-6.351,20,20,,lateral_interface,adjacent_to_I34_site,other_interface,-3.22,10.55,7.16,1.474,0.444,4,9,3.11,0,0.154,0,I34:A,10.3,0.071,A:TYR209; A:TYR210; A:LEU214; A:LEU255*; A:GLU258*; A:ILE259; E:LYS45; E:ALA257*; E:GLU258*,A280; E281; I282; K68; L237; L278; Y232; Y233,0,True,False,25be5efe6ff6b73fc03933a1b81eb672ef929ba1194a72c8b002d7c4aa34230d,True,receipt rc0+ok+cached=False+hash match,out/met_HB_2S3S__neutral__lateral_I34_8V82_s20240601.pdbqt,met_HB_2S3S__neutral__lateral_I34_8V82_s20240601.pdbqt
main,HB_2S3S,neutral,lateral_I34,8V82,20240602,1,-6.346,20,20,,lateral_interface,adjacent_to_I34_site,other_interface,-3.28,10.59,7.16,1.479,0.444,4,9,3.09,0,0.215,0,I34:A,10.22,0.143,A:TYR209; A:TYR210; A:ASN213; A:LEU255*; A:GLU258*; A:ILE259; E:LYS45; E:ALA257*; E:GLU258*,A280; E281; I282; K68; L278; N236; Y232; Y233,0,True,False,fb0b8f6412064641b18a94b5894b68385aaf1e1c714bad9b109d3723cc49065e,True,receipt rc0+ok+cached=False+hash match,out/met_HB_2S3S__neutral__lateral_I34_8V82_s20240602.pdbqt,met_HB_2S3S__neutral__lateral_I34_8V82_s20240602.pdbqt
main,HB_2S3S,neutral,lateral_I34,8V82,20240603,1,-6.362,20,20,,lateral_interface,adjacent_to_I34_site,other_interface,-3.25,10.57,7.16,1.476,0.444,4,9,3.11,0,0.182,0,I34:A,10.26,0.143,A:TYR209; A:TYR210; A:ASN213; A:LEU255*; A:GLU258*; A:ILE259; E:LYS45; E:ALA257*; E:GLU258*,A280; E281; I282; K68; L278; N236; Y232; Y233,0,True,False,02f36bb753982cef525f87e8ba780a3a00f15af1057dfbf2da1952dd9860f99e,True,receipt rc0+ok+cached=False+hash match,out/met_HB_2S3S__neutral__lateral_I34_8V82_s20240603.pdbqt,met_HB_2S3S__neutral__lateral_I34_8V82_s20240603.pdbqt
main,HB_2S3S,neutral,lateral_I34,8V8A,20240601,1,-7.118,20,20,,lateral_interface,in_I34_site,I34_pocket,-13.36,20.33,7.68,2.649,0.1,1,10,3.0,0,4.049,0,I34:A,4.62,0.538,A:LEU212; A:ILE216; A:PRO217; A:LEU220; E:MET253*; E:VAL267; E:ALA271; E:ALA275; E:MET278; E:ILE279,A294; A298; I239; I302; L235; L243; M276; M301; P240; V290,0,True,False,4f8c2584a247441b4f640260c3427d4f6b1a8f5324ea6537afa26669da23a3eb,True,receipt rc0+ok+cached=False+hash match,out/met_HB_2S3S__neutral__lateral_I34_8V8A_s20240601.pdbqt,met_HB_2S3S__neutral__lateral_I34_8V8A_s20240601.pdbqt
main,HB_2S3S,neutral,lateral_I34,8V8A,20240602,1,-7.129,20,20,,lateral_interface,in_I34_site,I34_pocket,-13.35,20.33,7.68,2.649,0.1,1,10,3.0,0,4.047,0,I34:A,4.61,0.538,A:LEU212; A:ILE216; A:PRO217; A:LEU220; E:MET253*; E:VAL267; E:ALA271; E:ALA275; E:MET278; E:ILE279,A294; A298; I239; I302; L235; L243; M276; M301; P240; V290,0,True,False,21d671aaf8cf07d744473bd6da8c40ba1749a8a4e6807d81e1daaae09849939a,True,receipt rc0+ok+cached=False+hash match,out/met_HB_2S3S__neutral__lateral_I34_8V8A_s20240602.pdbqt,met_HB_2S3S__neutral__lateral_I34_8V8A_s20240602.pdbqt
main,HB_2S3S,neutral,lateral_I34,8V8A,20240603,1,-7.125,20,20,,lateral_interface,in_I34_site,I34_pocket,-13.37,20.32,7.68,2.647,0.1,1,10,3.0,0,4.04,0,I34:A,4.61,0.538,A:LEU212; A:ILE216; A:PRO217; A:LEU220; E:MET253*; E:VAL267; E:ALA271; E:ALA275; E:MET278; E:ILE279,A294; A298; I239; I302; L235; L243; M276; M301; P240; V290,0,True,False,97bae2513b3c96895390b727c3b9bdc2a69e56d9f691819fbf4b7356a5a0013d,True,receipt rc0+ok+cached=False+hash match,out/met_HB_2S3S__neutral__lateral_I34_8V8A_s20240603.pdbqt,met_HB_2S3S__neutral__lateral_I34_8V8A_s20240603.pdbqt
main,HB_2S3S,neutral,midpore,8V82,20240601,1,-6.588,20,20,search_space_gt_27000,pore_lumen,away_from_I34_site,pore_lumen,-29.66,0.55,4.22,0.131,1.0,9,9,2.83,0,3.264,0,I34:A,24.43,0.0,A:SER240*; A:ILE243*; A:THR244*; B:THR244*; C:SER240*; D:SER240*; E:GLU237*; E:SER240*; E:THR244*,E260; I266; S263; T267,0,True,False,77210597e886604a52e68d4f9786a72f540dbe9723bb69e4169ec93383e86494,True,receipt rc0+ok+cached=False+hash match,out/met_HB_2S3S__neutral__midpore_8V82_s20240601.pdbqt,met_HB_2S3S__neutral__midpore_8V82_s20240601.pdbqt
main,HB_2S3S,neutral,midpore,8V82,20240602,1,-6.598,20,20,search_space_gt_27000,pore_lumen,away_from_I34_site,pore_lumen,-29.61,0.56,4.22,0.133,1.0,8,8,2.85,0,3.324,0,I34:A,24.38,0.0,A:SER240*; A:ILE243*; A:THR244*; B:THR244*; C:SER240*; D:SER240*; E:SER240*; E:THR244*,I266; S263; T267,0,True,False,fc3481edca0583651297ce4a520fbae7bec9caa57b4fd148066fe38e0dda712a,True,receipt rc0+ok+cached=False+hash match,out/met_HB_2S3S__neutral__midpore_8V82_s20240602.pdbqt,met_HB_2S3S__neutral__midpore_8V82_s20240602.pdbqt
main,HB_2S3S,neutral,midpore,8V82,20240603,1,-6.596,20,20,search_space_gt_27000,pore_lumen,away_from_I34_site,pore_lumen,-29.63,0.56,4.22,0.134,1.0,9,9,2.85,0,3.276,0,I34:A,24.39,0.0,A:SER240*; A:ILE243*; A:THR244*; B:THR244*; C:SER240*; D:SER240*; E:GLU237*; E:SER240*; E:THR244*,E260; I266; S263; T267,0,True,False,97b132efeb594a5c05532c7d0b1c45264aa86861eedf11ea69058bd0fc0ae598,True,receipt rc0+ok+cached=False+hash match,out/met_HB_2S3S__neutral__midpore_8V82_s20240603.pdbqt,met_HB_2S3S__neutral__midpore_8V82_s20240603.pdbqt
main,HB_2S3S,neutral,midpore,8V8A,20240601,1,-6.234,20,20,search_space_gt_27000,pore_lumen,away_from_I34_site,pore_lumen,-33.03,0.37,5.36,0.069,0.615,8,13,3.38,0,-0.184,1,I34:C,26.99,0.0,A:GLY236; A:GLU237*; A:SER240*; B:GLY236; B:GLU237*; B:SER240*; C:GLY236; C:GLU237*; C:SER240*; D:GLY236; D:GLU237*; D:SER240*; E:GLY236,E260; G259; S263,0,True,False,d9ae8d3eee5df9cf893b836c33d7ad342143700911da5d2bf156bc2724503ad4,True,receipt rc0+ok+cached=False+hash match,out/met_HB_2S3S__neutral__midpore_8V8A_s20240601.pdbqt,met_HB_2S3S__neutral__midpore_8V8A_s20240601.pdbqt
main,HB_2S3S,neutral,midpore,8V8A,20240602,1,-6.881,20,20,search_space_gt_27000,lateral_interface,adjacent_to_I34_site,other_interface,-19.66,17.87,7.69,2.324,0.111,1,9,2.52,0,0.015,0,I34:D,8.65,0.231,C:LEU246*; C:MET278; C:ILE279; C:GLY282; C:LEU283; D:PRO217; D:LEU220; D:ILE221; D:LEU224,G305; I244; I302; L243; L247; L269; L306; M301; P240,0,True,False,353169ea93023175c3ea803353a58f63d23989434dcad0c733347c7d2cd7d071,True,receipt rc0+ok+cached=False+hash match,out/met_HB_2S3S__neutral__midpore_8V8A_s20240602.pdbqt,met_HB_2S3S__neutral__midpore_8V8A_s20240602.pdbqt
main,HB_2S3S,neutral,midpore,8V8A,20240603,1,-6.898,20,20,search_space_gt_27000,lateral_interface,adjacent_to_I34_site,other_interface,-19.65,17.91,7.69,2.328,0.111,1,9,2.51,0,0.018,0,I34:D,8.65,0.231,C:LEU246*; C:MET278; C:ILE279; C:GLY282; C:LEU283; D:PRO217; D:LEU220; D:ILE221; D:LEU224,G305; I244; I302; L243; L247; L269; L306; M301; P240,0,True,False,7ea1558f148ba06a9232ce87bbaeedc0dca29ada6df40e681b7a93d5bd52f3d1,True,receipt rc0+ok+cached=False+hash match,out/met_HB_2S3S__neutral__midpore_8V8A_s20240603.pdbqt,met_HB_2S3S__neutral__midpore_8V8A_s20240603.pdbqt
main,HB_2S3S,neutral,ortho,8V82,20240601,1,-4.896,12,20,,off_site,in_EPJ_site,EPJ_pocket,32.22,24.32,11.78,2.065,0.0,0,13,2.54,0,5.177,0,EPJ:A,1.41,0.909,A:TRP148; A:SER149; A:TYR187; A:CYS189; A:CYS190; A:TYR194; B:TRP54; B:ASN106; B:VAL107; B:LEU108; B:GLN116; B:TYR117; B:LEU118,C212; C213; L131; L141; N129; Q139; S172; V130; W171; W77; Y140; Y210; Y217,0,True,False,4c6263836015b00d922cc66b47e5679c7b093331f21a8a132f0eecd97c0339f2,True,receipt rc0+ok+cached=False+hash match,out/met_HB_2S3S__neutral__ortho_8V82_s20240601.pdbqt,met_HB_2S3S__neutral__ortho_8V82_s20240601.pdbqt
main,HB_2S3S,neutral,ortho,8V82,20240602,1,-4.974,16,20,,off_site,in_EPJ_site,EPJ_pocket,32.26,24.34,11.78,2.067,0.0,0,13,2.53,0,5.157,0,EPJ:A,1.44,0.909,A:TRP148; A:SER149; A:TYR187; A:CYS189; A:CYS190; A:TYR194; B:TRP54; B:ASN106; B:VAL107; B:LEU108; B:GLN116; B:TYR117; B:LEU118,C212; C213; L131; L141; N129; Q139; S172; V130; W171; W77; Y140; Y210; Y217,0,True,False,b5cb3befb376695de9767567771ae5ca81474dfcf4b07b9f04fa9551ad210830,True,receipt rc0+ok+cached=False+hash match,out/met_HB_2S3S__neutral__ortho_8V82_s20240602.pdbqt,met_HB_2S3S__neutral__ortho_8V82_s20240602.pdbqt
main,HB_2S3S,neutral,ortho,8V82,20240603,1,-4.896,11,20,,off_site,in_EPJ_site,EPJ_pocket,32.21,24.32,11.78,2.065,0.0,0,13,2.55,0,5.164,0,EPJ:A,1.4,0.909,A:TRP148; A:SER149; A:TYR187; A:CYS189; A:CYS190; A:TYR194; B:TRP54; B:ASN106; B:VAL107; B:LEU108; B:GLN116; B:TYR117; B:LEU118,C212; C213; L131; L141; N129; Q139; S172; V130; W171; W77; Y140; Y210; Y217,0,True,False,399bcd264ffaa6fa65ee17dea987f073bd5a98ea152005faf40101c579b9fbf4,True,receipt rc0+ok+cached=False+hash match,out/met_HB_2S3S__neutral__ortho_8V82_s20240603.pdbqt,met_HB_2S3S__neutral__ortho_8V82_s20240603.pdbqt
main,HB_2S3S,neutral,ortho,8V8A,20240601,1,-5.595,19,20,,off_site,adjacent_to_EPJ_site,other_interface,39.44,31.11,10.2,3.05,0.0,0,7,2.73,0,-0.165,2,EPJ:A,10.74,0.167,A:TRP153; A:GLU192; B:THR76; B:LEU108; B:ASN110; B:HIS114; B:GLN116,E215; H137; L131; N133; Q139; T99; W176,0,True,False,d6c1c50035df1935ba515e577df0da8100c6e41e4a35ef510860b49525bf9876,True,receipt rc0+ok+cached=False+hash match,out/met_HB_2S3S__neutral__ortho_8V8A_s20240601.pdbqt,met_HB_2S3S__neutral__ortho_8V8A_s20240601.pdbqt
main,HB_2S3S,neutral,ortho,8V8A,20240602,1,-5.62,20,20,,off_site,adjacent_to_EPJ_site,other_interface,39.43,31.1,10.2,3.05,0.0,0,7,2.74,0,-0.156,2,EPJ:A,10.73,0.167,A:TRP153; A:GLU192; B:THR76; B:LEU108; B:ASN110; B:HIS114; B:GLN116,E215; H137; L131; N133; Q139; T99; W176,0,True,False,549d98f5acf17888fe9fe92486d83534a2abeee91998e71d34ac6c0bffb41140,True,receipt rc0+ok+cached=False+hash match,out/met_HB_2S3S__neutral__ortho_8V8A_s20240602.pdbqt,met_HB_2S3S__neutral__ortho_8V8A_s20240602.pdbqt
main,HB_2S3S,neutral,ortho,8V8A,20240603,1,-5.579,19,20,,off_site,adjacent_to_EPJ_site,other_interface,39.47,31.07,10.2,3.047,0.0,0,7,2.7,0,-0.161,2,EPJ:A,10.73,0.167,A:TRP153; A:GLU192; B:THR76; B:LEU108; B:ASN110; B:HIS114; B:GLN116,E215; H137; L131; N133; Q139; T99; W176,0,True,False,c26ca5d1fc6e43b66c61a312ed815d4da9dcd5080ec6e1e88eeceb0b6e822092,True,receipt rc0+ok+cached=False+hash match,out/met_HB_2S3S__neutral__ortho_8V8A_s20240603.pdbqt,met_HB_2S3S__neutral__ortho_8V8A_s20240603.pdbqt
main,HB_2S3S,neutral,outerpore,8V82,20240601,1,-6.952,19,20,,lateral_interface,adjacent_to_I34_site,other_interface,-3.24,12.01,7.16,1.677,0.3,3,10,3.3,0,0.026,0,I34:E,9.84,0.143,D:LYS45; D:ALA257*; D:ALA262; E:TYR209; E:TYR210; E:ASN213; E:LEU214; E:LEU255*; E:GLU258*; E:ILE259,A280; A285; E281; I282; K68; L237; L278; N236; Y232; Y233,0,True,False,6fec9819381fae1a82894866547eaf180ae9df33b6eaf40239939061b8905b8e,True,receipt rc0+ok+cached=False+hash match,out/met_HB_2S3S__neutral__outerpore_8V82_s20240601.pdbqt,met_HB_2S3S__neutral__outerpore_8V82_s20240601.pdbqt
main,HB_2S3S,neutral,outerpore,8V82,20240602,1,-6.896,20,20,,lateral_interface,adjacent_to_I34_site,other_interface,-3.3,11.91,7.16,1.663,0.4,4,10,3.35,0,0.057,0,I34:B,9.87,0.214,A:LYS45; A:LEU254*; A:ALA257*; B:TYR209; B:TYR210; B:ASN213; B:LEU214; B:LEU255*; B:GLU258*; B:ILE259,A280; E281; I282; K68; L237; L277; L278; N236; Y232; Y233,0,True,False,e0395c178914cfe9f9f3bbdc48bef886a01730e76343c63f946d8f831155d51e,True,receipt rc0+ok+cached=False+hash match,out/met_HB_2S3S__neutral__outerpore_8V82_s20240602.pdbqt,met_HB_2S3S__neutral__outerpore_8V82_s20240602.pdbqt
main,HB_2S3S,neutral,outerpore,8V82,20240603,1,-6.899,20,20,,lateral_interface,adjacent_to_I34_site,other_interface,-3.25,11.86,7.16,1.656,0.333,3,9,3.34,0,-0.03,1,I34:B,9.91,0.143,A:LYS45; A:ALA257*; B:TYR209; B:TYR210; B:ASN213; B:LEU214; B:LEU255*; B:GLU258*; B:ILE259,A280; E281; I282; K68; L237; L278; N236; Y232; Y233,0,True,False,9a1f92b12ff58e801cf390591e09239e1964a254c8a9073c55adcfec1c93a6f6,True,receipt rc0+ok+cached=False+hash match,out/met_HB_2S3S__neutral__outerpore_8V82_s20240603.pdbqt,met_HB_2S3S__neutral__outerpore_8V82_s20240603.pdbqt
main,HB_2S3S,neutral,outerpore,8V8A,20240601,1,-6.098,19,20,,lateral_interface,adjacent_to_I34_site,other_interface,-2.71,9.62,7.54,1.275,0.444,4,9,3.14,0,0.711,0,I34:C,11.22,0.077,B:LYS45; B:ALA257*; B:GLU258*; C:TYR209; C:TYR210; C:LEU214; C:LEU255*; C:GLU258*; C:ILE259,A280; E281; I282; K68; L237; L278; Y232; Y233,0,True,False,1aa624907a8ce36f6192491c42825f7524dd05b2f0585ffb69d38593ef7bbc70,True,receipt rc0+ok+cached=False+hash match,out/met_HB_2S3S__neutral__outerpore_8V8A_s20240601.pdbqt,met_HB_2S3S__neutral__outerpore_8V8A_s20240601.pdbqt
main,HB_2S3S,neutral,outerpore,8V8A,20240602,1,-6.116,20,20,,lateral_interface,adjacent_to_I34_site,other_interface,-2.74,9.61,7.54,1.275,0.444,4,9,3.12,0,0.754,0,I34:E,11.18,0.077,D:LYS45; D:ALA257*; D:GLU258*; E:TYR209; E:TYR210; E:LEU214; E:LEU255*; E:GLU258*; E:ILE259,A280; E281; I282; K68; L237; L278; Y232; Y233,0,True,False,00343c9e1c523995ff9a697e0539c7e3104f6780d55c0258f343965825fd4c4f,True,receipt rc0+ok+cached=False+hash match,out/met_HB_2S3S__neutral__outerpore_8V8A_s20240602.pdbqt,met_HB_2S3S__neutral__outerpore_8V8A_s20240602.pdbqt
main,HB_2S3S,neutral,outerpore,8V8A,20240603,1,-6.101,19,20,,lateral_interface,adjacent_to_I34_site,other_interface,-2.72,9.59,7.54,1.272,0.444,4,9,3.12,0,0.743,0,I34:E,11.21,0.077,D:LYS45; D:ALA257*; D:GLU258*; E:TYR209; E:TYR210; E:LEU214; E:LEU255*; E:GLU258*; E:ILE259,A280; E281; I282; K68; L237; L278; Y232; Y233,0,True,False,bb27c85f413be8992312aa7860334ead4d12a093ca226bc991c4db84c8d0220f,True,receipt rc0+ok+cached=False+hash match,out/met_HB_2S3S__neutral__outerpore_8V8A_s20240603.pdbqt,met_HB_2S3S__neutral__outerpore_8V8A_s20240603.pdbqt
main,OH4p_R,amine_cation,lateral_I34,8V82,20240601,1,-6.672,20,20,,lateral_interface,in_I34_site,I34_pocket,-15.11,16.02,8.46,1.894,0.3,3,10,3.35,0,1.85,0,I34:A,4.08,0.5,A:ASN213; A:PRO217; A:LEU220; A:ILE221; A:PHE252*; E:LEU246*; E:MET253*; E:ALA275; E:MET278; E:ILE279,A298; F275; I244; I302; L243; L269; M276; M301; N236; P240,0,True,False,1f7f3c943806d0be9553fab9230a732c82e8762ed43040fa1342f875cce71388,True,receipt rc0+ok+cached=False+hash match,out/met_OH4p_R__amine_cation__lateral_I34_8V82_s20240601.pdbqt,met_OH4p_R__amine_cation__lateral_I34_8V82_s20240601.pdbqt
main,OH4p_R,amine_cation,lateral_I34,8V82,20240602,1,-6.699,20,20,,lateral_interface,in_I34_site,I34_pocket,-15.1,16.02,8.46,1.895,0.3,3,10,3.38,0,1.855,0,I34:A,4.07,0.5,A:ASN213; A:PRO217; A:LEU220; A:ILE221; A:PHE252*; E:LEU246*; E:MET253*; E:ALA275; E:MET278; E:ILE279,A298; F275; I244; I302; L243; L269; M276; M301; N236; P240,0,True,False,cbbc3e53e39811d92219d4aebaf981e9fa9fec08b21d8cab1d56f45ca9bc248b,True,receipt rc0+ok+cached=False+hash match,out/met_OH4p_R__amine_cation__lateral_I34_8V82_s20240602.pdbqt,met_OH4p_R__amine_cation__lateral_I34_8V82_s20240602.pdbqt
main,OH4p_R,amine_cation,lateral_I34,8V82,20240603,1,-6.658,20,20,,lateral_interface,in_I34_site,I34_pocket,-15.13,16.03,8.46,1.896,0.3,3,10,3.35,0,1.852,0,I34:A,4.09,0.5,A:ASN213; A:PRO217; A:LEU220; A:ILE221; A:PHE252*; E:LEU246*; E:MET253*; E:ALA275; E:MET278; E:ILE279,A298; F275; I244; I302; L243; L269; M276; M301; N236; P240,0,True,False,dcd18f815e3fe1f39a089bb1758b60b2cc926057154f9d37aa7274a8d70b2f32,True,receipt rc0+ok+cached=False+hash match,out/met_OH4p_R__amine_cation__lateral_I34_8V82_s20240603.pdbqt,met_OH4p_R__amine_cation__lateral_I34_8V82_s20240603.pdbqt
main,OH4p_R,amine_cation,lateral_I34,8V8A,20240601,1,-6.016,20,20,,lateral_interface,in_I34_site,I34_pocket,-12.43,20.28,6.83,2.97,0.1,1,10,2.98,0,4.422,0,I34:A,4.21,0.538,A:LEU212; A:ASN213; A:ILE216; A:PRO217; A:LEU220; E:MET253*; E:VAL267; E:ALA271; E:ALA275; E:ILE279,A294; A298; I239; I302; L235; L243; M276; N236; P240; V290,0,True,False,e3317c92c09a95ec95c0952ef84041a617419ac13bb6f9d36439cb7263cb3efd,True,receipt rc0+ok+cached=False+hash match,out/met_OH4p_R__amine_cation__lateral_I34_8V8A_s20240601.pdbqt,met_OH4p_R__amine_cation__lateral_I34_8V8A_s20240601.pdbqt
main,OH4p_R,amine_cation,lateral_I34,8V8A,20240602,1,-5.969,20,20,,lateral_interface,in_I34_site,I34_pocket,-12.53,20.19,6.83,2.958,0.1,1,10,2.99,0,4.335,0,I34:A,4.16,0.538,A:LEU212; A:ASN213; A:ILE216; A:PRO217; A:LEU220; E:MET253*; E:VAL267; E:ALA271; E:ALA275; E:ILE279,A294; A298; I239; I302; L235; L243; M276; N236; P240; V290,0,True,False,dc1fdbed6bbf584b141b078d121f5a062c7f8c84da608bfdad008673bc028b50,True,receipt rc0+ok+cached=False+hash match,out/met_OH4p_R__amine_cation__lateral_I34_8V8A_s20240602.pdbqt,met_OH4p_R__amine_cation__lateral_I34_8V8A_s20240602.pdbqt
main,OH4p_R,amine_cation,lateral_I34,8V8A,20240603,1,-6.005,20,20,,lateral_interface,in_I34_site,I34_pocket,-12.38,20.31,6.83,2.975,0.1,1,10,3.01,0,4.525,0,I34:A,4.24,0.538,A:LEU212; A:ASN213; A:ILE216; A:PRO217; A:LEU220; E:MET253*; E:VAL267; E:ALA271; E:ALA275; E:ILE279,A294; A298; I239; I302; L235; L243; M276; N236; P240; V290,0,True,False,d2cf73ec815d47014ac16f67ee744e3559fb6c85c4c42fd10e5448a08d144488,True,receipt rc0+ok+cached=False+hash match,out/met_OH4p_R__amine_cation__lateral_I34_8V8A_s20240603.pdbqt,met_OH4p_R__amine_cation__lateral_I34_8V8A_s20240603.pdbqt
main,OH4p_R,amine_cation,midpore,8V82,20240601,1,-6.59,20,20,search_space_gt_27000,lateral_interface,in_I34_site,I34_pocket,-15.27,16.39,8.46,1.939,0.3,3,10,3.4,0,0.254,0,I34:C,4.19,0.5,B:LEU246*; B:MET253*; B:ALA275; B:MET278; B:ILE279; C:ASN213; C:PRO217; C:LEU220; C:ILE221; C:PHE252*,A298; F275; I244; I302; L243; L269; M276; M301; N236; P240,0,True,False,8f39f6d119decc491d37c4fe515f599d37a676bce13da8ac9a0156410d8331ea,True,receipt rc0+ok+cached=False+hash match,out/met_OH4p_R__amine_cation__midpore_8V82_s20240601.pdbqt,met_OH4p_R__amine_cation__midpore_8V82_s20240601.pdbqt
main,OH4p_R,amine_cation,midpore,8V82,20240602,1,-6.594,20,20,search_space_gt_27000,lateral_interface,in_I34_site,I34_pocket,-15.31,16.43,8.46,1.943,0.3,3,10,3.4,0,0.154,0,I34:C,4.23,0.5,B:LEU246*; B:MET253*; B:ALA275; B:MET278; B:ILE279; C:ASN213; C:PRO217; C:LEU220; C:ILE221; C:PHE252*,A298; F275; I244; I302; L243; L269; M276; M301; N236; P240,0,True,False,e8d39fa23b4ef687326677605283efcdd026145bd248aa22a2255bc1f2c78642,True,receipt rc0+ok+cached=False+hash match,out/met_OH4p_R__amine_cation__midpore_8V82_s20240602.pdbqt,met_OH4p_R__amine_cation__midpore_8V82_s20240602.pdbqt
main,OH4p_R,amine_cation,midpore,8V82,20240603,1,-6.595,20,20,search_space_gt_27000,lateral_interface,in_I34_site,I34_pocket,-15.26,16.35,8.46,1.934,0.333,3,9,3.43,0,0.22,0,I34:C,4.18,0.5,B:LEU246*; B:MET253*; B:ALA275; B:MET278; C:ASN213; C:PRO217; C:LEU220; C:ILE221; C:PHE252*,A298; F275; I244; L243; L269; M276; M301; N236; P240,0,True,False,885388d9831da63651eca17145623d1881aa5521848e6d3db79d7de7942bbe9e,True,receipt rc0+ok+cached=False+hash match,out/met_OH4p_R__amine_cation__midpore_8V82_s20240603.pdbqt,met_OH4p_R__amine_cation__midpore_8V82_s20240603.pdbqt
main,OH4p_R,amine_cation,midpore,8V8A,20240601,1,-5.698,20,20,search_space_gt_27000,pore_lumen,away_from_I34_site,pore_lumen,-31.22,0.83,4.78,0.174,0.857,12,14,2.71,0,1.141,0,I34:B,25.32,0.0,A:GLY236; A:GLU237*; A:SER240*; A:ILE243*; A:THR244*; B:GLU237*; B:SER240*; B:THR244*; C:SER240*; D:GLU237*; D:SER240*; E:GLY236; E:GLU237*; E:SER240*,E260; G259; I266; S263; T267,0,True,False,8bbc3541e96dca89c6f7fd13b81fb7e506b8a58a4d787be13cc5d0e1a182f577,True,receipt rc0+ok+cached=False+hash match,out/met_OH4p_R__amine_cation__midpore_8V8A_s20240601.pdbqt,met_OH4p_R__amine_cation__midpore_8V8A_s20240601.pdbqt
main,OH4p_R,amine_cation,midpore,8V8A,20240602,1,-5.688,19,20,search_space_gt_27000,pore_lumen,away_from_I34_site,pore_lumen,-31.2,0.83,4.78,0.173,0.857,12,14,2.71,0,1.172,0,I34:B,25.31,0.0,A:GLY236; A:GLU237*; A:SER240*; A:ILE243*; A:THR244*; B:GLU237*; B:SER240*; B:THR244*; C:SER240*; D:GLU237*; D:SER240*; E:GLY236; E:GLU237*; E:SER240*,E260; G259; I266; S263; T267,0,True,False,1be1ca78c348bf86455f5140e5ec532105600746fa0d32d7a6cd4ebad27e1fd1,True,receipt rc0+ok+cached=False+hash match,out/met_OH4p_R__amine_cation__midpore_8V8A_s20240602.pdbqt,met_OH4p_R__amine_cation__midpore_8V8A_s20240602.pdbqt
main,OH4p_R,amine_cation,midpore,8V8A,20240603,1,-5.742,20,20,search_space_gt_27000,pore_lumen,away_from_I34_site,pore_lumen,-30.87,0.75,4.78,0.157,0.857,12,14,2.85,0,1.359,0,I34:C,25.06,0.0,A:GLU237*; A:SER240*; B:GLY236; B:GLU237*; B:SER240*; B:ILE243*; B:THR244*; C:GLY236; C:GLU237*; C:SER240*; C:THR244*; D:GLU237*; D:SER240*; E:SER240*,E260; G259; I266; S263; T267,0,True,False,bbd94658a7ab93e0d6437dda8055d97412361e47690f098d2e99791ff623065c,True,receipt rc0+ok+cached=False+hash match,out/met_OH4p_R__amine_cation__midpore_8V8A_s20240603.pdbqt,met_OH4p_R__amine_cation__midpore_8V8A_s20240603.pdbqt
main,OH4p_R,amine_cation,ortho,8V82,20240601,1,-6.19,19,20,,off_site,in_EPJ_site,EPJ_pocket,31.7,24.54,11.78,2.084,0.0,0,14,2.57,0,4.995,0,EPJ:A,0.75,1.0,A:TYR92; A:TRP148; A:SER149; A:TYR187; A:CYS189; A:CYS190; A:TYR194; B:TRP54; B:THR105; B:ASN106; B:VAL107; B:LEU108; B:GLN116; B:LEU118,C212; C213; L131; L141; N129; Q139; S172; T128; V130; W171; W77; Y115; Y210; Y217,0,True,False,9f53d21ede356d0f0d45263184bd9e1d9ed58b9df27dfd1db81117829662579c,True,receipt rc0+ok+cached=False+hash match,out/met_OH4p_R__amine_cation__ortho_8V82_s20240601.pdbqt,met_OH4p_R__amine_cation__ortho_8V82_s20240601.pdbqt
main,OH4p_R,amine_cation,ortho,8V82,20240602,1,-6.273,18,20,,off_site,in_EPJ_site,EPJ_pocket,31.73,24.53,11.78,2.083,0.0,0,15,2.62,0,4.95,0,EPJ:A,0.78,1.0,A:TYR92; A:TRP148; A:SER149; A:TYR187; A:CYS189; A:CYS190; A:TYR194; B:TRP54; B:THR105; B:ASN106; B:VAL107; B:LEU108; B:GLN116; B:TYR117; B:LEU118,C212; C213; L131; L141; N129; Q139; S172; T128; V130; W171; W77; Y115; Y140; Y210; Y217,0,True,False,1dfbb3c455cd68191d638606b6160c4128a2cdc6e36fb58ae1e8af220363389b,True,receipt rc0+ok+cached=False+hash match,out/met_OH4p_R__amine_cation__ortho_8V82_s20240602.pdbqt,met_OH4p_R__amine_cation__ortho_8V82_s20240602.pdbqt
main,OH4p_R,amine_cation,ortho,8V82,20240603,1,-6.278,16,20,,off_site,in_EPJ_site,EPJ_pocket,31.73,24.53,11.78,2.083,0.0,0,15,2.63,0,4.944,0,EPJ:A,0.78,1.0,A:TYR92; A:TRP148; A:SER149; A:TYR187; A:CYS189; A:CYS190; A:TYR194; B:TRP54; B:THR105; B:ASN106; B:VAL107; B:LEU108; B:GLN116; B:TYR117; B:LEU118,C212; C213; L131; L141; N129; Q139; S172; T128; V130; W171; W77; Y115; Y140; Y210; Y217,0,True,False,17db7e24435c319a8b8091b33f9fd9433999750e2c5f8e032f0eac91564103ab,True,receipt rc0+ok+cached=False+hash match,out/met_OH4p_R__amine_cation__ortho_8V82_s20240603.pdbqt,met_OH4p_R__amine_cation__ortho_8V82_s20240603.pdbqt
main,OH4p_R,amine_cation,ortho,8V8A,20240601,1,-5.352,20,20,,off_site,adjacent_to_EPJ_site,other_interface,39.24,29.79,10.2,2.921,0.0,0,11,2.7,0,0.24,0,EPJ:A,9.73,0.333,A:TRP153; A:CYS190; A:LYS191; A:GLU192; A:TYR194; B:THR76; B:LEU108; B:ASN110; B:HIS114; B:CYS115; B:GLN116,C138; C213; E215; H137; K214; L131; N133; Q139; T99; W176; Y217,0,True,False,12e24ccbdefc1d1188748b01e09f8a3416bddd9af9dde28b3d0093b67abf2c10,True,receipt rc0+ok+cached=False+hash match,out/met_OH4p_R__amine_cation__ortho_8V8A_s20240601.pdbqt,met_OH4p_R__amine_cation__ortho_8V8A_s20240601.pdbqt
main,OH4p_R,amine_cation,ortho,8V8A,20240602,1,-5.292,19,20,,off_site,adjacent_to_EPJ_site,other_interface,39.24,29.76,10.2,2.918,0.0,0,12,2.7,0,0.202,0,EPJ:A,9.7,0.333,A:TRP153; A:CYS190; A:LYS191; A:GLU192; A:TYR194; B:THR76; B:LEU108; B:VAL109; B:ASN110; B:HIS114; B:CYS115; B:GLN116,C138; C213; E215; H137; K214; L131; N133; Q139; T99; V132; W176; Y217,0,True,False,3a89aaf7fa89a5d3a6d925a1f683b64e22491d47d1496efcf22be1793deeb900,True,receipt rc0+ok+cached=False+hash match,out/met_OH4p_R__amine_cation__ortho_8V8A_s20240602.pdbqt,met_OH4p_R__amine_cation__ortho_8V8A_s20240602.pdbqt
main,OH4p_R,amine_cation,ortho,8V8A,20240603,1,-5.301,19,20,,off_site,adjacent_to_EPJ_site,other_interface,39.24,29.75,10.2,2.918,0.0,0,12,2.7,0,0.184,0,EPJ:A,9.7,0.333,A:TRP153; A:CYS190; A:LYS191; A:GLU192; A:TYR194; B:THR76; B:LEU108; B:VAL109; B:ASN110; B:HIS114; B:CYS115; B:GLN116,C138; C213; E215; H137; K214; L131; N133; Q139; T99; V132; W176; Y217,0,True,False,7fec94d49e82801a58f57541a149f570bab9dd73b9bd443c6fd832affad95462,True,receipt rc0+ok+cached=False+hash match,out/met_OH4p_R__amine_cation__ortho_8V8A_s20240603.pdbqt,met_OH4p_R__amine_cation__ortho_8V8A_s20240603.pdbqt
main,OH4p_R,amine_cation,outerpore,8V82,20240601,1,-6.575,20,20,,lateral_interface,in_I34_site,I34_pocket,-15.06,16.11,8.46,1.905,0.3,3,10,3.39,0,-0.029,1,I34:C,4.01,0.5,B:LEU246*; B:MET253*; B:ALA275; B:MET278; B:ILE279; C:ASN213; C:PRO217; C:LEU220; C:ILE221; C:PHE252*,A298; F275; I244; I302; L243; L269; M276; M301; N236; P240,0,True,False,8bb0a5dc99ad9a3a03b5e6f6c9b9f31297cf96ceb93e15c42676203404b0cab2,True,receipt rc0+ok+cached=False+hash match,out/met_OH4p_R__amine_cation__outerpore_8V82_s20240601.pdbqt,met_OH4p_R__amine_cation__outerpore_8V82_s20240601.pdbqt
main,OH4p_R,amine_cation,outerpore,8V82,20240602,1,-6.564,20,20,,lateral_interface,in_I34_site,I34_pocket,-15.07,16.13,8.46,1.907,0.3,3,10,3.4,0,-0.03,1,I34:C,4.01,0.5,B:LEU246*; B:MET253*; B:ALA275; B:MET278; B:ILE279; C:ASN213; C:PRO217; C:LEU220; C:ILE221; C:PHE252*,A298; F275; I244; I302; L243; L269; M276; M301; N236; P240,0,True,False,372e973b44175be6e97c7911e229a0a66ef2a419a54046ed6ff0dd7db0af24af,True,receipt rc0+ok+cached=False+hash match,out/met_OH4p_R__amine_cation__outerpore_8V82_s20240602.pdbqt,met_OH4p_R__amine_cation__outerpore_8V82_s20240602.pdbqt
main,OH4p_R,amine_cation,outerpore,8V82,20240603,1,-6.578,20,20,,lateral_interface,in_I34_site,I34_pocket,-15.07,16.12,8.46,1.906,0.3,3,10,3.37,0,-0.03,1,I34:C,4.02,0.5,B:LEU246*; B:MET253*; B:ALA275; B:MET278; B:ILE279; C:ASN213; C:PRO217; C:LEU220; C:ILE221; C:PHE252*,A298; F275; I244; I302; L243; L269; M276; M301; N236; P240,0,True,False,035abb6d7f3d6e40e407278eba4d0c5caaee8920e8dcdb6adc824f1f7a0387f4,True,receipt rc0+ok+cached=False+hash match,out/met_OH4p_R__amine_cation__outerpore_8V82_s20240603.pdbqt,met_OH4p_R__amine_cation__outerpore_8V82_s20240603.pdbqt
main,OH4p_R,amine_cation,outerpore,8V8A,20240601,1,-5.786,20,20,,lateral_interface,in_I34_site,I34_pocket,-15.14,15.64,8.25,1.896,0.333,3,9,3.16,0,0.054,0,I34:D,4.02,0.538,C:THR250*; C:MET253*; C:MET278; C:ILE279; D:ASN213; D:PRO217; D:LEU220; D:ILE221; D:PHE252*,F275; I244; I302; L243; M276; M301; N236; P240; T273,0,True,False,43a43bb1fe87b994a41e081ba48236cda35d14bfd1721569212a775adaa1c462,True,receipt rc0+ok+cached=False+hash match,out/met_OH4p_R__amine_cation__outerpore_8V8A_s20240601.pdbqt,met_OH4p_R__amine_cation__outerpore_8V8A_s20240601.pdbqt
main,OH4p_R,amine_cation,outerpore,8V8A,20240602,1,-5.802,20,20,,lateral_interface,in_I34_site,I34_pocket,-15.13,15.65,8.09,1.933,0.333,3,9,3.15,0,0.07,0,I34:D,4.0,0.538,C:THR250*; C:MET253*; C:MET278; C:ILE279; D:ASN213; D:PRO217; D:LEU220; D:ILE221; D:PHE252*,F275; I244; I302; L243; M276; M301; N236; P240; T273,0,True,False,b62d82bf3d4a748a1d2b7c3bde5b28ac8fb37d12635e333c6fd0c8146d8d8d2b,True,receipt rc0+ok+cached=False+hash match,out/met_OH4p_R__amine_cation__outerpore_8V8A_s20240602.pdbqt,met_OH4p_R__amine_cation__outerpore_8V8A_s20240602.pdbqt
main,OH4p_R,amine_cation,outerpore,8V8A,20240603,1,-5.311,20,20,,pore_lumen,adjacent_to_I34_site,pore_lumen,-16.2,4.33,7.77,0.558,1.0,9,9,2.86,0,0.487,0,I34:E,13.53,0.154,C:LEU247*; C:THR250*; D:LEU247*; D:SER248*; D:THR250*; D:VAL251*; D:LEU254*; E:SER248*; E:VAL251*,L270; L277; S271; T273; V274,0,True,False,9a07f20a94dbd22ddbc82836c955bc6a470e96ff6ba5a0860a60f67fddd423d7,True,receipt rc0+ok+cached=False+hash match,out/met_OH4p_R__amine_cation__outerpore_8V8A_s20240603.pdbqt,met_OH4p_R__amine_cation__outerpore_8V8A_s20240603.pdbqt
main,OH4p_R,zwitterion_phenolate_ammonium,lateral_I34,8V82,20240601,1,-6.856,20,20,,lateral_interface,in_I34_site,I34_pocket,-15.1,16.05,8.46,1.899,0.3,3,10,3.38,0,1.835,0,I34:A,4.06,0.5,A:ASN213; A:PRO217; A:LEU220; A:ILE221; A:PHE252*; E:LEU246*; E:MET253*; E:ALA275; E:MET278; E:ILE279,A298; F275; I244; I302; L243; L269; M276; M301; N236; P240,0,True,False,579f0f184e81fe633d086c462c62baaf208ecda1523ac77d851096062a44f3ed,True,receipt rc0+ok+cached=False+hash match,out/met_OH4p_R__zwitterion_phenolate_ammonium__lateral_I34_8V82_s20240601.pdbqt,met_OH4p_R__zwitterion_phenolate_ammonium__lateral_I34_8V82_s20240601.pdbqt
main,OH4p_R,zwitterion_phenolate_ammonium,lateral_I34,8V82,20240602,1,-6.825,20,20,,lateral_interface,in_I34_site,I34_pocket,-15.09,16.1,8.46,1.905,0.3,3,10,3.39,0,1.87,0,I34:A,4.05,0.5,A:ASN213; A:PRO217; A:LEU220; A:ILE221; A:PHE252*; E:LEU246*; E:MET253*; E:ALA275; E:MET278; E:ILE279,A298; F275; I244; I302; L243; L269; M276; M301; N236; P240,0,True,False,54ea64b0d7dbe358e963657b80ed2fa36473cebfa9121214f76e6c5d0f2d997c,True,receipt rc0+ok+cached=False+hash match,out/met_OH4p_R__zwitterion_phenolate_ammonium__lateral_I34_8V82_s20240602.pdbqt,met_OH4p_R__zwitterion_phenolate_ammonium__lateral_I34_8V82_s20240602.pdbqt
main,OH4p_R,zwitterion_phenolate_ammonium,lateral_I34,8V82,20240603,1,-6.826,20,20,,lateral_interface,in_I34_site,I34_pocket,-15.11,16.1,8.46,1.904,0.3,3,10,3.38,0,1.85,0,I34:A,4.06,0.5,A:ASN213; A:PRO217; A:LEU220; A:ILE221; A:PHE252*; E:LEU246*; E:MET253*; E:ALA275; E:MET278; E:ILE279,A298; F275; I244; I302; L243; L269; M276; M301; N236; P240,0,True,False,8bd093facc133588385bcba517f41805704a2f975899b649de17a12905e1ba54,True,receipt rc0+ok+cached=False+hash match,out/met_OH4p_R__zwitterion_phenolate_ammonium__lateral_I34_8V82_s20240603.pdbqt,met_OH4p_R__zwitterion_phenolate_ammonium__lateral_I34_8V82_s20240603.pdbqt
main,OH4p_R,zwitterion_phenolate_ammonium,lateral_I34,8V8A,20240601,1,-6.071,20,20,,lateral_interface,in_I34_site,I34_pocket,-16.91,18.31,7.77,2.356,0.091,1,11,3.19,0,-0.029,1,I34:A,6.07,0.462,A:LEU212; A:ILE216; A:PRO217; A:LEU220; A:ILE221; A:LEU224; E:MET253*; E:PHE274; E:ALA275; E:MET278; E:ILE279,A298; F297; I239; I244; I302; L235; L243; L247; M276; M301; P240,0,True,False,db2ca92d17648167d4bc2ce54fd9442f022670258fdda042c5087ede861f4971,True,receipt rc0+ok+cached=False+hash match,out/met_OH4p_R__zwitterion_phenolate_ammonium__lateral_I34_8V8A_s20240601.pdbqt,met_OH4p_R__zwitterion_phenolate_ammonium__lateral_I34_8V8A_s20240601.pdbqt
main,OH4p_R,zwitterion_phenolate_ammonium,lateral_I34,8V8A,20240602,1,-6.024,20,20,,lateral_interface,in_I34_site,I34_pocket,-16.91,18.29,7.77,2.353,0.091,1,11,3.15,0,-0.029,1,I34:A,6.06,0.462,A:LEU212; A:ILE216; A:PRO217; A:LEU220; A:ILE221; A:LEU224; E:MET253*; E:PHE274; E:ALA275; E:MET278; E:ILE279,A298; F297; I239; I244; I302; L235; L243; L247; M276; M301; P240,0,True,False,189b39415a06ff546f22c1c39391e40c7736e3be17241a6bba2beeec1696a6c9,True,receipt rc0+ok+cached=False+hash match,out/met_OH4p_R__zwitterion_phenolate_ammonium__lateral_I34_8V8A_s20240602.pdbqt,met_OH4p_R__zwitterion_phenolate_ammonium__lateral_I34_8V8A_s20240602.pdbqt
main,OH4p_R,zwitterion_phenolate_ammonium,lateral_I34,8V8A,20240603,1,-5.981,20,20,,lateral_interface,in_I34_site,I34_pocket,-16.88,18.3,7.77,2.355,0.091,1,11,3.18,0,-0.024,1,I34:A,6.04,0.462,A:LEU212; A:ILE216; A:PRO217; A:LEU220; A:ILE221; A:LEU224; E:MET253*; E:PHE274; E:ALA275; E:MET278; E:ILE279,A298; F297; I239; I244; I302; L235; L243; L247; M276; M301; P240,0,True,False,cffcce3c417af85af403e7b40868a14a75278b6d3abda4f68193b961c312c55c,True,receipt rc0+ok+cached=False+hash match,out/met_OH4p_R__zwitterion_phenolate_ammonium__lateral_I34_8V8A_s20240603.pdbqt,met_OH4p_R__zwitterion_phenolate_ammonium__lateral_I34_8V8A_s20240603.pdbqt
main,OH4p_R,zwitterion_phenolate_ammonium,midpore,8V82,20240601,1,-6.782,20,20,search_space_gt_27000,lateral_interface,in_I34_site,I34_pocket,-15.26,16.37,8.46,1.936,0.3,3,10,3.38,0,0.313,0,I34:C,4.19,0.5,B:LEU246*; B:MET253*; B:ALA275; B:MET278; B:ILE279; C:ASN213; C:PRO217; C:LEU220; C:ILE221; C:PHE252*,A298; F275; I244; I302; L243; L269; M276; M301; N236; P240,0,True,False,4fb26d31d78bcd2f727a3e0e39a38d19b13d48c4d5e3188dcbaeee46bbe36cf0,True,receipt rc0+ok+cached=False+hash match,out/met_OH4p_R__zwitterion_phenolate_ammonium__midpore_8V82_s20240601.pdbqt,met_OH4p_R__zwitterion_phenolate_ammonium__midpore_8V82_s20240601.pdbqt
main,OH4p_R,zwitterion_phenolate_ammonium,midpore,8V82,20240602,1,-6.792,20,20,search_space_gt_27000,lateral_interface,in_I34_site,I34_pocket,-15.28,16.33,8.46,1.931,0.3,3,10,3.4,0,0.278,0,I34:C,4.2,0.5,B:LEU246*; B:MET253*; B:ALA275; B:MET278; B:ILE279; C:ASN213; C:PRO217; C:LEU220; C:ILE221; C:PHE252*,A298; F275; I244; I302; L243; L269; M276; M301; N236; P240,0,True,False,1ca07e16f9cb4fdeb8ce445b9accbac9f0be811d27d9a206266dc34ea42bc309,True,receipt rc0+ok+cached=False+hash match,out/met_OH4p_R__zwitterion_phenolate_ammonium__midpore_8V82_s20240602.pdbqt,met_OH4p_R__zwitterion_phenolate_ammonium__midpore_8V82_s20240602.pdbqt
main,OH4p_R,zwitterion_phenolate_ammonium,midpore,8V82,20240603,1,-6.73,20,20,search_space_gt_27000,lateral_interface,in_I34_site,I34_pocket,-15.3,16.36,8.46,1.935,0.3,3,10,3.42,0,0.185,0,I34:C,4.22,0.5,B:LEU246*; B:MET253*; B:ALA275; B:MET278; B:ILE279; C:ASN213; C:PRO217; C:LEU220; C:ILE221; C:PHE252*,A298; F275; I244; I302; L243; L269; M276; M301; N236; P240,0,True,False,5d9e8a1983a1fbe4fcc3ccd2e2e9208dd63c57bb1dca8d6fd36a3a87b004667c,True,receipt rc0+ok+cached=False+hash match,out/met_OH4p_R__zwitterion_phenolate_ammonium__midpore_8V82_s20240603.pdbqt,met_OH4p_R__zwitterion_phenolate_ammonium__midpore_8V82_s20240603.pdbqt
main,OH4p_R,zwitterion_phenolate_ammonium,midpore,8V8A,20240601,1,-5.888,20,20,search_space_gt_27000,pore_lumen,away_from_I34_site,pore_lumen,-31.11,0.8,4.78,0.168,0.846,11,13,2.72,0,1.223,0,I34:A,25.27,0.0,A:GLU237*; A:SER240*; A:THR244*; B:SER240*; C:GLU237*; C:SER240*; D:GLY236; D:SER240*; E:GLY236; E:GLU237*; E:SER240*; E:ILE243*; E:THR244*,E260; G259; I266; S263; T267,0,True,False,7310576680441518eb1f014b7658df7d7e0901a362070c23d77402b5a53a5fad,True,receipt rc0+ok+cached=False+hash match,out/met_OH4p_R__zwitterion_phenolate_ammonium__midpore_8V8A_s20240601.pdbqt,met_OH4p_R__zwitterion_phenolate_ammonium__midpore_8V8A_s20240601.pdbqt
main,OH4p_R,zwitterion_phenolate_ammonium,midpore,8V8A,20240602,1,-5.897,20,20,search_space_gt_27000,pore_lumen,away_from_I34_site,pore_lumen,-31.08,0.79,4.78,0.166,0.833,10,12,2.81,0,1.272,0,I34:D,25.27,0.0,A:GLU237*; A:SER240*; B:GLY236; B:SER240*; C:GLY236; C:GLU237*; C:SER240*; C:THR244*; D:GLU237*; D:SER240*; D:THR244*; E:SER240*,E260; G259; S263; T267,0,True,False,c844a06df68643f413303f292d7cf4307c3f617c234d844e24ee752ec69d792f,True,receipt rc0+ok+cached=False+hash match,out/met_OH4p_R__zwitterion_phenolate_ammonium__midpore_8V8A_s20240602.pdbqt,met_OH4p_R__zwitterion_phenolate_ammonium__midpore_8V8A_s20240602.pdbqt
main,OH4p_R,zwitterion_phenolate_ammonium,midpore,8V8A,20240603,1,-5.899,20,20,search_space_gt_27000,pore_lumen,away_from_I34_site,pore_lumen,-31.16,0.77,4.78,0.162,0.857,12,14,2.75,0,1.177,0,I34:E,25.32,0.0,A:SER240*; B:GLU237*; B:SER240*; C:GLY236; C:GLU237*; C:SER240*; D:GLY236; D:GLU237*; D:SER240*; D:ILE243*; D:THR244*; E:GLU237*; E:SER240*; E:THR244*,E260; G259; I266; S263; T267,0,True,False,1158353de36f82169eb3f5c5f52e9b4496deea7be05dea1eb7a11fdc6af76fc3,True,receipt rc0+ok+cached=False+hash match,out/met_OH4p_R__zwitterion_phenolate_ammonium__midpore_8V8A_s20240603.pdbqt,met_OH4p_R__zwitterion_phenolate_ammonium__midpore_8V8A_s20240603.pdbqt
main,OH4p_R,zwitterion_phenolate_ammonium,ortho,8V82,20240601,1,-6.276,12,20,,off_site,in_EPJ_site,EPJ_pocket,31.62,24.23,11.78,2.057,0.0,0,14,2.8,0,4.427,0,EPJ:A,0.81,1.0,A:TYR92; A:TRP148; A:SER149; A:TYR187; A:CYS189; A:CYS190; A:TYR194; B:TRP54; B:THR105; B:ASN106; B:VAL107; B:LEU108; B:GLN116; B:LEU118,C212; C213; L131; L141; N129; Q139; S172; T128; V130; W171; W77; Y115; Y210; Y217,0,True,False,11a7b86d09eaef673abd10a2c8b9a611165a044265c1af64471c3e454b1e9a0c,True,receipt rc0+ok+cached=False+hash match,out/met_OH4p_R__zwitterion_phenolate_ammonium__ortho_8V82_s20240601.pdbqt,met_OH4p_R__zwitterion_phenolate_ammonium__ortho_8V82_s20240601.pdbqt
main,OH4p_R,zwitterion_phenolate_ammonium,ortho,8V82,20240602,1,-6.258,15,20,,off_site,in_EPJ_site,EPJ_pocket,31.61,24.21,11.78,2.056,0.0,0,14,2.81,0,4.398,0,EPJ:A,0.81,1.0,A:TYR92; A:TRP148; A:SER149; A:TYR187; A:CYS189; A:CYS190; A:TYR194; B:TRP54; B:THR105; B:ASN106; B:VAL107; B:LEU108; B:GLN116; B:LEU118,C212; C213; L131; L141; N129; Q139; S172; T128; V130; W171; W77; Y115; Y210; Y217,0,True,False,aeae5052cfa01002202de5d5823444394270a648b63382c8058026b1262736a5,True,receipt rc0+ok+cached=False+hash match,out/met_OH4p_R__zwitterion_phenolate_ammonium__ortho_8V82_s20240602.pdbqt,met_OH4p_R__zwitterion_phenolate_ammonium__ortho_8V82_s20240602.pdbqt
main,OH4p_R,zwitterion_phenolate_ammonium,ortho,8V82,20240603,1,-6.271,17,20,,off_site,in_EPJ_site,EPJ_pocket,31.61,24.22,11.78,2.057,0.0,0,14,2.8,0,4.429,0,EPJ:A,0.81,1.0,A:TYR92; A:TRP148; A:SER149; A:TYR187; A:CYS189; A:CYS190; A:TYR194; B:TRP54; B:THR105; B:ASN106; B:VAL107; B:LEU108; B:GLN116; B:LEU118,C212; C213; L131; L141; N129; Q139; S172; T128; V130; W171; W77; Y115; Y210; Y217,0,True,False,6adf06e28340aff562ef4ca3543f297af14893fd631ca3132946536a4f8c482d,True,receipt rc0+ok+cached=False+hash match,out/met_OH4p_R__zwitterion_phenolate_ammonium__ortho_8V82_s20240603.pdbqt,met_OH4p_R__zwitterion_phenolate_ammonium__ortho_8V82_s20240603.pdbqt
main,OH4p_R,zwitterion_phenolate_ammonium,ortho,8V8A,20240601,1,-5.006,20,20,,off_site,adjacent_to_EPJ_site,other_interface,39.2,30.16,10.2,2.958,0.0,0,10,2.97,0,0.108,0,EPJ:A,9.93,0.333,A:TRP153; A:CYS190; A:LYS191; A:GLU192; A:TYR194; B:THR76; B:LEU108; B:ASN110; B:HIS114; B:GLN116,C213; E215; H137; K214; L131; N133; Q139; T99; W176; Y217,0,True,False,ce852f8ab5b8946811c616a64ea5631ee0d374fb1b598a5743391442770b5e99,True,receipt rc0+ok+cached=False+hash match,out/met_OH4p_R__zwitterion_phenolate_ammonium__ortho_8V8A_s20240601.pdbqt,met_OH4p_R__zwitterion_phenolate_ammonium__ortho_8V8A_s20240601.pdbqt
main,OH4p_R,zwitterion_phenolate_ammonium,ortho,8V8A,20240602,1,-4.928,20,20,,off_site,adjacent_to_EPJ_site,other_interface,39.21,30.15,10.2,2.956,0.0,0,10,2.93,0,0.101,0,EPJ:A,9.94,0.333,A:TRP153; A:CYS190; A:LYS191; A:GLU192; A:TYR194; B:THR76; B:LEU108; B:ASN110; B:HIS114; B:GLN116,C213; E215; H137; K214; L131; N133; Q139; T99; W176; Y217,0,True,False,0fa6bf9a4b57a1ee30ce219e88ebdcabade26cacf1bdcc9803ff34fd49fdef07,True,receipt rc0+ok+cached=False+hash match,out/met_OH4p_R__zwitterion_phenolate_ammonium__ortho_8V8A_s20240602.pdbqt,met_OH4p_R__zwitterion_phenolate_ammonium__ortho_8V8A_s20240602.pdbqt
main,OH4p_R,zwitterion_phenolate_ammonium,ortho,8V8A,20240603,1,-4.963,20,20,,off_site,adjacent_to_EPJ_site,other_interface,38.1,30.6,10.25,2.985,0.0,0,9,3.28,0,0.14,0,EPJ:A,10.97,0.25,A:CYS189; B:SER58; B:THR76; B:LEU108; B:VAL109; B:ASN110; B:HIS114; B:CYS115; B:GLN116,C138; C212; H137; L131; N133; Q139; S81; T99; V132,0,True,False,b8fc4c167746af07d9e27ad0382ff0b19a290d88f461b9a5ce0d606537bc9eca,True,receipt rc0+ok+cached=False+hash match,out/met_OH4p_R__zwitterion_phenolate_ammonium__ortho_8V8A_s20240603.pdbqt,met_OH4p_R__zwitterion_phenolate_ammonium__ortho_8V8A_s20240603.pdbqt
main,OH4p_R,zwitterion_phenolate_ammonium,outerpore,8V82,20240601,1,-6.79,20,20,,lateral_interface,in_I34_site,I34_pocket,-15.08,16.07,8.46,1.901,0.3,3,10,3.39,0,-0.03,1,I34:C,4.04,0.5,B:LEU246*; B:MET253*; B:ALA275; B:MET278; B:ILE279; C:ASN213; C:PRO217; C:LEU220; C:ILE221; C:PHE252*,A298; F275; I244; I302; L243; L269; M276; M301; N236; P240,0,True,False,efd853096ad2742050f94e395afa191cb1bf6d59f0305553e339c79cda2b9544,True,receipt rc0+ok+cached=False+hash match,out/met_OH4p_R__zwitterion_phenolate_ammonium__outerpore_8V82_s20240601.pdbqt,met_OH4p_R__zwitterion_phenolate_ammonium__outerpore_8V82_s20240601.pdbqt
main,OH4p_R,zwitterion_phenolate_ammonium,outerpore,8V82,20240602,1,-6.778,20,20,,lateral_interface,in_I34_site,I34_pocket,-15.1,16.08,8.46,1.902,0.3,3,10,3.34,0,-0.029,1,I34:C,4.06,0.5,B:LEU246*; B:MET253*; B:ALA275; B:MET278; B:ILE279; C:ASN213; C:PRO217; C:LEU220; C:ILE221; C:PHE252*,A298; F275; I244; I302; L243; L269; M276; M301; N236; P240,0,True,False,ee8034b969829abb917fc4c6ddcd4a3ea2d99e3d66b4f2543ed765300cf0ac45,True,receipt rc0+ok+cached=False+hash match,out/met_OH4p_R__zwitterion_phenolate_ammonium__outerpore_8V82_s20240602.pdbqt,met_OH4p_R__zwitterion_phenolate_ammonium__outerpore_8V82_s20240602.pdbqt
main,OH4p_R,zwitterion_phenolate_ammonium,outerpore,8V82,20240603,1,-6.789,20,20,,lateral_interface,in_I34_site,I34_pocket,-15.06,16.08,8.46,1.902,0.3,3,10,3.39,0,-0.026,1,I34:C,4.01,0.5,B:LEU246*; B:MET253*; B:ALA275; B:MET278; B:ILE279; C:ASN213; C:PRO217; C:LEU220; C:ILE221; C:PHE252*,A298; F275; I244; I302; L243; L269; M276; M301; N236; P240,0,True,False,e6e1fe12ff34598fcc01f196851dbc8dea83a22e29238ca6b3f6bceb4fd5b97d,True,receipt rc0+ok+cached=False+hash match,out/met_OH4p_R__zwitterion_phenolate_ammonium__outerpore_8V82_s20240603.pdbqt,met_OH4p_R__zwitterion_phenolate_ammonium__outerpore_8V82_s20240603.pdbqt
main,OH4p_R,zwitterion_phenolate_ammonium,outerpore,8V8A,20240601,1,-5.388,20,20,,pore_lumen,adjacent_to_I34_site,pore_lumen,-15.71,4.34,8.25,0.526,1.0,10,10,2.7,0,0.747,0,I34:C,13.39,0.154,A:LEU247*; A:THR250*; A:LEU254*; B:LEU247*; B:SER248*; B:THR250*; B:VAL251*; B:LEU254*; C:SER248*; C:VAL251*,L270; L277; S271; T273; V274,0,True,False,61da23610481c28509ca77f3109e9ebe0604febf8e00738ebf382c980bf0901e,True,receipt rc0+ok+cached=False+hash match,out/met_OH4p_R__zwitterion_phenolate_ammonium__outerpore_8V8A_s20240601.pdbqt,met_OH4p_R__zwitterion_phenolate_ammonium__outerpore_8V8A_s20240601.pdbqt
main,OH4p_R,zwitterion_phenolate_ammonium,outerpore,8V8A,20240602,1,-5.878,19,20,,lateral_interface,in_I34_site,I34_pocket,-15.11,15.72,8.09,1.942,0.333,3,9,3.12,0,0.101,0,I34:D,3.98,0.538,C:THR250*; C:MET253*; C:MET278; C:ILE279; D:ASN213; D:PRO217; D:LEU220; D:ILE221; D:PHE252*,F275; I244; I302; L243; M276; M301; N236; P240; T273,0,True,False,5fdff679337423b979c0e14c1ef432a801970eabfc3bb072e1bedda6afdd5a15,True,receipt rc0+ok+cached=False+hash match,out/met_OH4p_R__zwitterion_phenolate_ammonium__outerpore_8V8A_s20240602.pdbqt,met_OH4p_R__zwitterion_phenolate_ammonium__outerpore_8V8A_s20240602.pdbqt
main,OH4p_R,zwitterion_phenolate_ammonium,outerpore,8V8A,20240603,1,-5.319,19,20,,pore_lumen,adjacent_to_I34_site,pore_lumen,-15.8,4.34,8.25,0.526,1.0,9,9,2.7,0,0.725,0,I34:C,13.44,0.154,A:LEU247*; A:THR250*; B:LEU247*; B:SER248*; B:THR250*; B:VAL251*; B:LEU254*; C:SER248*; C:VAL251*,L270; L277; S271; T273; V274,0,True,False,8de48d75b2d54e7da43f87dbae0836cdcbd0daeb59bd991f1a0bfb02c1a15650,True,receipt rc0+ok+cached=False+hash match,out/met_OH4p_R__zwitterion_phenolate_ammonium__outerpore_8V8A_s20240603.pdbqt,met_OH4p_R__zwitterion_phenolate_ammonium__outerpore_8V8A_s20240603.pdbqt
main,OH4p_S,amine_cation,lateral_I34,8V82,20240601,1,-6.24,20,20,,lateral_interface,in_I34_site,I34_pocket,-13.85,16.91,7.41,2.281,0.182,2,11,3.35,0,4.445,0,I34:A,2.84,0.571,A:LEU212; A:ASN213; A:ILE216; A:PRO217; A:LEU220; A:ILE221; A:PHE252*; E:MET253*; E:ALA275; E:MET278; E:ILE279,A298; F275; I239; I244; I302; L235; L243; M276; M301; N236; P240,0,True,False,ed24471b6f30fb6e9392f2fac83695bf484bc328032ed50d0bf0d28887dba0ef,True,receipt rc0+ok+cached=False+hash match,out/met_OH4p_S__amine_cation__lateral_I34_8V82_s20240601.pdbqt,met_OH4p_S__amine_cation__lateral_I34_8V82_s20240601.pdbqt
main,OH4p_S,amine_cation,lateral_I34,8V82,20240602,1,-6.23,20,20,,lateral_interface,in_I34_site,I34_pocket,-13.83,16.91,7.41,2.281,0.182,2,11,3.34,0,4.458,0,I34:A,2.83,0.571,A:LEU212; A:ASN213; A:ILE216; A:PRO217; A:LEU220; A:ILE221; A:PHE252*; E:MET253*; E:ALA275; E:MET278; E:ILE279,A298; F275; I239; I244; I302; L235; L243; M276; M301; N236; P240,0,True,False,3e029d21b48162aa30a33090a2e27929a157d800c8dda5324be7ef7d0ba559b4,True,receipt rc0+ok+cached=False+hash match,out/met_OH4p_S__amine_cation__lateral_I34_8V82_s20240602.pdbqt,met_OH4p_S__amine_cation__lateral_I34_8V82_s20240602.pdbqt
main,OH4p_S,amine_cation,lateral_I34,8V82,20240603,1,-6.246,20,20,,lateral_interface,in_I34_site,I34_pocket,-13.83,16.93,7.41,2.283,0.2,2,10,3.33,0,4.44,0,I34:A,2.82,0.5,A:LEU212; A:ASN213; A:ILE216; A:PRO217; A:LEU220; A:PHE252*; E:MET253*; E:ALA275; E:MET278; E:ILE279,A298; F275; I239; I302; L235; L243; M276; M301; N236; P240,0,True,False,f6599cb7b3440de633078e85e2e9c1b906b05f1523d56badd1729121e1890d87,True,receipt rc0+ok+cached=False+hash match,out/met_OH4p_S__amine_cation__lateral_I34_8V82_s20240603.pdbqt,met_OH4p_S__amine_cation__lateral_I34_8V82_s20240603.pdbqt
main,OH4p_S,amine_cation,lateral_I34,8V8A,20240601,1,-5.67,19,20,,lateral_interface,in_I34_site,I34_pocket,-15.62,18.73,8.25,2.27,0.182,2,11,3.15,0,1.721,0,I34:A,5.06,0.462,A:LEU212; A:ILE216; A:PRO217; A:LEU220; A:ILE221; E:LEU246*; E:MET253*; E:PHE274; E:ALA275; E:MET278; E:ILE279,A298; F297; I239; I244; I302; L235; L243; L269; M276; M301; P240,0,True,False,ee1831a2a84e0b00b1d3611460d4ea2e67f1e10f4981f44771925708744cd8e3,True,receipt rc0+ok+cached=False+hash match,out/met_OH4p_S__amine_cation__lateral_I34_8V8A_s20240601.pdbqt,met_OH4p_S__amine_cation__lateral_I34_8V8A_s20240601.pdbqt
main,OH4p_S,amine_cation,lateral_I34,8V8A,20240602,1,-5.978,20,20,,lateral_interface,in_I34_site,I34_pocket,-16.67,18.39,7.77,2.366,0.167,2,12,3.07,0,-0.03,1,I34:A,5.86,0.462,A:LEU212; A:ILE216; A:PRO217; A:LEU220; A:ILE221; A:LEU224; E:LEU246*; E:MET253*; E:ALA275; E:MET278; E:ILE279; E:GLY282,A298; G305; I239; I244; I302; L235; L243; L247; L269; M276; M301; P240,0,True,False,ad9acdfede1b927111fc3d565adf7575e8153a09a244013143ba1d0acac61a84,True,receipt rc0+ok+cached=False+hash match,out/met_OH4p_S__amine_cation__lateral_I34_8V8A_s20240602.pdbqt,met_OH4p_S__amine_cation__lateral_I34_8V8A_s20240602.pdbqt
main,OH4p_S,amine_cation,lateral_I34,8V8A,20240603,1,-5.985,20,20,,lateral_interface,in_I34_site,I34_pocket,-16.66,18.39,7.77,2.366,0.167,2,12,3.05,0,-0.03,1,I34:A,5.86,0.462,A:LEU212; A:ILE216; A:PRO217; A:LEU220; A:ILE221; A:LEU224; E:LEU246*; E:MET253*; E:ALA275; E:MET278; E:ILE279; E:GLY282,A298; G305; I239; I244; I302; L235; L243; L247; L269; M276; M301; P240,0,True,False,b4159ed986578033582fe617c0c6c3ff264f9685fca7e535f12da8dbc15f500e,True,receipt rc0+ok+cached=False+hash match,out/met_OH4p_S__amine_cation__lateral_I34_8V8A_s20240603.pdbqt,met_OH4p_S__amine_cation__lateral_I34_8V8A_s20240603.pdbqt
main,OH4p_S,amine_cation,midpore,8V82,20240601,1,-6.143,20,20,search_space_gt_27000,lateral_interface,in_I34_site,I34_pocket,-14.93,16.42,8.12,2.022,0.25,3,12,2.95,0,0.239,0,I34:C,3.85,0.571,B:LEU246*; B:MET253*; B:PHE274; B:ALA275; B:MET278; B:ILE279; C:LEU212; C:ASN213; C:PRO217; C:LEU220; C:ILE221; C:PHE252*,A298; F275; F297; I244; I302; L235; L243; L269; M276; M301; N236; P240,0,True,False,6f54857d14d3b6a4d8ab72b98319a0d225804c7193da15651c7538c69def8d02,True,receipt rc0+ok+cached=False+hash match,out/met_OH4p_S__amine_cation__midpore_8V82_s20240601.pdbqt,met_OH4p_S__amine_cation__midpore_8V82_s20240601.pdbqt
main,OH4p_S,amine_cation,midpore,8V82,20240602,1,-6.494,20,20,search_space_gt_27000,lateral_interface,in_I34_site,I34_pocket,-13.72,15.69,7.41,2.117,0.417,5,12,3.08,0,-0.08,1,I34:C,2.78,0.643,B:THR250*; B:MET253*; B:LEU254*; B:ALA275; B:MET278; B:ILE279; C:ASN213; C:PRO217; C:LEU220; C:ILE221; C:PHE252*; C:LEU255*,A298; F275; I244; I302; L243; L277; L278; M276; M301; N236; P240; T273,0,True,False,decc4a407481ed6e9ff7d9f03f8e80f573bdc422f1b773543c08e84cc0ace2b5,True,receipt rc0+ok+cached=False+hash match,out/met_OH4p_S__amine_cation__midpore_8V82_s20240602.pdbqt,met_OH4p_S__amine_cation__midpore_8V82_s20240602.pdbqt
main,OH4p_S,amine_cation,midpore,8V82,20240603,1,-6.197,20,20,search_space_gt_27000,lateral_interface,in_I34_site,I34_pocket,-18.34,18.07,7.69,2.35,0.182,2,11,3.1,0,-0.076,1,I34:C,7.44,0.429,B:LEU246*; B:MET253*; B:ALA275; B:MET278; B:ILE279; B:GLY282; C:LEU212; C:PRO217; C:LEU220; C:ILE221; C:LEU224,A298; G305; I244; I302; L235; L243; L247; L269; M276; M301; P240,0,True,False,81c370df1fadaa8429d5f8681a980e24af6d6fb22d5332f5059ca73320bd5381,True,receipt rc0+ok+cached=False+hash match,out/met_OH4p_S__amine_cation__midpore_8V82_s20240603.pdbqt,met_OH4p_S__amine_cation__midpore_8V82_s20240603.pdbqt
main,OH4p_S,amine_cation,midpore,8V8A,20240601,1,-5.775,20,20,search_space_gt_27000,pore_lumen,away_from_I34_site,pore_lumen,-31.07,0.77,4.78,0.161,0.846,11,13,2.75,0,1.278,0,I34:E,25.26,0.0,A:GLU237*; A:SER240*; B:SER240*; C:GLY236; C:GLU237*; C:SER240*; D:GLY236; D:GLU237*; D:SER240*; D:THR244*; E:GLU237*; E:SER240*; E:THR244*,E260; G259; S263; T267,0,True,False,81779f871bbaf5f8eee1f6322a0ddc178f4cb34c01d5a5f7917d9fbcca494fdf,True,receipt rc0+ok+cached=False+hash match,out/met_OH4p_S__amine_cation__midpore_8V8A_s20240601.pdbqt,met_OH4p_S__amine_cation__midpore_8V8A_s20240601.pdbqt
main,OH4p_S,amine_cation,midpore,8V8A,20240602,1,-6.205,20,20,search_space_gt_27000,lateral_interface,in_I34_site,I34_pocket,-18.62,17.9,7.69,2.328,0.182,2,11,3.18,0,0.079,0,I34:D,7.6,0.385,C:LEU246*; C:MET253*; C:ALA275; C:MET278; C:ILE279; C:GLY282; C:LEU283; D:PRO217; D:LEU220; D:ILE221; D:LEU224,A298; G305; I244; I302; L243; L247; L269; L306; M276; M301; P240,0,True,False,8225f1519a87040dddc578a6cef7a761998b4666de6783d060e6024ef65c442f,True,receipt rc0+ok+cached=False+hash match,out/met_OH4p_S__amine_cation__midpore_8V8A_s20240602.pdbqt,met_OH4p_S__amine_cation__midpore_8V8A_s20240602.pdbqt
main,OH4p_S,amine_cation,midpore,8V8A,20240603,1,-5.761,20,20,search_space_gt_27000,pore_lumen,away_from_I34_site,pore_lumen,-31.06,0.74,4.78,0.156,0.846,11,13,2.74,0,1.23,0,I34:E,25.27,0.0,A:GLU237*; A:SER240*; B:SER240*; C:GLY236; C:GLU237*; C:SER240*; D:GLY236; D:GLU237*; D:SER240*; D:THR244*; E:GLU237*; E:SER240*; E:THR244*,E260; G259; S263; T267,0,True,False,36b62f097399c9b17c954b207efd188dc71be40a597036233d764af6b49c718d,True,receipt rc0+ok+cached=False+hash match,out/met_OH4p_S__amine_cation__midpore_8V8A_s20240603.pdbqt,met_OH4p_S__amine_cation__midpore_8V8A_s20240603.pdbqt
main,OH4p_S,amine_cation,ortho,8V82,20240601,1,-7.984,13,20,,off_site,in_EPJ_site,EPJ_pocket,31.77,24.47,11.78,2.077,0.0,0,15,2.68,0,4.951,0,EPJ:A,0.86,1.0,A:TYR92; A:TRP148; A:SER149; A:TYR187; A:CYS189; A:CYS190; A:TYR194; B:TRP54; B:THR105; B:ASN106; B:VAL107; B:LEU108; B:GLN116; B:TYR117; B:LEU118,C212; C213; L131; L141; N129; Q139; S172; T128; V130; W171; W77; Y115; Y140; Y210; Y217,0,True,False,6785c0775f952e196868f1511445382f0d1c49c78399c35c16352004b3a44bac,True,receipt rc0+ok+cached=False+hash match,out/met_OH4p_S__amine_cation__ortho_8V82_s20240601.pdbqt,met_OH4p_S__amine_cation__ortho_8V82_s20240601.pdbqt
main,OH4p_S,amine_cation,ortho,8V82,20240602,1,-7.964,9,20,,off_site,in_EPJ_site,EPJ_pocket,31.76,24.46,11.78,2.077,0.0,0,15,2.69,0,4.925,0,EPJ:A,0.86,1.0,A:TYR92; A:TRP148; A:SER149; A:TYR187; A:CYS189; A:CYS190; A:TYR194; B:TRP54; B:THR105; B:ASN106; B:VAL107; B:LEU108; B:GLN116; B:TYR117; B:LEU118,C212; C213; L131; L141; N129; Q139; S172; T128; V130; W171; W77; Y115; Y140; Y210; Y217,0,True,False,5c7fd623be400575f95632122a0c287940dfbca470e32e979eca08af9444c587,True,receipt rc0+ok+cached=False+hash match,out/met_OH4p_S__amine_cation__ortho_8V82_s20240602.pdbqt,met_OH4p_S__amine_cation__ortho_8V82_s20240602.pdbqt
main,OH4p_S,amine_cation,ortho,8V82,20240603,1,-7.974,11,20,,off_site,in_EPJ_site,EPJ_pocket,31.76,24.47,11.78,2.078,0.0,0,15,2.67,0,4.955,0,EPJ:A,0.87,1.0,A:TYR92; A:TRP148; A:SER149; A:TYR187; A:CYS189; A:CYS190; A:TYR194; B:TRP54; B:THR105; B:ASN106; B:VAL107; B:LEU108; B:GLN116; B:TYR117; B:LEU118,C212; C213; L131; L141; N129; Q139; S172; T128; V130; W171; W77; Y115; Y140; Y210; Y217,0,True,False,6689e64697bfee054103b9e93a215d8dfc9a4c48efa2a3c45a7c8e9b80a6ffb6,True,receipt rc0+ok+cached=False+hash match,out/met_OH4p_S__amine_cation__ortho_8V82_s20240603.pdbqt,met_OH4p_S__amine_cation__ortho_8V82_s20240603.pdbqt
main,OH4p_S,amine_cation,ortho,8V8A,20240601,1,-6.494,19,20,,off_site,in_EPJ_site,EPJ_pocket,32.08,24.12,11.89,2.03,0.0,0,15,2.44,0,4.657,0,EPJ:A,0.9,0.917,A:TYR92; A:TRP148; A:SER149; A:TYR187; A:CYS189; A:CYS190; A:TYR194; B:TRP54; B:THR105; B:ASN106; B:VAL107; B:LEU108; B:GLN116; B:TYR117; B:LEU118,C212; C213; L131; L141; N129; Q139; S172; T128; V130; W171; W77; Y115; Y140; Y210; Y217,0,True,False,4eb85c68043960ab54e9963a942466959818893683fad1f0343c24a20c61f3bd,True,receipt rc0+ok+cached=False+hash match,out/met_OH4p_S__amine_cation__ortho_8V8A_s20240601.pdbqt,met_OH4p_S__amine_cation__ortho_8V8A_s20240601.pdbqt
main,OH4p_S,amine_cation,ortho,8V8A,20240602,1,-6.515,17,20,,off_site,in_EPJ_site,EPJ_pocket,32.06,24.14,11.89,2.03,0.0,0,15,2.5,0,4.655,0,EPJ:A,0.87,0.917,A:TYR92; A:TRP148; A:SER149; A:TYR187; A:CYS189; A:CYS190; A:TYR194; B:TRP54; B:THR105; B:ASN106; B:VAL107; B:LEU108; B:GLN116; B:TYR117; B:LEU118,C212; C213; L131; L141; N129; Q139; S172; T128; V130; W171; W77; Y115; Y140; Y210; Y217,0,True,False,8b1ca7260f764a7592ec0a47eae095c57267daf8e5c32cfbe688c0245a46a8a6,True,receipt rc0+ok+cached=False+hash match,out/met_OH4p_S__amine_cation__ortho_8V8A_s20240602.pdbqt,met_OH4p_S__amine_cation__ortho_8V8A_s20240602.pdbqt
main,OH4p_S,amine_cation,ortho,8V8A,20240603,1,-6.521,19,20,,off_site,in_EPJ_site,EPJ_pocket,32.05,24.14,11.89,2.031,0.0,0,15,2.47,0,4.668,0,EPJ:A,0.87,0.917,A:TYR92; A:TRP148; A:SER149; A:TYR187; A:CYS189; A:CYS190; A:TYR194; B:TRP54; B:THR105; B:ASN106; B:VAL107; B:LEU108; B:GLN116; B:TYR117; B:LEU118,C212; C213; L131; L141; N129; Q139; S172; T128; V130; W171; W77; Y115; Y140; Y210; Y217,0,True,False,312856df41cb434b8a5dd17ef0e675add16e3cff3a80b85853fde3d10a1ff589,True,receipt rc0+ok+cached=False+hash match,out/met_OH4p_S__amine_cation__ortho_8V8A_s20240603.pdbqt,met_OH4p_S__amine_cation__ortho_8V8A_s20240603.pdbqt
main,OH4p_S,amine_cation,outerpore,8V82,20240601,1,-6.469,20,20,,lateral_interface,in_I34_site,I34_pocket,-13.59,15.71,7.41,2.119,0.417,5,12,3.06,0,0.141,0,I34:C,2.65,0.643,B:THR250*; B:MET253*; B:LEU254*; B:ALA275; B:MET278; B:ILE279; C:ASN213; C:PRO217; C:LEU220; C:ILE221; C:PHE252*; C:LEU255*,A298; F275; I244; I302; L243; L277; L278; M276; M301; N236; P240; T273,0,True,False,589f8a599c8757603f5043c6fb6fea229804856f2dc5cc912989716135176c13,True,receipt rc0+ok+cached=False+hash match,out/met_OH4p_S__amine_cation__outerpore_8V82_s20240601.pdbqt,met_OH4p_S__amine_cation__outerpore_8V82_s20240601.pdbqt
main,OH4p_S,amine_cation,outerpore,8V82,20240602,1,-6.478,20,20,,lateral_interface,in_I34_site,I34_pocket,-13.58,15.71,7.41,2.119,0.417,5,12,3.06,0,0.138,0,I34:C,2.65,0.643,B:THR250*; B:MET253*; B:LEU254*; B:ALA275; B:MET278; B:ILE279; C:ASN213; C:PRO217; C:LEU220; C:ILE221; C:PHE252*; C:LEU255*,A298; F275; I244; I302; L243; L277; L278; M276; M301; N236; P240; T273,0,True,False,47a654f191ec5bd4093d67422c3956dbbc08ad01631d8512c68343fa6d7146a8,True,receipt rc0+ok+cached=False+hash match,out/met_OH4p_S__amine_cation__outerpore_8V82_s20240602.pdbqt,met_OH4p_S__amine_cation__outerpore_8V82_s20240602.pdbqt
main,OH4p_S,amine_cation,outerpore,8V82,20240603,1,-6.502,20,20,,lateral_interface,in_I34_site,I34_pocket,-13.54,15.71,7.41,2.118,0.417,5,12,3.03,0,0.164,0,I34:C,2.6,0.643,B:THR250*; B:MET253*; B:LEU254*; B:ALA275; B:MET278; B:ILE279; C:ASN213; C:PRO217; C:LEU220; C:ILE221; C:PHE252*; C:LEU255*,A298; F275; I244; I302; L243; L277; L278; M276; M301; N236; P240; T273,0,True,False,4d21fc60403c2a3d2a0f7f1ae732d1859b01847d7cb0b560d2ae4eb8dedb84a4,True,receipt rc0+ok+cached=False+hash match,out/met_OH4p_S__amine_cation__outerpore_8V82_s20240603.pdbqt,met_OH4p_S__amine_cation__outerpore_8V82_s20240603.pdbqt
main,OH4p_S,amine_cation,outerpore,8V8A,20240601,1,-5.416,20,20,,pore_lumen,adjacent_to_I34_site,pore_lumen,-16.0,4.17,7.77,0.536,1.0,10,10,2.84,0,0.168,0,I34:D,13.0,0.154,C:LEU247*; C:SER248*; C:THR250*; C:VAL251*; C:LEU254*; D:LEU247*; D:SER248*; D:THR250*; D:VAL251*; D:LEU254*,L270; L277; S271; T273; V274,0,True,False,aa87dc4b2d19b1b69169c5c21643715cde01993eff3e20d176317ecaa27d9b05,True,receipt rc0+ok+cached=False+hash match,out/met_OH4p_S__amine_cation__outerpore_8V8A_s20240601.pdbqt,met_OH4p_S__amine_cation__outerpore_8V8A_s20240601.pdbqt
main,OH4p_S,amine_cation,outerpore,8V8A,20240602,1,-5.407,20,20,,pore_lumen,adjacent_to_I34_site,pore_lumen,-15.97,4.19,7.77,0.539,1.0,10,10,2.85,0,0.284,0,I34:D,12.97,0.154,C:LEU247*; C:SER248*; C:THR250*; C:VAL251*; C:LEU254*; D:LEU247*; D:SER248*; D:THR250*; D:VAL251*; D:LEU254*,L270; L277; S271; T273; V274,0,True,False,e13c656b7f8dc73e3166664f775c5bfb4ef48d0e58d2d55ddea542fca23712d4,True,receipt rc0+ok+cached=False+hash match,out/met_OH4p_S__amine_cation__outerpore_8V8A_s20240602.pdbqt,met_OH4p_S__amine_cation__outerpore_8V8A_s20240602.pdbqt
main,OH4p_S,amine_cation,outerpore,8V8A,20240603,1,-5.399,20,20,,pore_lumen,adjacent_to_I34_site,pore_lumen,-15.97,4.18,7.77,0.537,1.0,10,10,2.83,0,0.29,0,I34:D,12.98,0.154,C:LEU247*; C:SER248*; C:THR250*; C:VAL251*; C:LEU254*; D:LEU247*; D:SER248*; D:THR250*; D:VAL251*; D:LEU254*,L270; L277; S271; T273; V274,0,True,False,e1ba524f6b8164227e7bcf6c25b7fdd3b3fde35e7a764e930218e30be3ac571e,True,receipt rc0+ok+cached=False+hash match,out/met_OH4p_S__amine_cation__outerpore_8V8A_s20240603.pdbqt,met_OH4p_S__amine_cation__outerpore_8V8A_s20240603.pdbqt
main,OH4p_S,zwitterion_phenolate_ammonium,lateral_I34,8V82,20240601,1,-6.279,20,20,,lateral_interface,in_I34_site,I34_pocket,-15.11,18.42,8.46,2.178,0.2,2,10,3.28,0,1.89,0,I34:A,4.51,0.429,A:LEU212; A:ILE216; A:PRO217; A:LEU220; A:ILE221; E:LEU246*; E:MET253*; E:ALA275; E:MET278; E:ILE279,A298; I239; I244; I302; L235; L243; L269; M276; M301; P240,0,True,False,29dff0281bb58c0bebbaf6b105bbb2f00f88c88e82740cd114b9f265e91f1173,True,receipt rc0+ok+cached=False+hash match,out/met_OH4p_S__zwitterion_phenolate_ammonium__lateral_I34_8V82_s20240601.pdbqt,met_OH4p_S__zwitterion_phenolate_ammonium__lateral_I34_8V82_s20240601.pdbqt
main,OH4p_S,zwitterion_phenolate_ammonium,lateral_I34,8V82,20240602,1,-6.369,20,20,,lateral_interface,in_I34_site,I34_pocket,-13.86,17.21,7.42,2.32,0.222,2,9,3.37,0,4.299,0,I34:A,2.9,0.5,A:LEU212; A:ASN213; A:ILE216; A:PRO217; A:LEU220; A:PHE252*; E:MET253*; E:ALA275; E:MET278,A298; F275; I239; L235; L243; M276; M301; N236; P240,0,True,False,3126095d44e7a6e3fa30a221fbb47a435ee03317d8df8811c885c35027604377,True,receipt rc0+ok+cached=False+hash match,out/met_OH4p_S__zwitterion_phenolate_ammonium__lateral_I34_8V82_s20240602.pdbqt,met_OH4p_S__zwitterion_phenolate_ammonium__lateral_I34_8V82_s20240602.pdbqt
main,OH4p_S,zwitterion_phenolate_ammonium,lateral_I34,8V82,20240603,1,-6.341,20,20,,lateral_interface,in_I34_site,I34_pocket,-15.16,18.35,8.46,2.17,0.2,2,10,3.26,0,1.967,0,I34:A,4.52,0.429,A:LEU212; A:ILE216; A:PRO217; A:LEU220; A:ILE221; E:LEU246*; E:MET253*; E:ALA275; E:MET278; E:ILE279,A298; I239; I244; I302; L235; L243; L269; M276; M301; P240,0,True,False,02599077171beefa158abb64d160bb34f886f90fa1d8b7245fd98ccbab1bd767,True,receipt rc0+ok+cached=False+hash match,out/met_OH4p_S__zwitterion_phenolate_ammonium__lateral_I34_8V82_s20240603.pdbqt,met_OH4p_S__zwitterion_phenolate_ammonium__lateral_I34_8V82_s20240603.pdbqt
main,OH4p_S,zwitterion_phenolate_ammonium,lateral_I34,8V8A,20240601,1,-5.79,20,20,,lateral_interface,in_I34_site,I34_pocket,-15.56,18.68,8.25,2.264,0.1,1,10,3.12,0,1.776,0,I34:A,4.98,0.462,A:LEU212; A:ILE216; A:PRO217; A:LEU220; A:ILE221; E:MET253*; E:PHE274; E:ALA275; E:MET278; E:ILE279,A298; F297; I239; I244; I302; L235; L243; M276; M301; P240,0,True,False,9356a65822910517ff9cd97f2f1f89c1bb667b7d3b412d8905ba6b3b61b07a3a,True,receipt rc0+ok+cached=False+hash match,out/met_OH4p_S__zwitterion_phenolate_ammonium__lateral_I34_8V8A_s20240601.pdbqt,met_OH4p_S__zwitterion_phenolate_ammonium__lateral_I34_8V8A_s20240601.pdbqt
main,OH4p_S,zwitterion_phenolate_ammonium,lateral_I34,8V8A,20240602,1,-6.051,20,20,,lateral_interface,in_I34_site,I34_pocket,-16.67,18.36,7.77,2.363,0.167,2,12,3.02,0,-0.03,1,I34:A,5.86,0.462,A:LEU212; A:ILE216; A:PRO217; A:LEU220; A:ILE221; A:LEU224; E:LEU246*; E:MET253*; E:ALA275; E:MET278; E:ILE279; E:GLY282,A298; G305; I239; I244; I302; L235; L243; L247; L269; M276; M301; P240,0,True,False,7dd19890b3579c69a9eb10146d1f91c4731597374b58d60010b9e7a6fa999439,True,receipt rc0+ok+cached=False+hash match,out/met_OH4p_S__zwitterion_phenolate_ammonium__lateral_I34_8V8A_s20240602.pdbqt,met_OH4p_S__zwitterion_phenolate_ammonium__lateral_I34_8V8A_s20240602.pdbqt
main,OH4p_S,zwitterion_phenolate_ammonium,lateral_I34,8V8A,20240603,1,-5.792,20,20,,lateral_interface,in_I34_site,I34_pocket,-15.62,18.68,8.25,2.264,0.182,2,11,3.13,0,1.7,0,I34:A,5.04,0.462,A:LEU212; A:ILE216; A:PRO217; A:LEU220; A:ILE221; E:LEU246*; E:MET253*; E:PHE274; E:ALA275; E:MET278; E:ILE279,A298; F297; I239; I244; I302; L235; L243; L269; M276; M301; P240,0,True,False,809024f633349670ce948c9e36f3aa760d3a228933de4bc7e91fb32c9b8684cb,True,receipt rc0+ok+cached=False+hash match,out/met_OH4p_S__zwitterion_phenolate_ammonium__lateral_I34_8V8A_s20240603.pdbqt,met_OH4p_S__zwitterion_phenolate_ammonium__lateral_I34_8V8A_s20240603.pdbqt
main,OH4p_S,zwitterion_phenolate_ammonium,midpore,8V82,20240601,1,-6.611,20,20,search_space_gt_27000,lateral_interface,in_I34_site,I34_pocket,-13.55,15.22,7.41,2.053,0.4,4,10,3.19,0,0.742,0,I34:C,2.85,0.5,B:MET253*; B:LEU254*; B:MET278; B:ILE279; C:ASN213; C:PRO217; C:LEU220; C:ILE221; C:PHE252*; C:LEU255*,F275; I244; I302; L243; L277; L278; M276; M301; N236; P240,0,True,False,0861e9926d260c15e13cc1073ac3babb404ccbc52ac572743205a0cb84ad26b2,True,receipt rc0+ok+cached=False+hash match,out/met_OH4p_S__zwitterion_phenolate_ammonium__midpore_8V82_s20240601.pdbqt,met_OH4p_S__zwitterion_phenolate_ammonium__midpore_8V82_s20240601.pdbqt
main,OH4p_S,zwitterion_phenolate_ammonium,midpore,8V82,20240602,1,-6.618,20,20,search_space_gt_27000,lateral_interface,in_I34_site,I34_pocket,-13.59,15.21,7.41,2.052,0.4,4,10,3.21,0,0.779,0,I34:C,2.88,0.5,B:MET253*; B:LEU254*; B:MET278; B:ILE279; C:ASN213; C:PRO217; C:LEU220; C:ILE221; C:PHE252*; C:LEU255*,F275; I244; I302; L243; L277; L278; M276; M301; N236; P240,0,True,False,42cac8665bfba106636c54abc6b5e586777a6fe19d4dfe2e530c02d1140a81a9,True,receipt rc0+ok+cached=False+hash match,out/met_OH4p_S__zwitterion_phenolate_ammonium__midpore_8V82_s20240602.pdbqt,met_OH4p_S__zwitterion_phenolate_ammonium__midpore_8V82_s20240602.pdbqt
main,OH4p_S,zwitterion_phenolate_ammonium,midpore,8V82,20240603,1,-6.592,20,20,search_space_gt_27000,lateral_interface,in_I34_site,I34_pocket,-13.56,15.18,7.41,2.048,0.455,5,11,3.17,0,0.713,0,I34:C,2.87,0.571,B:MET253*; B:LEU254*; B:MET278; B:ILE279; C:ASN213; C:PRO217; C:LEU220; C:ILE221; C:VAL251*; C:PHE252*; C:LEU255*,F275; I244; I302; L243; L277; L278; M276; M301; N236; P240; V274,0,True,False,8545bb958895a3ea7beb0ea3e83e3aa309a7e86f36412cbbeffd347b8b2e2fae,True,receipt rc0+ok+cached=False+hash match,out/met_OH4p_S__zwitterion_phenolate_ammonium__midpore_8V82_s20240603.pdbqt,met_OH4p_S__zwitterion_phenolate_ammonium__midpore_8V82_s20240603.pdbqt
main,OH4p_S,zwitterion_phenolate_ammonium,midpore,8V8A,20240601,1,-5.883,20,20,search_space_gt_27000,pore_lumen,away_from_I34_site,pore_lumen,-31.15,0.78,4.78,0.163,0.846,11,13,2.72,0,1.288,0,I34:C,25.32,0.0,A:GLY236; A:GLU237*; A:SER240*; B:GLY236; B:GLU237*; B:SER240*; B:THR244*; C:GLU237*; C:SER240*; C:THR244*; D:GLU237*; D:SER240*; E:SER240*,E260; G259; S263; T267,0,True,False,88d5d5a87c563bfff1caf52f70b5d8489c808017044badbe96c46b2ff71bd3a8,True,receipt rc0+ok+cached=False+hash match,out/met_OH4p_S__zwitterion_phenolate_ammonium__midpore_8V8A_s20240601.pdbqt,met_OH4p_S__zwitterion_phenolate_ammonium__midpore_8V8A_s20240601.pdbqt
main,OH4p_S,zwitterion_phenolate_ammonium,midpore,8V8A,20240602,1,-5.921,20,20,search_space_gt_27000,pore_lumen,away_from_I34_site,pore_lumen,-31.04,0.78,4.78,0.164,0.846,11,13,2.76,0,1.261,0,I34:A,25.23,0.0,A:GLU237*; A:SER240*; A:THR244*; B:GLU237*; B:SER240*; C:SER240*; D:GLY236; D:GLU237*; D:SER240*; E:GLY236; E:GLU237*; E:SER240*; E:THR244*,E260; G259; S263; T267,0,True,False,99d3200a1d28c1015a4fda3357f0b8ddc6f503b9787e53c93bdcee011bdc3a8c,True,receipt rc0+ok+cached=False+hash match,out/met_OH4p_S__zwitterion_phenolate_ammonium__midpore_8V8A_s20240602.pdbqt,met_OH4p_S__zwitterion_phenolate_ammonium__midpore_8V8A_s20240602.pdbqt
main,OH4p_S,zwitterion_phenolate_ammonium,midpore,8V8A,20240603,1,-6.265,20,20,search_space_gt_27000,lateral_interface,in_I34_site,I34_pocket,-19.88,17.82,7.69,2.317,0.125,1,8,3.19,0,-0.121,1,I34:D,8.86,0.308,C:LEU246*; C:ALA275; C:MET278; C:ILE279; D:PRO217; D:LEU220; D:ILE221; D:LEU224,A298; I244; I302; L243; L247; L269; M301; P240,0,True,False,d5ab15290effbcbeeb77e65dc1a51895774dcd063ecf3aa5456495fb55a7a2e7,True,receipt rc0+ok+cached=False+hash match,out/met_OH4p_S__zwitterion_phenolate_ammonium__midpore_8V8A_s20240603.pdbqt,met_OH4p_S__zwitterion_phenolate_ammonium__midpore_8V8A_s20240603.pdbqt
main,OH4p_S,zwitterion_phenolate_ammonium,ortho,8V82,20240601,1,-7.166,16,20,,off_site,in_EPJ_site,EPJ_pocket,31.75,24.46,11.78,2.077,0.0,0,14,2.67,0,4.914,0,EPJ:A,0.84,1.0,A:TYR92; A:TRP148; A:SER149; A:TYR187; A:CYS189; A:CYS190; A:TYR194; B:TRP54; B:THR105; B:ASN106; B:VAL107; B:LEU108; B:GLN116; B:LEU118,C212; C213; L131; L141; N129; Q139; S172; T128; V130; W171; W77; Y115; Y210; Y217,0,True,False,7823d7693beb4b51ff3c86f1d65d06f43a8fa4b7dafe550e05019d7bac50c055,True,receipt rc0+ok+cached=False+hash match,out/met_OH4p_S__zwitterion_phenolate_ammonium__ortho_8V82_s20240601.pdbqt,met_OH4p_S__zwitterion_phenolate_ammonium__ortho_8V82_s20240601.pdbqt
main,OH4p_S,zwitterion_phenolate_ammonium,ortho,8V82,20240602,1,-7.219,15,20,,off_site,in_EPJ_site,EPJ_pocket,31.76,24.46,11.78,2.077,0.0,0,14,2.65,0,4.934,0,EPJ:A,0.85,1.0,A:TYR92; A:TRP148; A:SER149; A:TYR187; A:CYS189; A:CYS190; A:TYR194; B:TRP54; B:THR105; B:ASN106; B:VAL107; B:LEU108; B:GLN116; B:LEU118,C212; C213; L131; L141; N129; Q139; S172; T128; V130; W171; W77; Y115; Y210; Y217,0,True,False,cc1fbb62db943e6fc91d764b1fc45763f06f6147e5252f42d17c1f8a75165716,True,receipt rc0+ok+cached=False+hash match,out/met_OH4p_S__zwitterion_phenolate_ammonium__ortho_8V82_s20240602.pdbqt,met_OH4p_S__zwitterion_phenolate_ammonium__ortho_8V82_s20240602.pdbqt
main,OH4p_S,zwitterion_phenolate_ammonium,ortho,8V82,20240603,1,-7.184,15,20,,off_site,in_EPJ_site,EPJ_pocket,31.77,24.44,11.78,2.075,0.0,0,15,2.61,0,4.905,0,EPJ:A,0.87,1.0,A:TYR92; A:TRP148; A:SER149; A:TYR187; A:CYS189; A:CYS190; A:TYR194; B:TRP54; B:THR105; B:ASN106; B:VAL107; B:LEU108; B:GLN116; B:TYR117; B:LEU118,C212; C213; L131; L141; N129; Q139; S172; T128; V130; W171; W77; Y115; Y140; Y210; Y217,0,True,False,62b4d75f70f06cb67fce472102b17daed4c9b0b4d4b61f03ffb0222e7bfb5605,True,receipt rc0+ok+cached=False+hash match,out/met_OH4p_S__zwitterion_phenolate_ammonium__ortho_8V82_s20240603.pdbqt,met_OH4p_S__zwitterion_phenolate_ammonium__ortho_8V82_s20240603.pdbqt
main,OH4p_S,zwitterion_phenolate_ammonium,ortho,8V8A,20240601,1,-5.358,17,20,,off_site,adjacent_to_EPJ_site,other_interface,38.34,31.02,10.2,3.042,0.0,0,10,2.83,0,-0.165,1,EPJ:A,10.55,0.25,A:CYS190; A:LYS191; A:GLU192; B:SER58; B:THR76; B:LEU108; B:ASN110; B:HIS114; B:CYS115; B:GLN116,C138; C213; E215; H137; K214; L131; N133; Q139; S81; T99,0,True,False,c3a18e319a12e8009ede306cd326a0cc1a6d5c3eca4b113dced5d6da9f17cd30,True,receipt rc0+ok+cached=False+hash match,out/met_OH4p_S__zwitterion_phenolate_ammonium__ortho_8V8A_s20240601.pdbqt,met_OH4p_S__zwitterion_phenolate_ammonium__ortho_8V8A_s20240601.pdbqt
main,OH4p_S,zwitterion_phenolate_ammonium,ortho,8V8A,20240602,1,-5.388,20,20,,off_site,adjacent_to_EPJ_site,other_interface,38.33,31.02,10.2,3.042,0.0,0,10,2.8,0,-0.165,1,EPJ:A,10.54,0.25,A:CYS190; A:LYS191; A:GLU192; B:SER58; B:THR76; B:LEU108; B:ASN110; B:HIS114; B:CYS115; B:GLN116,C138; C213; E215; H137; K214; L131; N133; Q139; S81; T99,0,True,False,80f35ea37c36b84b041d657d1a0b92e2b62358dc5e287e50319ea1dcefff5545,True,receipt rc0+ok+cached=False+hash match,out/met_OH4p_S__zwitterion_phenolate_ammonium__ortho_8V8A_s20240602.pdbqt,met_OH4p_S__zwitterion_phenolate_ammonium__ortho_8V8A_s20240602.pdbqt
main,OH4p_S,zwitterion_phenolate_ammonium,ortho,8V8A,20240603,1,-5.405,20,20,,off_site,adjacent_to_EPJ_site,other_interface,38.32,31.01,10.2,3.041,0.0,0,10,2.82,0,-0.16,1,EPJ:A,10.53,0.25,A:CYS190; A:LYS191; A:GLU192; B:SER58; B:THR76; B:LEU108; B:ASN110; B:HIS114; B:CYS115; B:GLN116,C138; C213; E215; H137; K214; L131; N133; Q139; S81; T99,0,True,False,195bbc0da6f97cbbd348ae0835a7ed049765950a8ce95668b237bb74671d29e6,True,receipt rc0+ok+cached=False+hash match,out/met_OH4p_S__zwitterion_phenolate_ammonium__ortho_8V8A_s20240603.pdbqt,met_OH4p_S__zwitterion_phenolate_ammonium__ortho_8V8A_s20240603.pdbqt
main,OH4p_S,zwitterion_phenolate_ammonium,outerpore,8V82,20240601,1,-6.651,20,20,,lateral_interface,in_I34_site,I34_pocket,-13.6,15.16,7.41,2.044,0.5,6,12,3.27,0,1.21,0,I34:C,2.92,0.643,B:THR250*; B:MET253*; B:LEU254*; B:MET278; B:ILE279; C:ASN213; C:PRO217; C:LEU220; C:ILE221; C:VAL251*; C:PHE252*; C:LEU255*,F275; I244; I302; L243; L277; L278; M276; M301; N236; P240; T273; V274,0,True,False,8880aee7fb1ee0296c262ef0e9dff487e0a4ec26be59c1999145ffa850eed38a,True,receipt rc0+ok+cached=False+hash match,out/met_OH4p_S__zwitterion_phenolate_ammonium__outerpore_8V82_s20240601.pdbqt,met_OH4p_S__zwitterion_phenolate_ammonium__outerpore_8V82_s20240601.pdbqt
main,OH4p_S,zwitterion_phenolate_ammonium,outerpore,8V82,20240602,1,-6.652,20,20,,lateral_interface,in_I34_site,I34_pocket,-13.58,15.16,7.41,2.044,0.5,6,12,3.26,0,1.209,0,I34:C,2.91,0.643,B:THR250*; B:MET253*; B:LEU254*; B:MET278; B:ILE279; C:ASN213; C:PRO217; C:LEU220; C:ILE221; C:VAL251*; C:PHE252*; C:LEU255*,F275; I244; I302; L243; L277; L278; M276; M301; N236; P240; T273; V274,0,True,False,7894197f10b09224b10e33637beedea7bf99b771b163ed8cdf3570f9c2c05e96,True,receipt rc0+ok+cached=False+hash match,out/met_OH4p_S__zwitterion_phenolate_ammonium__outerpore_8V82_s20240602.pdbqt,met_OH4p_S__zwitterion_phenolate_ammonium__outerpore_8V82_s20240602.pdbqt
main,OH4p_S,zwitterion_phenolate_ammonium,outerpore,8V82,20240603,1,-6.63,20,20,,lateral_interface,in_I34_site,I34_pocket,-13.58,15.24,7.41,2.056,0.4,4,10,3.21,0,1.163,0,I34:C,2.85,0.5,B:MET253*; B:LEU254*; B:MET278; B:ILE279; C:ASN213; C:PRO217; C:LEU220; C:ILE221; C:PHE252*; C:LEU255*,F275; I244; I302; L243; L277; L278; M276; M301; N236; P240,0,True,False,a72e6afec7b1efd985c93ac42b0f6fbdb7fb3cb4cf1a05ab044124bb3d8ff45a,True,receipt rc0+ok+cached=False+hash match,out/met_OH4p_S__zwitterion_phenolate_ammonium__outerpore_8V82_s20240603.pdbqt,met_OH4p_S__zwitterion_phenolate_ammonium__outerpore_8V82_s20240603.pdbqt
main,OH4p_S,zwitterion_phenolate_ammonium,outerpore,8V8A,20240601,1,-5.268,20,20,,lateral_interface,adjacent_to_I34_site,other_interface,-2.46,10.71,7.67,1.396,0.364,4,11,3.05,0,0.551,0,I34:D,11.19,0.154,C:LYS45; C:ALA257*; C:GLU258*; C:ALA262; D:TYR209; D:TYR210; D:ASN213; D:LEU214; D:LEU255*; D:GLU258*; D:ILE259,A280; A285; E281; I282; K68; L237; L278; N236; Y232; Y233,0,True,False,50690cd449f062c8a28419f2d1eafccbecb9e76e6b34908cfaaa19a168390477,True,receipt rc0+ok+cached=False+hash match,out/met_OH4p_S__zwitterion_phenolate_ammonium__outerpore_8V8A_s20240601.pdbqt,met_OH4p_S__zwitterion_phenolate_ammonium__outerpore_8V8A_s20240601.pdbqt
main,OH4p_S,zwitterion_phenolate_ammonium,outerpore,8V8A,20240602,1,-5.693,20,20,,lateral_interface,in_I34_site,I34_pocket,-14.75,15.28,8.09,1.888,0.273,3,11,3.06,0,0.502,0,I34:D,3.72,0.692,C:THR250*; C:MET253*; C:ALA275; C:MET278; C:ILE279; D:LEU212; D:ASN213; D:PRO217; D:LEU220; D:ILE221; D:PHE252*,A298; F275; I244; I302; L235; L243; M276; M301; N236; P240; T273,0,True,False,690ea504d7582ab5f13c0f9cf7f71dd8c5521071fe95b7f60941b2f9be07758d,True,receipt rc0+ok+cached=False+hash match,out/met_OH4p_S__zwitterion_phenolate_ammonium__outerpore_8V8A_s20240602.pdbqt,met_OH4p_S__zwitterion_phenolate_ammonium__outerpore_8V8A_s20240602.pdbqt
main,OH4p_S,zwitterion_phenolate_ammonium,outerpore,8V8A,20240603,1,-5.737,20,20,,lateral_interface,in_I34_site,I34_pocket,-14.95,15.42,8.09,1.905,0.273,3,11,3.05,0,0.366,0,I34:D,3.87,0.692,C:THR250*; C:MET253*; C:ALA275; C:MET278; C:ILE279; D:LEU212; D:ASN213; D:PRO217; D:LEU220; D:ILE221; D:PHE252*,A298; F275; I244; I302; L235; L243; M276; M301; N236; P240; T273,0,True,False,7da646545317e0be5b3a753b0fb2d50f19d342403c88f9824b645e646ab777cf,True,receipt rc0+ok+cached=False+hash match,out/met_OH4p_S__zwitterion_phenolate_ammonium__outerpore_8V8A_s20240603.pdbqt,met_OH4p_S__zwitterion_phenolate_ammonium__outerpore_8V8A_s20240603.pdbqt
main,T4pOH_1R2R,amine_cation,lateral_I34,8V82,20240601,1,-6.096,20,20,,lateral_interface,adjacent_to_I34_site,other_interface,-3.66,10.99,6.23,1.765,0.455,5,11,2.81,0,0.662,0,I34:A,9.6,0.214,A:TYR209; A:TYR210; A:ASN213; A:LEU214; A:LEU255*; A:GLU258*; A:ILE259; E:LYS45; E:LEU254*; E:ALA257*; E:GLU258*,A280; E281; I282; K68; L237; L277; L278; N236; Y232; Y233,0,True,False,9c1c0d6cc398e2f9289eaf9930b05699deb90220ad5a981ea1e768a122a812e6,True,receipt rc0+ok+cached=False+hash match,out/met_T4pOH_1R2R__amine_cation__lateral_I34_8V82_s20240601.pdbqt,met_T4pOH_1R2R__amine_cation__lateral_I34_8V82_s20240601.pdbqt
main,T4pOH_1R2R,amine_cation,lateral_I34,8V82,20240602,1,-6.202,20,20,,lateral_interface,in_I34_site,I34_pocket,-15.02,16.4,8.46,1.94,0.3,3,10,3.39,0,2.058,0,I34:A,3.94,0.5,A:ASN213; A:PRO217; A:LEU220; A:ILE221; A:PHE252*; E:LEU246*; E:MET253*; E:ALA275; E:MET278; E:ILE279,A298; F275; I244; I302; L243; L269; M276; M301; N236; P240,0,True,False,1745115fabbbf7387810f37081068dcf8086fbcff5991319527089b011f87729,True,receipt rc0+ok+cached=False+hash match,out/met_T4pOH_1R2R__amine_cation__lateral_I34_8V82_s20240602.pdbqt,met_T4pOH_1R2R__amine_cation__lateral_I34_8V82_s20240602.pdbqt
main,T4pOH_1R2R,amine_cation,lateral_I34,8V82,20240603,1,-6.184,20,20,,lateral_interface,in_I34_site,I34_pocket,-15.03,16.41,8.46,1.941,0.3,3,10,3.38,0,2.004,0,I34:A,3.96,0.5,A:ASN213; A:PRO217; A:LEU220; A:ILE221; A:PHE252*; E:LEU246*; E:MET253*; E:ALA275; E:MET278; E:ILE279,A298; F275; I244; I302; L243; L269; M276; M301; N236; P240,0,True,False,d3e6ff82001ac3fcf3105a8df6b702cff71309f54eac5973a22dba2963fea6ee,True,receipt rc0+ok+cached=False+hash match,out/met_T4pOH_1R2R__amine_cation__lateral_I34_8V82_s20240603.pdbqt,met_T4pOH_1R2R__amine_cation__lateral_I34_8V82_s20240603.pdbqt
main,T4pOH_1R2R,amine_cation,lateral_I34,8V8A,20240601,1,-5.646,20,20,,lateral_interface,in_I34_site,I34_pocket,-16.97,18.07,7.77,2.325,0.182,2,11,2.76,0,-0.03,1,I34:A,6.04,0.462,A:LEU212; A:ILE216; A:PRO217; A:LEU220; A:ILE221; A:LEU224; E:LEU246*; E:MET253*; E:ALA275; E:MET278; E:ILE279,A298; I239; I244; I302; L235; L243; L247; L269; M276; M301; P240,0,True,False,b86f5bde8dc27e2881f23096b0a235eb527c3dae18bf06e88eca0ded30185593,True,receipt rc0+ok+cached=False+hash match,out/met_T4pOH_1R2R__amine_cation__lateral_I34_8V8A_s20240601.pdbqt,met_T4pOH_1R2R__amine_cation__lateral_I34_8V8A_s20240601.pdbqt
main,T4pOH_1R2R,amine_cation,lateral_I34,8V8A,20240602,1,-6.009,20,20,,lateral_interface,in_I34_site,I34_pocket,-17.06,18.38,7.77,2.365,0.1,1,10,2.79,0,-0.03,1,I34:A,6.23,0.462,A:LEU212; A:ILE216; A:PRO217; A:LEU220; A:ILE221; A:LEU224; E:MET253*; E:ALA275; E:MET278; E:ILE279,A298; I239; I244; I302; L235; L243; L247; M276; M301; P240,0,True,False,9cbbd46bfb4dd538ba8d5ca07ef8b02c88e6dbfb8289f88371fe43edb28d54c8,True,receipt rc0+ok+cached=False+hash match,out/met_T4pOH_1R2R__amine_cation__lateral_I34_8V8A_s20240602.pdbqt,met_T4pOH_1R2R__amine_cation__lateral_I34_8V8A_s20240602.pdbqt
main,T4pOH_1R2R,amine_cation,lateral_I34,8V8A,20240603,1,-6.018,20,20,,lateral_interface,in_I34_site,I34_pocket,-17.08,18.41,7.77,2.369,0.1,1,10,2.76,0,-0.03,1,I34:A,6.26,0.462,A:LEU212; A:ILE216; A:PRO217; A:LEU220; A:ILE221; A:LEU224; E:MET253*; E:ALA275; E:MET278; E:ILE279,A298; I239; I244; I302; L235; L243; L247; M276; M301; P240,0,True,False,16745193eba2e2daddc75a3d6695627fe62c00cef961467c6c433b5fc605941e,True,receipt rc0+ok+cached=False+hash match,out/met_T4pOH_1R2R__amine_cation__lateral_I34_8V8A_s20240603.pdbqt,met_T4pOH_1R2R__amine_cation__lateral_I34_8V8A_s20240603.pdbqt
main,T4pOH_1R2R,amine_cation,midpore,8V82,20240601,1,-5.863,20,20,search_space_gt_27000,lateral_interface,in_I34_site,I34_pocket,-12.57,13.96,6.91,2.021,0.636,7,11,2.77,0,1.555,0,I34:C,2.97,0.714,B:THR250*; B:MET253*; B:LEU254*; B:ALA257*; B:MET278; C:ASN213; C:PRO217; C:ILE221; C:VAL251*; C:PHE252*; C:LEU255*,A280; F275; I244; L277; L278; M276; M301; N236; P240; T273; V274,0,True,False,5f8ed0024d6afabcd8d493ea2635c50f484d730527872a670dabd107e8e8c66b,True,receipt rc0+ok+cached=False+hash match,out/met_T4pOH_1R2R__amine_cation__midpore_8V82_s20240601.pdbqt,met_T4pOH_1R2R__amine_cation__midpore_8V82_s20240601.pdbqt
main,T4pOH_1R2R,amine_cation,midpore,8V82,20240602,1,-6.113,20,20,search_space_gt_27000,lateral_interface,in_I34_site,I34_pocket,-15.03,16.36,8.46,1.935,0.222,2,9,3.37,0,0.5,0,I34:C,3.96,0.5,B:MET253*; B:ALA275; B:MET278; B:ILE279; C:ASN213; C:PRO217; C:LEU220; C:ILE221; C:PHE252*,A298; F275; I244; I302; L243; M276; M301; N236; P240,0,True,False,0c8a27f8abbd343a8b5ee1de44dcc0b874fa62605c844a24734b5e96d96fb484,True,receipt rc0+ok+cached=False+hash match,out/met_T4pOH_1R2R__amine_cation__midpore_8V82_s20240602.pdbqt,met_T4pOH_1R2R__amine_cation__midpore_8V82_s20240602.pdbqt
main,T4pOH_1R2R,amine_cation,midpore,8V82,20240603,1,-6.13,20,20,search_space_gt_27000,lateral_interface,in_I34_site,I34_pocket,-15.02,16.38,8.46,1.937,0.222,2,9,3.37,0,0.488,0,I34:C,3.95,0.5,B:MET253*; B:ALA275; B:MET278; B:ILE279; C:ASN213; C:PRO217; C:LEU220; C:ILE221; C:PHE252*,A298; F275; I244; I302; L243; M276; M301; N236; P240,0,True,False,54696f09f1b5cc1cc547671ced9408a796809625e827fa6415f694cdff6d6d28,True,receipt rc0+ok+cached=False+hash match,out/met_T4pOH_1R2R__amine_cation__midpore_8V82_s20240603.pdbqt,met_T4pOH_1R2R__amine_cation__midpore_8V82_s20240603.pdbqt
main,T4pOH_1R2R,amine_cation,midpore,8V8A,20240601,1,-5.559,20,20,search_space_gt_27000,pore_lumen,away_from_I34_site,pore_lumen,-31.3,0.72,4.78,0.15,0.833,10,12,2.76,0,1.298,0,I34:D,25.47,0.0,A:GLU237*; A:SER240*; B:GLY236; B:SER240*; C:GLY236; C:GLU237*; C:SER240*; C:THR244*; D:GLU237*; D:SER240*; D:THR244*; E:SER240*,E260; G259; S263; T267,0,True,False,84fd5ea30b35bdbd278e6fb68a433b9351ddb2be665554032d674f5d601376bf,True,receipt rc0+ok+cached=False+hash match,out/met_T4pOH_1R2R__amine_cation__midpore_8V8A_s20240601.pdbqt,met_T4pOH_1R2R__amine_cation__midpore_8V8A_s20240601.pdbqt
main,T4pOH_1R2R,amine_cation,midpore,8V8A,20240602,1,-5.558,20,20,search_space_gt_27000,pore_lumen,away_from_I34_site,pore_lumen,-31.27,0.73,4.78,0.152,0.833,10,12,2.76,0,1.324,0,I34:B,25.44,0.0,A:GLY236; A:GLU237*; A:SER240*; A:THR244*; B:GLU237*; B:SER240*; B:THR244*; C:SER240*; D:GLU237*; D:SER240*; E:GLY236; E:SER240*,E260; G259; S263; T267,0,True,False,680e26f3c5e623e606d91d170f2cc4c1e500eb67753cb152bf3b450aade655e0,True,receipt rc0+ok+cached=False+hash match,out/met_T4pOH_1R2R__amine_cation__midpore_8V8A_s20240602.pdbqt,met_T4pOH_1R2R__amine_cation__midpore_8V8A_s20240602.pdbqt
main,T4pOH_1R2R,amine_cation,midpore,8V8A,20240603,1,-5.558,20,20,search_space_gt_27000,pore_lumen,away_from_I34_site,pore_lumen,-31.27,0.75,4.78,0.156,0.846,11,13,2.75,0,1.321,0,I34:B,25.44,0.0,A:GLY236; A:GLU237*; A:SER240*; A:THR244*; B:GLU237*; B:SER240*; B:THR244*; C:SER240*; D:GLU237*; D:SER240*; E:GLY236; E:GLU237*; E:SER240*,E260; G259; S263; T267,0,True,False,96b0e7494f042e6fc700898d1f875c57919e7cbd49fe6bb2b0a4d2220284e865,True,receipt rc0+ok+cached=False+hash match,out/met_T4pOH_1R2R__amine_cation__midpore_8V8A_s20240603.pdbqt,met_T4pOH_1R2R__amine_cation__midpore_8V8A_s20240603.pdbqt
main,T4pOH_1R2R,amine_cation,ortho,8V82,20240601,1,-8.015,12,20,,off_site,in_EPJ_site,EPJ_pocket,31.51,24.37,11.78,2.069,0.0,0,14,2.76,0,5.009,0,EPJ:A,0.77,1.0,A:TYR92; A:TRP148; A:SER149; A:TYR187; A:CYS189; A:CYS190; A:TYR194; B:TRP54; B:THR105; B:ASN106; B:VAL107; B:LEU108; B:GLN116; B:LEU118,C212; C213; L131; L141; N129; Q139; S172; T128; V130; W171; W77; Y115; Y210; Y217,0,True,False,e732b7aaec0115d67ad27114588ceb4d314d48c34d5585a982298eae446311ec,True,receipt rc0+ok+cached=False+hash match,out/met_T4pOH_1R2R__amine_cation__ortho_8V82_s20240601.pdbqt,met_T4pOH_1R2R__amine_cation__ortho_8V82_s20240601.pdbqt
main,T4pOH_1R2R,amine_cation,ortho,8V82,20240602,1,-8.009,13,20,,off_site,in_EPJ_site,EPJ_pocket,31.52,24.35,11.78,2.067,0.0,0,14,2.74,0,5.001,0,EPJ:A,0.79,1.0,A:TYR92; A:TRP148; A:SER149; A:TYR187; A:CYS189; A:CYS190; A:TYR194; B:TRP54; B:THR105; B:ASN106; B:VAL107; B:LEU108; B:GLN116; B:LEU118,C212; C213; L131; L141; N129; Q139; S172; T128; V130; W171; W77; Y115; Y210; Y217,0,True,False,9793e9b0e7c9ca9543434cc3ded888470083539de76db14400def2b84c443095,True,receipt rc0+ok+cached=False+hash match,out/met_T4pOH_1R2R__amine_cation__ortho_8V82_s20240602.pdbqt,met_T4pOH_1R2R__amine_cation__ortho_8V82_s20240602.pdbqt
main,T4pOH_1R2R,amine_cation,ortho,8V82,20240603,1,-8.049,12,20,,off_site,in_EPJ_site,EPJ_pocket,31.53,24.35,11.78,2.067,0.0,0,14,2.8,0,4.883,0,EPJ:A,0.77,1.0,A:TYR92; A:TRP148; A:SER149; A:TYR187; A:CYS189; A:CYS190; A:TYR194; B:TRP54; B:THR105; B:ASN106; B:VAL107; B:LEU108; B:GLN116; B:LEU118,C212; C213; L131; L141; N129; Q139; S172; T128; V130; W171; W77; Y115; Y210; Y217,0,True,False,18568da85fee9f453a12ed4137d6545d3736dc365bd126427bc26afe102fdbc7,True,receipt rc0+ok+cached=False+hash match,out/met_T4pOH_1R2R__amine_cation__ortho_8V82_s20240603.pdbqt,met_T4pOH_1R2R__amine_cation__ortho_8V82_s20240603.pdbqt
main,T4pOH_1R2R,amine_cation,ortho,8V8A,20240601,1,-7.326,18,20,,off_site,in_EPJ_site,EPJ_pocket,31.91,24.06,11.89,2.024,0.0,0,14,2.66,0,4.602,0,EPJ:A,0.85,0.917,A:TYR92; A:TRP148; A:SER149; A:TYR187; A:CYS189; A:CYS190; A:TYR194; B:TRP54; B:THR105; B:ASN106; B:VAL107; B:LEU108; B:GLN116; B:LEU118,C212; C213; L131; L141; N129; Q139; S172; T128; V130; W171; W77; Y115; Y210; Y217,0,True,False,aef21aba924720a3b48550aa0bbbb6426bff56d76b582628a28e3a01405a103b,True,receipt rc0+ok+cached=False+hash match,out/met_T4pOH_1R2R__amine_cation__ortho_8V8A_s20240601.pdbqt,met_T4pOH_1R2R__amine_cation__ortho_8V8A_s20240601.pdbqt
main,T4pOH_1R2R,amine_cation,ortho,8V8A,20240602,1,-7.335,20,20,,off_site,in_EPJ_site,EPJ_pocket,31.92,24.06,11.89,2.024,0.0,0,14,2.64,0,4.595,0,EPJ:A,0.85,0.917,A:TYR92; A:TRP148; A:SER149; A:TYR187; A:CYS189; A:CYS190; A:TYR194; B:TRP54; B:THR105; B:ASN106; B:VAL107; B:LEU108; B:GLN116; B:LEU118,C212; C213; L131; L141; N129; Q139; S172; T128; V130; W171; W77; Y115; Y210; Y217,0,True,False,753eb2da1469fbb86eb908747338c668469343c17452aba099fa9e0d755a075c,True,receipt rc0+ok+cached=False+hash match,out/met_T4pOH_1R2R__amine_cation__ortho_8V8A_s20240602.pdbqt,met_T4pOH_1R2R__amine_cation__ortho_8V8A_s20240602.pdbqt
main,T4pOH_1R2R,amine_cation,ortho,8V8A,20240603,1,-7.332,19,20,,off_site,in_EPJ_site,EPJ_pocket,31.92,24.07,11.89,2.024,0.0,0,14,2.63,0,4.595,0,EPJ:A,0.85,0.917,A:TYR92; A:TRP148; A:SER149; A:TYR187; A:CYS189; A:CYS190; A:TYR194; B:TRP54; B:THR105; B:ASN106; B:VAL107; B:LEU108; B:GLN116; B:LEU118,C212; C213; L131; L141; N129; Q139; S172; T128; V130; W171; W77; Y115; Y210; Y217,0,True,False,b6cb5dd758f6802b753f4f236b436b42676f9f943f46f5158d9915f64be16bef,True,receipt rc0+ok+cached=False+hash match,out/met_T4pOH_1R2R__amine_cation__ortho_8V8A_s20240603.pdbqt,met_T4pOH_1R2R__amine_cation__ortho_8V8A_s20240603.pdbqt
main,T4pOH_1R2R,amine_cation,outerpore,8V82,20240601,1,-6.196,20,20,,lateral_interface,adjacent_to_I34_site,other_interface,-3.69,11.02,6.23,1.769,0.455,5,11,2.78,0,0.735,0,I34:B,9.6,0.214,A:LYS45; A:LEU254*; A:ALA257*; A:GLU258*; B:TYR209; B:TYR210; B:ASN213; B:LEU214; B:LEU255*; B:GLU258*; B:ILE259,A280; E281; I282; K68; L237; L277; L278; N236; Y232; Y233,0,True,False,87b48bf2ec13bec6ab37a8824f1a674220e265f77b5a44670b621ff18b50a929,True,receipt rc0+ok+cached=False+hash match,out/met_T4pOH_1R2R__amine_cation__outerpore_8V82_s20240601.pdbqt,met_T4pOH_1R2R__amine_cation__outerpore_8V82_s20240601.pdbqt
main,T4pOH_1R2R,amine_cation,outerpore,8V82,20240602,1,-6.218,20,20,,lateral_interface,adjacent_to_I34_site,other_interface,-3.7,11.02,6.23,1.769,0.455,5,11,2.78,0,0.732,0,I34:B,9.6,0.214,A:LYS45; A:LEU254*; A:ALA257*; A:GLU258*; B:TYR209; B:TYR210; B:ASN213; B:LEU214; B:LEU255*; B:GLU258*; B:ILE259,A280; E281; I282; K68; L237; L277; L278; N236; Y232; Y233,0,True,False,009062d1c9cc7eb9d74a56eecf721de4250ac9b0b3475c1cb52c28629c19288b,True,receipt rc0+ok+cached=False+hash match,out/met_T4pOH_1R2R__amine_cation__outerpore_8V82_s20240602.pdbqt,met_T4pOH_1R2R__amine_cation__outerpore_8V82_s20240602.pdbqt
main,T4pOH_1R2R,amine_cation,outerpore,8V82,20240603,1,-6.238,20,20,,lateral_interface,adjacent_to_I34_site,other_interface,-3.71,11.04,6.23,1.772,0.455,5,11,2.79,0,0.659,0,I34:B,9.58,0.214,A:LYS45; A:LEU254*; A:ALA257*; A:GLU258*; B:TYR209; B:TYR210; B:ASN213; B:LEU214; B:LEU255*; B:GLU258*; B:ILE259,A280; E281; I282; K68; L237; L277; L278; N236; Y232; Y233,0,True,False,77540d82ae226912ab1c621071381ec647e0518068afa1a0554d52e62ce848a7,True,receipt rc0+ok+cached=False+hash match,out/met_T4pOH_1R2R__amine_cation__outerpore_8V82_s20240603.pdbqt,met_T4pOH_1R2R__amine_cation__outerpore_8V82_s20240603.pdbqt
main,T4pOH_1R2R,amine_cation,outerpore,8V8A,20240601,1,-5.592,20,20,,pore_lumen,adjacent_to_I34_site,pore_lumen,-16.22,4.18,7.77,0.537,1.0,8,8,2.74,0,0.514,0,I34:D,13.89,0.077,B:LEU247*; B:THR250*; C:LEU247*; C:SER248*; C:THR250*; C:VAL251*; C:LEU254*; D:SER248*,L270; L277; S271; T273; V274,0,True,False,8058792d2144d89f268006e863ec24e5631a8a1b9b7cd7e6762dec4a0e49b8db,True,receipt rc0+ok+cached=False+hash match,out/met_T4pOH_1R2R__amine_cation__outerpore_8V8A_s20240601.pdbqt,met_T4pOH_1R2R__amine_cation__outerpore_8V8A_s20240601.pdbqt
main,T4pOH_1R2R,amine_cation,outerpore,8V8A,20240602,1,-5.607,20,20,,pore_lumen,adjacent_to_I34_site,pore_lumen,-16.22,4.19,7.77,0.539,1.0,8,8,2.74,0,0.533,0,I34:D,13.88,0.077,B:LEU247*; B:THR250*; C:LEU247*; C:SER248*; C:THR250*; C:VAL251*; C:LEU254*; D:SER248*,L270; L277; S271; T273; V274,0,True,False,1cba523075ec104748df1915d12b3fdde1efbd6cb96250c30d429effee499fad,True,receipt rc0+ok+cached=False+hash match,out/met_T4pOH_1R2R__amine_cation__outerpore_8V8A_s20240602.pdbqt,met_T4pOH_1R2R__amine_cation__outerpore_8V8A_s20240602.pdbqt
main,T4pOH_1R2R,amine_cation,outerpore,8V8A,20240603,1,-5.587,20,20,,pore_lumen,adjacent_to_I34_site,pore_lumen,-16.22,4.18,7.77,0.538,1.0,8,8,2.76,0,0.543,0,I34:D,13.89,0.077,B:LEU247*; B:THR250*; C:LEU247*; C:SER248*; C:THR250*; C:VAL251*; C:LEU254*; D:SER248*,L270; L277; S271; T273; V274,0,True,False,10da9bd2b8b2cebc4fe5a723d63e0d6cacf58741f5e1644c3ca091bf553c174b,True,receipt rc0+ok+cached=False+hash match,out/met_T4pOH_1R2R__amine_cation__outerpore_8V8A_s20240603.pdbqt,met_T4pOH_1R2R__amine_cation__outerpore_8V8A_s20240603.pdbqt
main,T4pOH_1S2S,amine_cation,lateral_I34,8V82,20240601,1,-6.114,20,20,,lateral_interface,in_I34_site,I34_pocket,-13.55,17.05,7.41,2.3,0.2,2,10,3.12,0,4.597,0,I34:A,2.57,0.5,A:LEU212; A:ASN213; A:ILE216; A:PRO217; A:LEU220; A:PHE252*; E:MET253*; E:ALA275; E:MET278; E:ILE279,A298; F275; I239; I302; L235; L243; M276; M301; N236; P240,0,True,False,def49d2af9f8a02a06b0c5457af1c2755941ddccbe025497169a986210278223,True,receipt rc0+ok+cached=False+hash match,out/met_T4pOH_1S2S__amine_cation__lateral_I34_8V82_s20240601.pdbqt,met_T4pOH_1S2S__amine_cation__lateral_I34_8V82_s20240601.pdbqt
main,T4pOH_1S2S,amine_cation,lateral_I34,8V82,20240602,1,-6.112,20,20,,lateral_interface,in_I34_site,I34_pocket,-13.56,17.06,7.41,2.301,0.2,2,10,3.09,0,4.596,0,I34:A,2.59,0.5,A:LEU212; A:ASN213; A:ILE216; A:PRO217; A:LEU220; A:PHE252*; E:MET253*; E:ALA275; E:MET278; E:ILE279,A298; F275; I239; I302; L235; L243; M276; M301; N236; P240,0,True,False,6560da43738f716da525aca9156bcc8518b28eec80adedef5c5fde3fca190018,True,receipt rc0+ok+cached=False+hash match,out/met_T4pOH_1S2S__amine_cation__lateral_I34_8V82_s20240602.pdbqt,met_T4pOH_1S2S__amine_cation__lateral_I34_8V82_s20240602.pdbqt
main,T4pOH_1S2S,amine_cation,lateral_I34,8V82,20240603,1,-6.083,20,20,,lateral_interface,in_I34_site,I34_pocket,-13.57,17.09,7.41,2.305,0.2,2,10,3.15,0,4.594,0,I34:A,2.59,0.5,A:LEU212; A:ASN213; A:ILE216; A:PRO217; A:LEU220; A:PHE252*; E:MET253*; E:ALA275; E:MET278; E:ILE279,A298; F275; I239; I302; L235; L243; M276; M301; N236; P240,0,True,False,77b4a7ef57b30ac2b7d7651efe91e86f024b3a14aedae7b0ee1e450199ed98c9,True,receipt rc0+ok+cached=False+hash match,out/met_T4pOH_1S2S__amine_cation__lateral_I34_8V82_s20240603.pdbqt,met_T4pOH_1S2S__amine_cation__lateral_I34_8V82_s20240603.pdbqt
main,T4pOH_1S2S,amine_cation,lateral_I34,8V8A,20240601,1,-5.828,20,20,,lateral_interface,in_I34_site,I34_pocket,-16.61,18.2,7.77,2.342,0.182,2,11,2.98,0,0.004,0,I34:A,5.75,0.462,A:LEU212; A:ILE216; A:PRO217; A:LEU220; A:ILE221; E:LEU246*; E:MET253*; E:ALA275; E:MET278; E:ILE279; E:GLY282,A298; G305; I239; I244; I302; L235; L243; L269; M276; M301; P240,0,True,False,8e44563c9ab2f95956fae1249d8cb81afac49dd62088ede927e12a6e8951009b,True,receipt rc0+ok+cached=False+hash match,out/met_T4pOH_1S2S__amine_cation__lateral_I34_8V8A_s20240601.pdbqt,met_T4pOH_1S2S__amine_cation__lateral_I34_8V8A_s20240601.pdbqt
main,T4pOH_1S2S,amine_cation,lateral_I34,8V8A,20240602,1,-5.832,19,20,,lateral_interface,in_I34_site,I34_pocket,-16.54,18.24,7.77,2.347,0.182,2,11,2.9,0,0.101,0,I34:A,5.69,0.462,A:LEU212; A:ILE216; A:PRO217; A:LEU220; A:ILE221; E:LEU246*; E:MET253*; E:ALA275; E:MET278; E:ILE279; E:GLY282,A298; G305; I239; I244; I302; L235; L243; L269; M276; M301; P240,0,True,False,5676783bd7a1d7f22ea4eb7aaaa0439ba85e8401e503e57e2238b0bb33919001,True,receipt rc0+ok+cached=False+hash match,out/met_T4pOH_1S2S__amine_cation__lateral_I34_8V8A_s20240602.pdbqt,met_T4pOH_1S2S__amine_cation__lateral_I34_8V8A_s20240602.pdbqt
main,T4pOH_1S2S,amine_cation,lateral_I34,8V8A,20240603,1,-5.835,20,20,,lateral_interface,in_I34_site,I34_pocket,-16.54,18.26,7.77,2.349,0.182,2,11,2.91,0,0.095,0,I34:A,5.7,0.462,A:LEU212; A:ILE216; A:PRO217; A:LEU220; A:ILE221; E:LEU246*; E:MET253*; E:ALA275; E:MET278; E:ILE279; E:GLY282,A298; G305; I239; I244; I302; L235; L243; L269; M276; M301; P240,0,True,False,35b04a73f5da3e8f80ecf9df3f3f2625950e3b83af5459756fbbaded281831f5,True,receipt rc0+ok+cached=False+hash match,out/met_T4pOH_1S2S__amine_cation__lateral_I34_8V8A_s20240603.pdbqt,met_T4pOH_1S2S__amine_cation__lateral_I34_8V8A_s20240603.pdbqt
main,T4pOH_1S2S,amine_cation,midpore,8V82,20240601,1,-6.094,20,20,search_space_gt_27000,lateral_interface,in_I34_site,I34_pocket,-15.74,16.3,7.69,2.119,0.273,3,11,3.26,0,0.423,0,I34:C,4.68,0.5,B:LEU246*; B:MET253*; B:ALA275; B:MET278; B:ILE279; C:ASN213; C:PRO217; C:LEU220; C:ILE221; C:LEU224; C:PHE252*,A298; F275; I244; I302; L243; L247; L269; M276; M301; N236; P240,0,True,False,b5faa8d5b124b34a95d75932954e08e29da0d8ed23661864a258141912d959aa,True,receipt rc0+ok+cached=False+hash match,out/met_T4pOH_1S2S__amine_cation__midpore_8V82_s20240601.pdbqt,met_T4pOH_1S2S__amine_cation__midpore_8V82_s20240601.pdbqt
main,T4pOH_1S2S,amine_cation,midpore,8V82,20240602,1,-6.225,19,20,search_space_gt_27000,lateral_interface,in_I34_site,I34_pocket,-15.7,16.34,7.69,2.125,0.3,3,10,3.3,0,0.416,0,I34:C,4.64,0.5,B:LEU246*; B:MET253*; B:ALA275; B:MET278; B:ILE279; C:ASN213; C:PRO217; C:LEU220; C:ILE221; C:PHE252*,A298; F275; I244; I302; L243; L269; M276; M301; N236; P240,0,True,False,1e2e41de982e3d02537597e6b173cc71317ac77ebcf6ec89d94039598314d80c,True,receipt rc0+ok+cached=False+hash match,out/met_T4pOH_1S2S__amine_cation__midpore_8V82_s20240602.pdbqt,met_T4pOH_1S2S__amine_cation__midpore_8V82_s20240602.pdbqt
main,T4pOH_1S2S,amine_cation,midpore,8V82,20240603,1,-6.231,20,20,search_space_gt_27000,lateral_interface,in_I34_site,I34_pocket,-15.69,16.33,7.69,2.124,0.3,3,10,3.35,0,0.412,0,I34:C,4.63,0.5,B:LEU246*; B:MET253*; B:ALA275; B:MET278; B:ILE279; C:ASN213; C:PRO217; C:LEU220; C:ILE221; C:PHE252*,A298; F275; I244; I302; L243; L269; M276; M301; N236; P240,0,True,False,ba0816004560901d6d4178928ee29d6485682aa98f7e3e8ee6e0c7394d7d4632,True,receipt rc0+ok+cached=False+hash match,out/met_T4pOH_1S2S__amine_cation__midpore_8V82_s20240603.pdbqt,met_T4pOH_1S2S__amine_cation__midpore_8V82_s20240603.pdbqt
main,T4pOH_1S2S,amine_cation,midpore,8V8A,20240601,1,-5.449,20,20,search_space_gt_27000,pore_lumen,away_from_I34_site,pore_lumen,-31.21,0.8,4.78,0.167,0.857,12,14,2.7,0,1.353,0,I34:B,25.35,0.0,A:GLY236; A:GLU237*; A:SER240*; A:THR244*; B:GLY236; B:GLU237*; B:SER240*; C:GLU237*; C:SER240*; D:GLU237*; D:SER240*; E:SER240*; E:ILE243*; E:THR244*,E260; G259; I266; S263; T267,0,True,False,61bf2287c8fad1fc1977df4253d4ea02ac1eee506468e384e25ff1e64e916a73,True,receipt rc0+ok+cached=False+hash match,out/met_T4pOH_1S2S__amine_cation__midpore_8V8A_s20240601.pdbqt,met_T4pOH_1S2S__amine_cation__midpore_8V8A_s20240601.pdbqt
main,T4pOH_1S2S,amine_cation,midpore,8V8A,20240602,1,-5.46,20,20,search_space_gt_27000,pore_lumen,away_from_I34_site,pore_lumen,-31.21,0.8,4.78,0.168,0.857,12,14,2.7,0,1.331,0,I34:D,25.36,0.0,A:GLU237*; A:SER240*; B:SER240*; B:ILE243*; B:THR244*; C:GLY236; C:GLU237*; C:SER240*; C:THR244*; D:GLY236; D:GLU237*; D:SER240*; E:GLU237*; E:SER240*,E260; G259; I266; S263; T267,0,True,False,96db572e9cfacedb4c4fd6ac442273cedfc5a4f03c1784e9ee641abd17b2f7a0,True,receipt rc0+ok+cached=False+hash match,out/met_T4pOH_1S2S__amine_cation__midpore_8V8A_s20240602.pdbqt,met_T4pOH_1S2S__amine_cation__midpore_8V8A_s20240602.pdbqt
main,T4pOH_1S2S,amine_cation,midpore,8V8A,20240603,1,-5.446,20,20,search_space_gt_27000,pore_lumen,away_from_I34_site,pore_lumen,-31.23,0.82,4.78,0.171,0.857,12,14,2.71,0,1.262,0,I34:A,25.37,0.0,A:GLY236; A:GLU237*; A:SER240*; B:GLU237*; B:SER240*; C:GLU237*; C:SER240*; D:SER240*; D:ILE243*; D:THR244*; E:GLY236; E:GLU237*; E:SER240*; E:THR244*,E260; G259; I266; S263; T267,0,True,False,9d4ab57d1e9ddaedd0c1d61271b1c4f210251727689ae87c596c8fa9be79b060,True,receipt rc0+ok+cached=False+hash match,out/met_T4pOH_1S2S__amine_cation__midpore_8V8A_s20240603.pdbqt,met_T4pOH_1S2S__amine_cation__midpore_8V8A_s20240603.pdbqt
main,T4pOH_1S2S,amine_cation,ortho,8V82,20240601,1,-6.815,13,20,,off_site,in_EPJ_site,EPJ_pocket,31.83,24.4,11.78,2.072,0.0,0,15,2.49,0,4.833,0,EPJ:A,0.93,1.0,A:TYR92; A:TRP148; A:SER149; A:TYR187; A:CYS189; A:CYS190; A:TYR194; B:TRP54; B:THR105; B:ASN106; B:VAL107; B:LEU108; B:GLN116; B:TYR117; B:LEU118,C212; C213; L131; L141; N129; Q139; S172; T128; V130; W171; W77; Y115; Y140; Y210; Y217,0,True,False,0e2dbc7d1d9df173de98ac3ada5911ff5765afe6935bfa5b539fd14d54db08f6,True,receipt rc0+ok+cached=False+hash match,out/met_T4pOH_1S2S__amine_cation__ortho_8V82_s20240601.pdbqt,met_T4pOH_1S2S__amine_cation__ortho_8V82_s20240601.pdbqt
main,T4pOH_1S2S,amine_cation,ortho,8V82,20240602,1,-6.852,17,20,,off_site,in_EPJ_site,EPJ_pocket,31.82,24.4,11.78,2.072,0.0,0,15,2.45,0,4.87,0,EPJ:A,0.92,1.0,A:TYR92; A:TRP148; A:SER149; A:TYR187; A:CYS189; A:CYS190; A:TYR194; B:TRP54; B:THR105; B:ASN106; B:VAL107; B:LEU108; B:GLN116; B:TYR117; B:LEU118,C212; C213; L131; L141; N129; Q139; S172; T128; V130; W171; W77; Y115; Y140; Y210; Y217,0,True,False,bb7131868888c198ceab00c3c210df623e80fea7494909afc52e0970d4b8972f,True,receipt rc0+ok+cached=False+hash match,out/met_T4pOH_1S2S__amine_cation__ortho_8V82_s20240602.pdbqt,met_T4pOH_1S2S__amine_cation__ortho_8V82_s20240602.pdbqt
main,T4pOH_1S2S,amine_cation,ortho,8V82,20240603,1,-6.811,17,20,,off_site,in_EPJ_site,EPJ_pocket,31.84,24.41,11.78,2.072,0.0,0,15,2.45,0,4.846,0,EPJ:A,0.94,1.0,A:TYR92; A:TRP148; A:SER149; A:TYR187; A:CYS189; A:CYS190; A:TYR194; B:TRP54; B:THR105; B:ASN106; B:VAL107; B:LEU108; B:GLN116; B:TYR117; B:LEU118,C212; C213; L131; L141; N129; Q139; S172; T128; V130; W171; W77; Y115; Y140; Y210; Y217,0,True,False,3d2e35d2772f4075603a4a28e68df52f7cf40b770aa89c341b80bdbb87a5c5ea,True,receipt rc0+ok+cached=False+hash match,out/met_T4pOH_1S2S__amine_cation__ortho_8V82_s20240603.pdbqt,met_T4pOH_1S2S__amine_cation__ortho_8V82_s20240603.pdbqt
main,T4pOH_1S2S,amine_cation,ortho,8V8A,20240601,1,-5.011,19,20,,off_site,adjacent_to_EPJ_site,other_interface,38.86,30.53,10.2,2.994,0.0,0,10,2.73,0,-0.139,1,EPJ:A,10.34,0.333,A:TRP153; A:CYS190; A:GLU192; A:TYR194; B:THR76; B:LEU108; B:ASN110; B:HIS114; B:CYS115; B:GLN116,C138; C213; E215; H137; L131; N133; Q139; T99; W176; Y217,0,True,False,33100012bd37cb9ed3f6df09709d96a7cfa482b71b6b78f8f6c6ad1d954204ab,True,receipt rc0+ok+cached=False+hash match,out/met_T4pOH_1S2S__amine_cation__ortho_8V8A_s20240601.pdbqt,met_T4pOH_1S2S__amine_cation__ortho_8V8A_s20240601.pdbqt
main,T4pOH_1S2S,amine_cation,ortho,8V8A,20240602,1,-5.01,20,20,,off_site,adjacent_to_EPJ_site,other_interface,38.86,30.54,10.2,2.995,0.0,0,9,2.74,0,-0.138,1,EPJ:A,10.34,0.333,A:TRP153; A:CYS190; A:GLU192; A:TYR194; B:THR76; B:LEU108; B:ASN110; B:HIS114; B:GLN116,C213; E215; H137; L131; N133; Q139; T99; W176; Y217,0,True,False,56610fb12ab9004024c6f39ddebc3983de1a53ab92578dcc80353efc99638945,True,receipt rc0+ok+cached=False+hash match,out/met_T4pOH_1S2S__amine_cation__ortho_8V8A_s20240602.pdbqt,met_T4pOH_1S2S__amine_cation__ortho_8V8A_s20240602.pdbqt
main,T4pOH_1S2S,amine_cation,ortho,8V8A,20240603,1,-4.995,20,20,,off_site,adjacent_to_EPJ_site,other_interface,38.88,30.54,10.2,2.995,0.0,0,10,2.76,0,-0.165,1,EPJ:A,10.36,0.333,A:TRP153; A:CYS190; A:GLU192; A:TYR194; B:THR76; B:LEU108; B:ASN110; B:HIS114; B:CYS115; B:GLN116,C138; C213; E215; H137; L131; N133; Q139; T99; W176; Y217,0,True,False,0e9fb58cac8f6babddbce8698d2977bde05ee34573741ab63f4e0c5fb01cded3,True,receipt rc0+ok+cached=False+hash match,out/met_T4pOH_1S2S__amine_cation__ortho_8V8A_s20240603.pdbqt,met_T4pOH_1S2S__amine_cation__ortho_8V8A_s20240603.pdbqt
main,T4pOH_1S2S,amine_cation,outerpore,8V82,20240601,1,-5.924,20,20,,lateral_interface,adjacent_to_I34_site,other_interface,-3.91,12.05,6.23,1.935,0.4,4,10,2.74,0,0.642,0,I34:A,9.23,0.214,A:TYR209; A:TYR210; A:ASN213; A:LEU214; A:LEU255*; A:GLU258*; A:ILE259; E:LYS45; E:LEU254*; E:ALA257*,A280; E281; I282; K68; L237; L277; L278; N236; Y232; Y233,0,True,False,857eccd4c2e7f84b49f54be98192d1805c664953d6c483815e0e088723aac2ca,True,receipt rc0+ok+cached=False+hash match,out/met_T4pOH_1S2S__amine_cation__outerpore_8V82_s20240601.pdbqt,met_T4pOH_1S2S__amine_cation__outerpore_8V82_s20240601.pdbqt
main,T4pOH_1S2S,amine_cation,outerpore,8V82,20240602,1,-5.946,20,20,,lateral_interface,adjacent_to_I34_site,other_interface,-3.91,12.05,6.23,1.935,0.4,4,10,2.74,0,0.638,0,I34:B,9.21,0.214,A:LYS45; A:LEU254*; A:ALA257*; B:TYR209; B:TYR210; B:ASN213; B:LEU214; B:LEU255*; B:GLU258*; B:ILE259,A280; E281; I282; K68; L237; L277; L278; N236; Y232; Y233,0,True,False,1c99522cc819f3d388a9c684d83fd0199576e1069c52fcfdd40e7b4bcb3cae6e,True,receipt rc0+ok+cached=False+hash match,out/met_T4pOH_1S2S__amine_cation__outerpore_8V82_s20240602.pdbqt,met_T4pOH_1S2S__amine_cation__outerpore_8V82_s20240602.pdbqt
main,T4pOH_1S2S,amine_cation,outerpore,8V82,20240603,1,-5.933,20,20,,lateral_interface,adjacent_to_I34_site,other_interface,-3.89,12.06,6.23,1.937,0.4,4,10,2.75,0,0.614,0,I34:E,9.25,0.214,D:LYS45; D:LEU254*; D:ALA257*; E:TYR209; E:TYR210; E:ASN213; E:LEU214; E:LEU255*; E:GLU258*; E:ILE259,A280; E281; I282; K68; L237; L277; L278; N236; Y232; Y233,0,True,False,4f11db949df685e00450bc5812ca9481b309f8e5b15db36306b023bdfc151019,True,receipt rc0+ok+cached=False+hash match,out/met_T4pOH_1S2S__amine_cation__outerpore_8V82_s20240603.pdbqt,met_T4pOH_1S2S__amine_cation__outerpore_8V82_s20240603.pdbqt
main,T4pOH_1S2S,amine_cation,outerpore,8V8A,20240601,1,-5.669,20,20,,lateral_interface,adjacent_to_I34_site,other_interface,-4.11,9.07,6.49,1.397,0.455,5,11,2.94,0,1.654,0,I34:D,10.44,0.154,C:LYS45; C:LEU254*; C:ALA257*; C:GLU258*; D:TYR209; D:TYR210; D:ASN213; D:LEU214; D:LEU255*; D:GLU258*; D:ILE259,A280; E281; I282; K68; L237; L277; L278; N236; Y232; Y233,0,True,False,eda05ed89813c48ae31e7246ec6a1588e83d636ac3fb3ec6ed70a50114dd46de,True,receipt rc0+ok+cached=False+hash match,out/met_T4pOH_1S2S__amine_cation__outerpore_8V8A_s20240601.pdbqt,met_T4pOH_1S2S__amine_cation__outerpore_8V8A_s20240601.pdbqt
main,T4pOH_1S2S,amine_cation,outerpore,8V8A,20240602,1,-5.696,20,20,,lateral_interface,adjacent_to_I34_site,other_interface,-4.11,9.0,6.49,1.387,0.455,5,11,2.95,0,1.685,0,I34:D,10.49,0.154,C:LYS45; C:LEU254*; C:ALA257*; C:GLU258*; D:TYR209; D:TYR210; D:ASN213; D:LEU214; D:LEU255*; D:GLU258*; D:ILE259,A280; E281; I282; K68; L237; L277; L278; N236; Y232; Y233,0,True,False,54bde88750b619ba9bfaeff61b210665dee7c8a0f6ca02d6d1aa8f00850be207,True,receipt rc0+ok+cached=False+hash match,out/met_T4pOH_1S2S__amine_cation__outerpore_8V8A_s20240602.pdbqt,met_T4pOH_1S2S__amine_cation__outerpore_8V8A_s20240602.pdbqt
main,T4pOH_1S2S,amine_cation,outerpore,8V8A,20240603,1,-5.721,19,20,,lateral_interface,adjacent_to_I34_site,other_interface,-4.11,9.05,6.49,1.395,0.455,5,11,2.93,0,1.652,0,I34:E,10.45,0.154,D:LYS45; D:LEU254*; D:ALA257*; D:GLU258*; E:TYR209; E:TYR210; E:ASN213; E:LEU214; E:LEU255*; E:GLU258*; E:ILE259,A280; E281; I282; K68; L237; L277; L278; N236; Y232; Y233,0,True,False,a7b328dbd1f94e3dcd46443ef62dcf01f396213abc83cb92c57d043876bdaa98,True,receipt rc0+ok+cached=False+hash match,out/met_T4pOH_1S2S__amine_cation__outerpore_8V8A_s20240603.pdbqt,met_T4pOH_1S2S__amine_cation__outerpore_8V8A_s20240603.pdbqt
main,TGLUC_1R2R,zwitterion_carboxylate_ammonium,lateral_I34,8V82,20240601,1,-5.61,20,20,,lateral_interface,adjacent_to_I34_site,other_interface,-12.23,25.78,6.91,3.73,0.0,0,7,2.85,0,0.006,0,I34:A,9.8,0.286,A:LEU212; A:ASN213; E:VAL267; E:GLN272; E:ALA275; E:SER276; E:ILE463,A298; I486; L235; N236; Q295; S299; V290,0,True,False,fc3e2813a96cb46179a7eae4efe919e54a5d41f7228245c43d865720130e2c09,True,receipt rc0+ok+cached=False+hash match,out/met_TGLUC_1R2R__zwitterion_carboxylate_ammonium__lateral_I34_8V82_s20240601.pdbqt,met_TGLUC_1R2R__zwitterion_carboxylate_ammonium__lateral_I34_8V82_s20240601.pdbqt
main,TGLUC_1R2R,zwitterion_carboxylate_ammonium,lateral_I34,8V82,20240602,1,-5.603,20,20,,lateral_interface,adjacent_to_I34_site,other_interface,-12.23,25.78,6.91,3.731,0.0,0,7,2.86,0,0.008,0,I34:A,9.8,0.286,A:LEU212; A:ASN213; E:VAL267; E:GLN272; E:ALA275; E:SER276; E:ILE463,A298; I486; L235; N236; Q295; S299; V290,0,True,False,751f27de5bb289fcd68208d584ad7436bbb3870583d673948406ec2775ad7ad3,True,receipt rc0+ok+cached=False+hash match,out/met_TGLUC_1R2R__zwitterion_carboxylate_ammonium__lateral_I34_8V82_s20240602.pdbqt,met_TGLUC_1R2R__zwitterion_carboxylate_ammonium__lateral_I34_8V82_s20240602.pdbqt
main,TGLUC_1R2R,zwitterion_carboxylate_ammonium,lateral_I34,8V82,20240603,1,-5.607,20,20,,lateral_interface,adjacent_to_I34_site,other_interface,-12.22,25.78,6.91,3.73,0.0,0,7,2.88,0,-0.0,1,I34:A,9.79,0.286,A:LEU212; A:ASN213; E:VAL267; E:GLN272; E:ALA275; E:SER276; E:ILE463,A298; I486; L235; N236; Q295; S299; V290,0,True,False,0d37d6bd75965bdeb4f53182a55c72967fbd5493b8ab6f020bcd7de141a120b8,True,receipt rc0+ok+cached=False+hash match,out/met_TGLUC_1R2R__zwitterion_carboxylate_ammonium__lateral_I34_8V82_s20240603.pdbqt,met_TGLUC_1R2R__zwitterion_carboxylate_ammonium__lateral_I34_8V82_s20240603.pdbqt
main,TGLUC_1R2R,zwitterion_carboxylate_ammonium,lateral_I34,8V8A,20240601,1,-5.316,20,20,,lateral_interface,in_I34_site,I34_pocket,-12.75,25.43,6.83,3.725,0.0,0,7,2.74,0,0.512,0,I34:A,9.64,0.308,A:LEU212; E:VAL267; E:ALA271; E:GLN272; E:ALA275; E:SER276; E:ILE463,A294; A298; I486; L235; Q295; S299; V290,0,True,False,edb1260930531d3378dfce6b3c3ae22fd780baba42d1aec87ae336757b651fe1,True,receipt rc0+ok+cached=False+hash match,out/met_TGLUC_1R2R__zwitterion_carboxylate_ammonium__lateral_I34_8V8A_s20240601.pdbqt,met_TGLUC_1R2R__zwitterion_carboxylate_ammonium__lateral_I34_8V8A_s20240601.pdbqt
main,TGLUC_1R2R,zwitterion_carboxylate_ammonium,lateral_I34,8V8A,20240602,1,-5.324,20,20,,lateral_interface,adjacent_to_I34_site,other_interface,-12.74,25.46,6.83,3.728,0.0,0,6,2.74,0,0.472,0,I34:A,9.66,0.231,A:LEU212; E:VAL267; E:GLN272; E:ALA275; E:SER276; E:ILE463,A298; I486; L235; Q295; S299; V290,0,True,False,70a021096a4ddfb7fd78f6a5134e55e8347c3bf2ab25a1972af6c5fe510cfdac,True,receipt rc0+ok+cached=False+hash match,out/met_TGLUC_1R2R__zwitterion_carboxylate_ammonium__lateral_I34_8V8A_s20240602.pdbqt,met_TGLUC_1R2R__zwitterion_carboxylate_ammonium__lateral_I34_8V8A_s20240602.pdbqt
main,TGLUC_1R2R,zwitterion_carboxylate_ammonium,lateral_I34,8V8A,20240603,1,-5.32,20,20,,lateral_interface,adjacent_to_I34_site,other_interface,-12.74,25.46,6.83,3.729,0.0,0,6,2.73,0,0.465,0,I34:A,9.67,0.231,A:LEU212; E:VAL267; E:GLN272; E:ALA275; E:SER276; E:ILE463,A298; I486; L235; Q295; S299; V290,0,True,False,9997260bc29181f9ac11aadfd9a8bc33b35b23a0e61957e3ced5296299c9b033,True,receipt rc0+ok+cached=False+hash match,out/met_TGLUC_1R2R__zwitterion_carboxylate_ammonium__lateral_I34_8V8A_s20240603.pdbqt,met_TGLUC_1R2R__zwitterion_carboxylate_ammonium__lateral_I34_8V8A_s20240603.pdbqt
main,TGLUC_1R2R,zwitterion_carboxylate_ammonium,midpore,8V82,20240601,1,-7.823,20,20,search_space_gt_27000,pore_lumen,away_from_I34_site,pore_lumen,-30.13,0.17,4.22,0.041,0.789,15,19,2.68,0,1.846,0,I34:E,25.03,0.0,A:GLY236; A:GLU237*; A:SER240*; A:THR244*; B:GLY236; B:GLU237*; B:SER240*; C:GLU237*; C:SER240*; C:ILE243*; C:THR244*; D:GLY236; D:GLU237*; D:SER240*; D:THR244*; E:GLY236; E:SER240*; E:ILE243*; E:THR244*,E260; G259; I266; S263; T267,0,True,False,62d90b8bd566ead1054f6d9cb24aeea6f53aca6b0a964dbb38a2762e165ca8fe,True,receipt rc0+ok+cached=False+hash match,out/met_TGLUC_1R2R__zwitterion_carboxylate_ammonium__midpore_8V82_s20240601.pdbqt,met_TGLUC_1R2R__zwitterion_carboxylate_ammonium__midpore_8V82_s20240601.pdbqt
main,TGLUC_1R2R,zwitterion_carboxylate_ammonium,midpore,8V82,20240602,1,-7.805,20,20,search_space_gt_27000,pore_lumen,away_from_I34_site,pore_lumen,-30.06,0.15,4.22,0.035,0.789,15,19,2.68,0,1.947,0,I34:E,24.98,0.0,A:GLY236; A:GLU237*; A:SER240*; A:THR244*; B:GLY236; B:GLU237*; B:SER240*; C:GLU237*; C:SER240*; C:ILE243*; C:THR244*; D:GLY236; D:GLU237*; D:SER240*; D:THR244*; E:GLY236; E:SER240*; E:ILE243*; E:THR244*,E260; G259; I266; S263; T267,0,True,False,b42ea8a21aba3efbabaff688b603e1d2d7256f47fffe54304a302de8ed07079a,True,receipt rc0+ok+cached=False+hash match,out/met_TGLUC_1R2R__zwitterion_carboxylate_ammonium__midpore_8V82_s20240602.pdbqt,met_TGLUC_1R2R__zwitterion_carboxylate_ammonium__midpore_8V82_s20240602.pdbqt
main,TGLUC_1R2R,zwitterion_carboxylate_ammonium,midpore,8V82,20240603,1,-6.6,20,20,search_space_gt_27000,pore_lumen,away_from_I34_site,pore_lumen,-24.75,1.34,5.37,0.25,1.0,10,10,2.84,0,7.582,0,I34:B,20.34,0.0,A:SER240*; A:THR244*; A:LEU247*; B:SER240*; B:THR244*; C:SER240*; C:THR244*; D:THR244*; E:SER240*; E:LEU247*,L270; S263; T267,0,True,False,6cdd7eadb81bd25372f0fad5b87f46c20eee1ba2a6b98755a0d7c3162f0d89a9,True,receipt rc0+ok+cached=False+hash match,out/met_TGLUC_1R2R__zwitterion_carboxylate_ammonium__midpore_8V82_s20240603.pdbqt,met_TGLUC_1R2R__zwitterion_carboxylate_ammonium__midpore_8V82_s20240603.pdbqt
main,TGLUC_1R2R,zwitterion_carboxylate_ammonium,midpore,8V8A,20240601,1,-7.076,20,20,search_space_gt_27000,pore_lumen,away_from_I34_site,pore_lumen,-30.14,0.08,4.78,0.017,0.8,16,20,2.81,0,2.022,0,I34:E,24.89,0.0,A:GLY236; A:GLU237*; A:SER240*; A:THR244*; B:GLY236; B:GLU237*; B:SER240*; B:ILE243*; B:THR244*; C:GLY236; C:GLU237*; C:SER240*; C:THR244*; D:GLY236; D:SER240*; D:ILE243*; D:THR244*; E:GLU237*; E:SER240*; E:THR244*,E260; G259; I266; S263; T267,0,True,False,b1cc7cca19fc4de9587d371b1933a7e7375402dc9b4861c88ea06ea1592d8ffa,True,receipt rc0+ok+cached=False+hash match,out/met_TGLUC_1R2R__zwitterion_carboxylate_ammonium__midpore_8V8A_s20240601.pdbqt,met_TGLUC_1R2R__zwitterion_carboxylate_ammonium__midpore_8V8A_s20240601.pdbqt
main,TGLUC_1R2R,zwitterion_carboxylate_ammonium,midpore,8V8A,20240602,1,-7.091,20,20,search_space_gt_27000,pore_lumen,away_from_I34_site,pore_lumen,-30.12,0.01,4.78,0.002,0.8,16,20,2.81,0,2.046,0,I34:E,24.92,0.0,A:GLY236; A:GLU237*; A:SER240*; A:THR244*; B:GLY236; B:GLU237*; B:SER240*; B:ILE243*; B:THR244*; C:GLY236; C:GLU237*; C:SER240*; C:THR244*; D:GLY236; D:SER240*; D:ILE243*; D:THR244*; E:GLU237*; E:SER240*; E:THR244*,E260; G259; I266; S263; T267,0,True,False,7b06c8082d5a6580a4dbbdd29b3628d9bad6a1b4eeaa0cff6e47e437ae9792be,True,receipt rc0+ok+cached=False+hash match,out/met_TGLUC_1R2R__zwitterion_carboxylate_ammonium__midpore_8V8A_s20240602.pdbqt,met_TGLUC_1R2R__zwitterion_carboxylate_ammonium__midpore_8V8A_s20240602.pdbqt
main,TGLUC_1R2R,zwitterion_carboxylate_ammonium,midpore,8V8A,20240603,1,-7.062,20,20,search_space_gt_27000,pore_lumen,away_from_I34_site,pore_lumen,-30.13,0.06,4.78,0.013,0.8,16,20,2.8,0,2.037,0,I34:D,24.9,0.0,A:GLY236; A:GLU237*; A:SER240*; A:ILE243*; A:THR244*; B:GLY236; B:GLU237*; B:SER240*; B:THR244*; C:GLY236; C:SER240*; C:ILE243*; C:THR244*; D:GLU237*; D:SER240*; D:THR244*; E:GLY236; E:GLU237*; E:SER240*; E:THR244*,E260; G259; I266; S263; T267,0,True,False,f4eb339cb8e89a8a94689f88ec51d841a15505f3a82cb75e84c247cb9ea80bbf,True,receipt rc0+ok+cached=False+hash match,out/met_TGLUC_1R2R__zwitterion_carboxylate_ammonium__midpore_8V8A_s20240603.pdbqt,met_TGLUC_1R2R__zwitterion_carboxylate_ammonium__midpore_8V8A_s20240603.pdbqt
main,TGLUC_1R2R,zwitterion_carboxylate_ammonium,ortho,8V82,20240601,1,-1.932,2,20,,off_site,in_EPJ_site,EPJ_pocket,30.56,25.12,11.72,2.143,0.0,0,17,2.36,0,3.047,0,EPJ:A,1.14,1.0,A:TYR92; A:TRP148; A:SER149; A:TYR187; A:GLU188; A:CYS189; A:CYS190; A:TYR194; B:SER35; B:TRP54; B:GLN56; B:THR105; B:ASN106; B:LEU108; B:GLN116; B:TYR117; B:LEU118,C212; C213; E211; L131; L141; N129; Q139; Q79; S172; S58; T128; W171; W77; Y115; Y140; Y210; Y217,0,True,False,3c19a2e648754a6671f310a7c1ab61b7e1d45ea27c894b5fb7557c7c8acbb74f,True,receipt rc0+ok+cached=False+hash match,out/met_TGLUC_1R2R__zwitterion_carboxylate_ammonium__ortho_8V82_s20240601.pdbqt,met_TGLUC_1R2R__zwitterion_carboxylate_ammonium__ortho_8V82_s20240601.pdbqt
main,TGLUC_1R2R,zwitterion_carboxylate_ammonium,ortho,8V82,20240602,1,-1.951,3,20,,off_site,in_EPJ_site,EPJ_pocket,30.58,25.12,11.72,2.143,0.0,0,17,2.37,0,3.075,0,EPJ:A,1.13,1.0,A:TYR92; A:TRP148; A:SER149; A:TYR187; A:GLU188; A:CYS189; A:CYS190; A:TYR194; B:SER35; B:TRP54; B:GLN56; B:THR105; B:ASN106; B:LEU108; B:GLN116; B:TYR117; B:LEU118,C212; C213; E211; L131; L141; N129; Q139; Q79; S172; S58; T128; W171; W77; Y115; Y140; Y210; Y217,0,True,False,3f9570c5fbfd4d5fce66d93c6f864e5110d48768ec93339a1f677fa2a9782cb7,True,receipt rc0+ok+cached=False+hash match,out/met_TGLUC_1R2R__zwitterion_carboxylate_ammonium__ortho_8V82_s20240602.pdbqt,met_TGLUC_1R2R__zwitterion_carboxylate_ammonium__ortho_8V82_s20240602.pdbqt
main,TGLUC_1R2R,zwitterion_carboxylate_ammonium,ortho,8V82,20240603,1,-1.944,4,20,,off_site,in_EPJ_site,EPJ_pocket,30.58,25.13,11.72,2.143,0.0,0,17,2.35,0,3.047,0,EPJ:A,1.14,1.0,A:TYR92; A:TRP148; A:SER149; A:TYR187; A:GLU188; A:CYS189; A:CYS190; A:TYR194; B:SER35; B:TRP54; B:GLN56; B:THR105; B:ASN106; B:LEU108; B:GLN116; B:TYR117; B:LEU118,C212; C213; E211; L131; L141; N129; Q139; Q79; S172; S58; T128; W171; W77; Y115; Y140; Y210; Y217,0,True,False,474eb4cfb8e4b2898f467c3452d22ec63f8a804f0e8d46b2aa576438ea84d2dc,True,receipt rc0+ok+cached=False+hash match,out/met_TGLUC_1R2R__zwitterion_carboxylate_ammonium__ortho_8V82_s20240603.pdbqt,met_TGLUC_1R2R__zwitterion_carboxylate_ammonium__ortho_8V82_s20240603.pdbqt
main,TGLUC_1R2R,zwitterion_carboxylate_ammonium,ortho,8V8A,20240601,1,-1.638,4,19,,off_site,in_EPJ_site,EPJ_pocket,31.09,24.62,11.6,2.122,0.0,0,18,2.48,0,4.12,0,EPJ:A,1.11,0.917,A:TYR92; A:TRP148; A:SER149; A:TYR187; A:GLU188; A:CYS189; A:CYS190; A:TYR194; B:SER35; B:TRP54; B:GLN56; B:THR105; B:ASN106; B:LEU108; B:GLN116; B:TYR117; B:LEU118; B:ASP163,C212; C213; D186; E211; L131; L141; N129; Q139; Q79; S172; S58; T128; W171; W77; Y115; Y140; Y210; Y217,0,True,False,69b1a36701dc52d42b8e5e973dad6a189c4e6af25e38f677ebffa57f04fcd277,True,receipt rc0+ok+cached=False+hash match,out/met_TGLUC_1R2R__zwitterion_carboxylate_ammonium__ortho_8V8A_s20240601.pdbqt,met_TGLUC_1R2R__zwitterion_carboxylate_ammonium__ortho_8V8A_s20240601.pdbqt
main,TGLUC_1R2R,zwitterion_carboxylate_ammonium,ortho,8V8A,20240602,1,-4.282,5,20,,off_site,adjacent_to_EPJ_site,other_interface,39.02,30.71,10.2,3.012,0.0,0,12,2.58,0,-0.165,5,EPJ:A,10.52,0.333,A:TRP153; A:CYS190; A:LYS191; A:GLU192; A:TYR194; B:LYS75; B:THR76; B:LEU108; B:ASN110; B:HIS114; B:CYS115; B:GLN116,C138; C213; E215; H137; K214; K98; L131; N133; Q139; T99; W176; Y217,0,True,False,a743dd6c5e49b1db692336fb3703d494357cbb4a085390d2cfdf7f74e34f4c66,True,receipt rc0+ok+cached=False+hash match,out/met_TGLUC_1R2R__zwitterion_carboxylate_ammonium__ortho_8V8A_s20240602.pdbqt,met_TGLUC_1R2R__zwitterion_carboxylate_ammonium__ortho_8V8A_s20240602.pdbqt
main,TGLUC_1R2R,zwitterion_carboxylate_ammonium,ortho,8V8A,20240603,1,-2.658,7,20,,off_site,adjacent_to_EPJ_site,other_interface,39.18,30.72,10.2,3.012,0.0,0,13,2.54,0,-0.165,3,EPJ:A,10.39,0.333,A:TRP153; A:CYS190; A:LYS191; A:GLU192; A:TYR194; B:LYS75; B:THR76; B:ARG78; B:LEU108; B:ASN110; B:HIS114; B:CYS115; B:GLN116,C138; C213; E215; H137; K214; K98; L131; N133; Q139; R101; T99; W176; Y217,0,True,False,f55bba36ab8468992462a36ad953b52e037c93f93896b318a795f55e70143e66,True,receipt rc0+ok+cached=False+hash match,out/met_TGLUC_1R2R__zwitterion_carboxylate_ammonium__ortho_8V8A_s20240603.pdbqt,met_TGLUC_1R2R__zwitterion_carboxylate_ammonium__ortho_8V8A_s20240603.pdbqt
main,TGLUC_1R2R,zwitterion_carboxylate_ammonium,outerpore,8V82,20240601,1,-5.918,20,20,,pore_lumen,adjacent_to_I34_site,pore_lumen,-15.67,3.94,8.46,0.466,1.0,11,11,2.88,0,0.926,0,I34:A,13.72,0.214,A:LEU247*; A:SER248*; A:VAL251*; D:LEU247*; D:THR250*; D:LEU254*; E:LEU247*; E:SER248*; E:THR250*; E:VAL251*; E:LEU254*,L270; L277; S271; T273; V274,0,True,False,b831ad419b4765016beed51471e34de54bfba906df8a93ea67a7502f25a45ee3,True,receipt rc0+ok+cached=False+hash match,out/met_TGLUC_1R2R__zwitterion_carboxylate_ammonium__outerpore_8V82_s20240601.pdbqt,met_TGLUC_1R2R__zwitterion_carboxylate_ammonium__outerpore_8V82_s20240601.pdbqt
main,TGLUC_1R2R,zwitterion_carboxylate_ammonium,outerpore,8V82,20240602,1,-5.924,20,20,,pore_lumen,adjacent_to_I34_site,pore_lumen,-15.66,3.97,8.46,0.47,1.0,11,11,2.88,0,0.942,0,I34:A,13.7,0.214,A:LEU247*; A:SER248*; A:VAL251*; D:LEU247*; D:THR250*; D:LEU254*; E:LEU247*; E:SER248*; E:THR250*; E:VAL251*; E:LEU254*,L270; L277; S271; T273; V274,0,True,False,702a75b2b757da7077e8d4adaa06848ed3d3d708cf082d87e3b73ba85aabbf10,True,receipt rc0+ok+cached=False+hash match,out/met_TGLUC_1R2R__zwitterion_carboxylate_ammonium__outerpore_8V82_s20240602.pdbqt,met_TGLUC_1R2R__zwitterion_carboxylate_ammonium__outerpore_8V82_s20240602.pdbqt
main,TGLUC_1R2R,zwitterion_carboxylate_ammonium,outerpore,8V82,20240603,1,-5.913,20,20,,pore_lumen,adjacent_to_I34_site,pore_lumen,-15.71,3.95,7.69,0.514,1.0,11,11,2.88,0,0.907,0,I34:A,13.72,0.214,A:LEU247*; A:SER248*; A:VAL251*; D:LEU247*; D:THR250*; D:LEU254*; E:LEU247*; E:SER248*; E:THR250*; E:VAL251*; E:LEU254*,L270; L277; S271; T273; V274,0,True,False,e4763c24720ce69b5a94c3c88070208f8c171b643bd52a1473b64d0204ff61de,True,receipt rc0+ok+cached=False+hash match,out/met_TGLUC_1R2R__zwitterion_carboxylate_ammonium__outerpore_8V82_s20240603.pdbqt,met_TGLUC_1R2R__zwitterion_carboxylate_ammonium__outerpore_8V82_s20240603.pdbqt
main,TGLUC_1R2R,zwitterion_carboxylate_ammonium,outerpore,8V8A,20240601,1,-5.791,20,20,,pore_lumen,adjacent_to_I34_site,pore_lumen,-13.25,3.58,7.68,0.466,1.0,11,11,2.89,0,1.884,0,I34:E,12.97,0.154,C:LEU254*; D:THR250*; D:VAL251*; D:LEU254*; E:LEU247*; E:SER248*; E:THR250*; E:VAL251*; E:LEU254*; E:LEU255*; E:GLU258*,E281; L270; L277; L278; S271; T273; V274,0,True,False,0d8c47606c9e215aafe664bd4f2a0d91dc8a963721e2549e121cdb9963c55a0e,True,receipt rc0+ok+cached=False+hash match,out/met_TGLUC_1R2R__zwitterion_carboxylate_ammonium__outerpore_8V8A_s20240601.pdbqt,met_TGLUC_1R2R__zwitterion_carboxylate_ammonium__outerpore_8V8A_s20240601.pdbqt
main,TGLUC_1R2R,zwitterion_carboxylate_ammonium,outerpore,8V8A,20240602,1,-5.8,20,20,,pore_lumen,adjacent_to_I34_site,pore_lumen,-13.24,3.6,7.68,0.469,1.0,11,11,2.9,0,1.809,0,I34:A,12.94,0.154,A:LEU247*; A:SER248*; A:THR250*; A:VAL251*; A:LEU254*; A:LEU255*; A:GLU258*; D:LEU254*; E:THR250*; E:VAL251*; E:LEU254*,E281; L270; L277; L278; S271; T273; V274,0,True,False,0c256cf3171e8f80968e2323cfdd1d47fa048d60f6f1a617619e20622d88bfe2,True,receipt rc0+ok+cached=False+hash match,out/met_TGLUC_1R2R__zwitterion_carboxylate_ammonium__outerpore_8V8A_s20240602.pdbqt,met_TGLUC_1R2R__zwitterion_carboxylate_ammonium__outerpore_8V8A_s20240602.pdbqt
main,TGLUC_1R2R,zwitterion_carboxylate_ammonium,outerpore,8V8A,20240603,1,-5.773,20,20,,pore_lumen,adjacent_to_I34_site,pore_lumen,-13.31,3.58,7.68,0.466,1.0,11,11,2.87,0,1.803,0,I34:A,12.97,0.154,A:LEU247*; A:SER248*; A:THR250*; A:VAL251*; A:LEU254*; A:LEU255*; A:GLU258*; D:LEU254*; E:THR250*; E:VAL251*; E:LEU254*,E281; L270; L277; L278; S271; T273; V274,0,True,False,5765299be0a76fe7749487ae2290e6b667670e213549c0af462071cb7ea56bdf,True,receipt rc0+ok+cached=False+hash match,out/met_TGLUC_1R2R__zwitterion_carboxylate_ammonium__outerpore_8V8A_s20240603.pdbqt,met_TGLUC_1R2R__zwitterion_carboxylate_ammonium__outerpore_8V8A_s20240603.pdbqt
main,TGLUC_1S2S,zwitterion_carboxylate_ammonium,lateral_I34,8V82,20240601,1,-5.907,20,20,,lateral_interface,in_I34_site,I34_pocket,-13.68,16.85,7.41,2.272,0.308,4,13,2.47,0,3.401,0,I34:A,2.66,0.714,A:LEU212; A:ASN213; A:ILE216; A:PRO217; A:LEU220; A:ILE221; A:PHE252*; E:THR250*; E:MET253*; E:LEU254*; E:ALA275; E:MET278; E:ILE279,A298; F275; I239; I244; I302; L235; L243; L277; M276; M301; N236; P240; T273,0,True,False,4f670fa3e7d993d48dac47ebfd42fffe9dba130fb8fde67c0996db7bcc48d798,True,receipt rc0+ok+cached=False+hash match,out/met_TGLUC_1S2S__zwitterion_carboxylate_ammonium__lateral_I34_8V82_s20240601.pdbqt,met_TGLUC_1S2S__zwitterion_carboxylate_ammonium__lateral_I34_8V82_s20240601.pdbqt
main,TGLUC_1S2S,zwitterion_carboxylate_ammonium,lateral_I34,8V82,20240602,1,-5.989,20,20,,lateral_interface,in_I34_site,I34_pocket,-13.64,16.8,7.41,2.266,0.308,4,13,2.46,0,3.448,0,I34:A,2.62,0.714,A:LEU212; A:ASN213; A:ILE216; A:PRO217; A:LEU220; A:ILE221; A:PHE252*; E:THR250*; E:MET253*; E:LEU254*; E:ALA275; E:MET278; E:ILE279,A298; F275; I239; I244; I302; L235; L243; L277; M276; M301; N236; P240; T273,0,True,False,218002f976a9ba0297109df561e6bbf2713bc8e8b5f86520867b39691a4176fe,True,receipt rc0+ok+cached=False+hash match,out/met_TGLUC_1S2S__zwitterion_carboxylate_ammonium__lateral_I34_8V82_s20240602.pdbqt,met_TGLUC_1S2S__zwitterion_carboxylate_ammonium__lateral_I34_8V82_s20240602.pdbqt
main,TGLUC_1S2S,zwitterion_carboxylate_ammonium,lateral_I34,8V82,20240603,1,-5.934,20,20,,lateral_interface,in_I34_site,I34_pocket,-13.67,16.86,7.41,2.274,0.308,4,13,2.46,0,3.434,0,I34:A,2.65,0.714,A:LEU212; A:ASN213; A:ILE216; A:PRO217; A:LEU220; A:ILE221; A:PHE252*; E:THR250*; E:MET253*; E:LEU254*; E:ALA275; E:MET278; E:ILE279,A298; F275; I239; I244; I302; L235; L243; L277; M276; M301; N236; P240; T273,0,True,False,7c6c59f17c256fddee53cd9c37d64ca1b8efe5f446dd19b57719d0d6c828740b,True,receipt rc0+ok+cached=False+hash match,out/met_TGLUC_1S2S__zwitterion_carboxylate_ammonium__lateral_I34_8V82_s20240603.pdbqt,met_TGLUC_1S2S__zwitterion_carboxylate_ammonium__lateral_I34_8V82_s20240603.pdbqt
main,TGLUC_1S2S,zwitterion_carboxylate_ammonium,lateral_I34,8V8A,20240601,1,-5.166,20,20,,lateral_interface,adjacent_to_I34_site,other_interface,-12.79,25.29,6.83,3.704,0.0,0,7,3.32,0,-0.063,1,I34:A,9.44,0.231,A:LEU212; A:ILE216; E:VAL267; E:GLN272; E:ALA275; E:SER276; E:ILE279,A298; I239; I302; L235; Q295; S299; V290,0,True,False,aa59f851cab3eee67b3acbacc97b40ffcbb3b9b80805c5eb10c028b64dc3f08d,True,receipt rc0+ok+cached=False+hash match,out/met_TGLUC_1S2S__zwitterion_carboxylate_ammonium__lateral_I34_8V8A_s20240601.pdbqt,met_TGLUC_1S2S__zwitterion_carboxylate_ammonium__lateral_I34_8V8A_s20240601.pdbqt
main,TGLUC_1S2S,zwitterion_carboxylate_ammonium,lateral_I34,8V8A,20240602,1,-5.166,20,20,,lateral_interface,adjacent_to_I34_site,other_interface,-12.81,25.27,6.83,3.701,0.0,0,7,3.28,0,-0.023,1,I34:A,9.43,0.231,A:LEU212; A:ILE216; E:VAL267; E:GLN272; E:ALA275; E:SER276; E:ILE279,A298; I239; I302; L235; Q295; S299; V290,0,True,False,be9be7d00f1102e0e36b07de8f262aea57cef0aa01b3a117142bcdf6a400d3d2,True,receipt rc0+ok+cached=False+hash match,out/met_TGLUC_1S2S__zwitterion_carboxylate_ammonium__lateral_I34_8V8A_s20240602.pdbqt,met_TGLUC_1S2S__zwitterion_carboxylate_ammonium__lateral_I34_8V8A_s20240602.pdbqt
main,TGLUC_1S2S,zwitterion_carboxylate_ammonium,lateral_I34,8V8A,20240603,1,-5.158,20,20,,lateral_interface,adjacent_to_I34_site,other_interface,-12.8,25.31,6.83,3.707,0.0,0,7,3.32,0,-0.058,1,I34:A,9.47,0.231,A:LEU212; A:ILE216; E:VAL267; E:GLN272; E:ALA275; E:SER276; E:ILE279,A298; I239; I302; L235; Q295; S299; V290,0,True,False,48f37355f51b3e11a606e069dc4c56c64db1af68e754073efec1d80be0e9ebfc,True,receipt rc0+ok+cached=False+hash match,out/met_TGLUC_1S2S__zwitterion_carboxylate_ammonium__lateral_I34_8V8A_s20240603.pdbqt,met_TGLUC_1S2S__zwitterion_carboxylate_ammonium__lateral_I34_8V8A_s20240603.pdbqt
main,TGLUC_1S2S,zwitterion_carboxylate_ammonium,midpore,8V82,20240601,1,-7.864,20,20,search_space_gt_27000,pore_lumen,away_from_I34_site,pore_lumen,-29.82,0.79,4.22,0.188,0.833,15,18,2.71,0,1.366,0,I34:B,24.4,0.0,A:GLY236; A:GLU237*; A:SER240*; A:THR244*; B:GLY236; B:GLU237*; B:SER240*; B:ILE243*; B:THR244*; C:GLU237*; C:SER240*; C:THR244*; D:GLY236; D:SER240*; E:GLU237*; E:SER240*; E:ILE243*; E:THR244*,E260; G259; I266; S263; T267,0,True,False,b9cedb67add3d1943591e9c21fffbe9ac68f7550c45a51905aa7c17eeffc558a,True,receipt rc0+ok+cached=False+hash match,out/met_TGLUC_1S2S__zwitterion_carboxylate_ammonium__midpore_8V82_s20240601.pdbqt,met_TGLUC_1S2S__zwitterion_carboxylate_ammonium__midpore_8V82_s20240601.pdbqt
main,TGLUC_1S2S,zwitterion_carboxylate_ammonium,midpore,8V82,20240602,1,-6.794,20,20,search_space_gt_27000,pore_lumen,away_from_I34_site,pore_lumen,-24.35,1.79,5.37,0.333,1.0,10,10,2.75,0,7.766,0,I34:B,19.83,0.0,A:SER240*; A:THR244*; A:LEU247*; B:SER240*; B:ILE243*; B:THR244*; B:LEU247*; C:SER240*; C:THR244*; E:LEU247*,I266; L270; S263; T267,0,True,False,fc7b3b0e9bdec2e74c87c6852024c7d27e2a2d3e6caa39c90e4f6a2e4eadbe59,True,receipt rc0+ok+cached=False+hash match,out/met_TGLUC_1S2S__zwitterion_carboxylate_ammonium__midpore_8V82_s20240602.pdbqt,met_TGLUC_1S2S__zwitterion_carboxylate_ammonium__midpore_8V82_s20240602.pdbqt
main,TGLUC_1S2S,zwitterion_carboxylate_ammonium,midpore,8V82,20240603,1,-6.779,20,20,search_space_gt_27000,pore_lumen,away_from_I34_site,pore_lumen,-24.39,1.74,5.37,0.324,1.0,10,10,2.78,0,7.743,0,I34:B,19.88,0.0,A:SER240*; A:THR244*; A:LEU247*; B:SER240*; B:ILE243*; B:THR244*; B:LEU247*; C:SER240*; C:THR244*; E:LEU247*,I266; L270; S263; T267,0,True,False,7d5bcf78c912aecae1002dbf913c65c4b53bd7691103b0263c294f6dff6c9ddc,True,receipt rc0+ok+cached=False+hash match,out/met_TGLUC_1S2S__zwitterion_carboxylate_ammonium__midpore_8V82_s20240603.pdbqt,met_TGLUC_1S2S__zwitterion_carboxylate_ammonium__midpore_8V82_s20240603.pdbqt
main,TGLUC_1S2S,zwitterion_carboxylate_ammonium,midpore,8V8A,20240601,1,-6.766,20,20,search_space_gt_27000,pore_lumen,away_from_I34_site,pore_lumen,-24.94,1.54,5.08,0.304,1.0,9,9,2.91,0,7.255,0,I34:D,20.12,0.0,B:LEU247*; C:SER240*; C:ILE243*; C:THR244*; C:LEU247*; C:SER248*; D:SER240*; D:THR244*; E:THR244*,I266; L270; S263; S271; T267,0,True,False,2d9fd3ecb06d189a6765c526e3e921eda327c46a7116aec98ce31eb97f5218f7,True,receipt rc0+ok+cached=False+hash match,out/met_TGLUC_1S2S__zwitterion_carboxylate_ammonium__midpore_8V8A_s20240601.pdbqt,met_TGLUC_1S2S__zwitterion_carboxylate_ammonium__midpore_8V8A_s20240601.pdbqt
main,TGLUC_1S2S,zwitterion_carboxylate_ammonium,midpore,8V8A,20240602,1,-7.422,20,20,search_space_gt_27000,pore_lumen,away_from_I34_site,pore_lumen,-30.08,0.37,4.78,0.078,0.833,15,18,2.74,0,2.626,0,I34:E,24.66,0.0,A:GLY236; A:GLU237*; A:SER240*; A:THR244*; B:SER240*; B:ILE243*; B:THR244*; C:SER240*; C:THR244*; D:GLY236; D:GLU237*; D:SER240*; D:THR244*; E:GLY236; E:GLU237*; E:SER240*; E:ILE243*; E:THR244*,E260; G259; I266; S263; T267,0,True,False,d94f5f65346d9e50c84438e0452e8eb306d1a0a9dddb88aab5f8ccd0a44a186a,True,receipt rc0+ok+cached=False+hash match,out/met_TGLUC_1S2S__zwitterion_carboxylate_ammonium__midpore_8V8A_s20240602.pdbqt,met_TGLUC_1S2S__zwitterion_carboxylate_ammonium__midpore_8V8A_s20240602.pdbqt
main,TGLUC_1S2S,zwitterion_carboxylate_ammonium,midpore,8V8A,20240603,1,-7.404,20,20,search_space_gt_27000,pore_lumen,away_from_I34_site,pore_lumen,-30.07,0.39,4.78,0.081,0.833,15,18,2.72,0,2.619,0,I34:E,24.65,0.0,A:GLY236; A:GLU237*; A:SER240*; A:THR244*; B:SER240*; B:ILE243*; B:THR244*; C:SER240*; C:THR244*; D:GLY236; D:GLU237*; D:SER240*; D:THR244*; E:GLY236; E:GLU237*; E:SER240*; E:ILE243*; E:THR244*,E260; G259; I266; S263; T267,0,True,False,6aeba6a2dd17814ac5f45d28dc7a4f07c418bb0fd29246ef9b0ec450dcefd724,True,receipt rc0+ok+cached=False+hash match,out/met_TGLUC_1S2S__zwitterion_carboxylate_ammonium__midpore_8V8A_s20240603.pdbqt,met_TGLUC_1S2S__zwitterion_carboxylate_ammonium__midpore_8V8A_s20240603.pdbqt
main,TGLUC_1S2S,zwitterion_carboxylate_ammonium,ortho,8V82,20240601,1,0.952,8,17,,off_site,in_EPJ_site,EPJ_pocket,32.42,25.55,11.78,2.17,0.0,0,15,2.0,1,2.722,0,EPJ:A,1.67,1.0,A:TYR92; A:TRP148; A:SER149; A:TYR187; A:CYS189; A:CYS190; A:GLU192; A:TYR194; B:TRP54; B:THR105; B:ASN106; B:LEU108; B:GLN116; B:TYR117; B:LEU118,C212; C213; E215; L131; L141; N129; Q139; S172; T128; W171; W77; Y115; Y140; Y210; Y217,0,True,False,6e37f27c267deaf91166451389b084cf153a0ffd9e3fd7f94fc9b439fa529ccb,True,receipt rc0+ok+cached=False+hash match,out/met_TGLUC_1S2S__zwitterion_carboxylate_ammonium__ortho_8V82_s20240601.pdbqt,met_TGLUC_1S2S__zwitterion_carboxylate_ammonium__ortho_8V82_s20240601.pdbqt
main,TGLUC_1S2S,zwitterion_carboxylate_ammonium,ortho,8V82,20240602,1,0.973,10,20,,off_site,in_EPJ_site,EPJ_pocket,32.42,25.57,11.78,2.171,0.0,0,15,1.99,1,2.712,0,EPJ:A,1.66,1.0,A:TYR92; A:TRP148; A:SER149; A:TYR187; A:CYS189; A:CYS190; A:GLU192; A:TYR194; B:TRP54; B:THR105; B:ASN106; B:LEU108; B:GLN116; B:TYR117; B:LEU118,C212; C213; E215; L131; L141; N129; Q139; S172; T128; W171; W77; Y115; Y140; Y210; Y217,0,True,False,c91505f5cbdb8aab06408f973fb203f09968a1c045ff2373e0d82522595a0264,True,receipt rc0+ok+cached=False+hash match,out/met_TGLUC_1S2S__zwitterion_carboxylate_ammonium__ortho_8V82_s20240602.pdbqt,met_TGLUC_1S2S__zwitterion_carboxylate_ammonium__ortho_8V82_s20240602.pdbqt
main,TGLUC_1S2S,zwitterion_carboxylate_ammonium,ortho,8V82,20240603,1,0.947,10,20,,off_site,in_EPJ_site,EPJ_pocket,32.43,25.56,11.78,2.17,0.0,0,15,1.99,1,2.726,0,EPJ:A,1.67,1.0,A:TYR92; A:TRP148; A:SER149; A:TYR187; A:CYS189; A:CYS190; A:GLU192; A:TYR194; B:TRP54; B:THR105; B:ASN106; B:LEU108; B:GLN116; B:TYR117; B:LEU118,C212; C213; E215; L131; L141; N129; Q139; S172; T128; W171; W77; Y115; Y140; Y210; Y217,0,True,False,2d0bdf8aad0e16937811337f0bd651a406a6f2b0496110d0b7a220a429c87529,True,receipt rc0+ok+cached=False+hash match,out/met_TGLUC_1S2S__zwitterion_carboxylate_ammonium__ortho_8V82_s20240603.pdbqt,met_TGLUC_1S2S__zwitterion_carboxylate_ammonium__ortho_8V82_s20240603.pdbqt
main,TGLUC_1S2S,zwitterion_carboxylate_ammonium,ortho,8V8A,20240601,1,-2.073,9,20,,off_site,adjacent_to_EPJ_site,other_interface,38.7,31.09,10.2,3.049,0.0,0,10,2.21,0,-0.164,6,EPJ:A,10.52,0.333,A:TRP153; A:CYS189; A:CYS190; A:LYS191; A:GLU192; B:THR76; B:LEU108; B:ASN110; B:HIS114; B:GLN116,C212; C213; E215; H137; K214; L131; N133; Q139; T99; W176,0,True,False,66de536e99573bdda75d3bff3d44d25e4e9758ee1454bf5f0d9d22da04ef1b5d,True,receipt rc0+ok+cached=False+hash match,out/met_TGLUC_1S2S__zwitterion_carboxylate_ammonium__ortho_8V8A_s20240601.pdbqt,met_TGLUC_1S2S__zwitterion_carboxylate_ammonium__ortho_8V8A_s20240601.pdbqt
main,TGLUC_1S2S,zwitterion_carboxylate_ammonium,ortho,8V8A,20240602,1,-1.899,7,20,,off_site,adjacent_to_EPJ_site,other_interface,38.68,30.92,10.2,3.032,0.0,0,11,1.96,1,-0.165,5,EPJ:A,10.52,0.333,A:TRP153; A:CYS190; A:LYS191; A:GLU192; A:TYR194; B:THR76; B:LEU108; B:ASN110; B:HIS114; B:CYS115; B:GLN116,C138; C213; E215; H137; K214; L131; N133; Q139; T99; W176; Y217,0,True,False,9d8edcc73dd158d7c9b61559b36e89e6d70d2d58720e4abd2c98856df8974843,True,receipt rc0+ok+cached=False+hash match,out/met_TGLUC_1S2S__zwitterion_carboxylate_ammonium__ortho_8V8A_s20240602.pdbqt,met_TGLUC_1S2S__zwitterion_carboxylate_ammonium__ortho_8V8A_s20240602.pdbqt
main,TGLUC_1S2S,zwitterion_carboxylate_ammonium,ortho,8V8A,20240603,1,-1.43,5,20,,off_site,adjacent_to_EPJ_site,other_interface,38.69,30.99,10.2,3.039,0.0,0,11,1.85,1,-0.164,5,EPJ:A,10.47,0.333,A:TRP153; A:CYS190; A:LYS191; A:GLU192; A:TYR194; B:THR76; B:LEU108; B:ASN110; B:HIS114; B:CYS115; B:GLN116,C138; C213; E215; H137; K214; L131; N133; Q139; T99; W176; Y217,0,True,False,4ccbd648ec63b32eb019b1dc479f8bfc6a6e2e6fac8eadd25416029ce95ac45e,True,receipt rc0+ok+cached=False+hash match,out/met_TGLUC_1S2S__zwitterion_carboxylate_ammonium__ortho_8V8A_s20240603.pdbqt,met_TGLUC_1S2S__zwitterion_carboxylate_ammonium__ortho_8V8A_s20240603.pdbqt
main,TGLUC_1S2S,zwitterion_carboxylate_ammonium,outerpore,8V82,20240601,1,-5.51,20,20,,pore_lumen,away_from_I34_site,pore_lumen,-17.13,3.07,7.69,0.399,1.0,9,9,2.79,0,0.006,0,I34:B,14.95,0.143,A:LEU247*; A:SER248*; A:THR250*; A:VAL251*; B:LEU247*; B:SER248*; B:VAL251*; E:LEU247*; E:THR250*,L270; S271; T273; V274,0,True,False,c25864bbf87e7c49afaba247bd7bebf8bf01c7795b0438c8cd5c49932744c057,True,receipt rc0+ok+cached=False+hash match,out/met_TGLUC_1S2S__zwitterion_carboxylate_ammonium__outerpore_8V82_s20240601.pdbqt,met_TGLUC_1S2S__zwitterion_carboxylate_ammonium__outerpore_8V82_s20240601.pdbqt
main,TGLUC_1S2S,zwitterion_carboxylate_ammonium,outerpore,8V82,20240602,1,-5.489,20,20,,pore_lumen,away_from_I34_site,pore_lumen,-17.03,3.06,7.69,0.398,1.0,9,9,2.79,0,0.063,0,I34:C,14.92,0.143,A:LEU247*; A:THR250*; B:LEU247*; B:SER248*; B:THR250*; B:VAL251*; C:LEU247*; C:SER248*; C:VAL251*,L270; S271; T273; V274,0,True,False,8b2f398bd9fe87ffb65ef13614ee6b9dbe83f55bc456b1e112d5ee394f55bce3,True,receipt rc0+ok+cached=False+hash match,out/met_TGLUC_1S2S__zwitterion_carboxylate_ammonium__outerpore_8V82_s20240602.pdbqt,met_TGLUC_1S2S__zwitterion_carboxylate_ammonium__outerpore_8V82_s20240602.pdbqt
main,TGLUC_1S2S,zwitterion_carboxylate_ammonium,outerpore,8V82,20240603,1,-5.485,20,20,,pore_lumen,adjacent_to_I34_site,pore_lumen,-16.95,3.07,7.69,0.399,1.0,9,9,2.72,0,0.255,0,I34:C,14.86,0.143,A:LEU247*; A:THR250*; B:LEU247*; B:SER248*; B:THR250*; B:VAL251*; C:LEU247*; C:SER248*; C:VAL251*,L270; S271; T273; V274,0,True,False,d2862ea063efbc982a278dd0fbfb18cb62edef99a21c36e621d3c1cd072ea701,True,receipt rc0+ok+cached=False+hash match,out/met_TGLUC_1S2S__zwitterion_carboxylate_ammonium__outerpore_8V82_s20240603.pdbqt,met_TGLUC_1S2S__zwitterion_carboxylate_ammonium__outerpore_8V82_s20240603.pdbqt
main,TGLUC_1S2S,zwitterion_carboxylate_ammonium,outerpore,8V8A,20240601,1,-5.733,20,20,,pore_lumen,adjacent_to_I34_site,pore_lumen,-15.08,3.48,8.09,0.429,1.0,10,10,2.86,0,0.959,0,I34:D,13.82,0.154,B:LEU247*; B:THR250*; B:LEU254*; C:LEU247*; C:SER248*; C:THR250*; C:VAL251*; C:LEU254*; D:SER248*; D:VAL251*,L270; L277; S271; T273; V274,0,True,False,7f2f37ef63bc5fa07fce43159388c67025b8e159e54b120393c5f1a1bb4d77a1,True,receipt rc0+ok+cached=False+hash match,out/met_TGLUC_1S2S__zwitterion_carboxylate_ammonium__outerpore_8V8A_s20240601.pdbqt,met_TGLUC_1S2S__zwitterion_carboxylate_ammonium__outerpore_8V8A_s20240601.pdbqt
main,TGLUC_1S2S,zwitterion_carboxylate_ammonium,outerpore,8V8A,20240602,1,-5.695,20,20,,pore_lumen,adjacent_to_I34_site,pore_lumen,-15.13,3.45,8.09,0.427,1.0,10,10,2.87,0,0.882,0,I34:B,13.9,0.154,A:LEU247*; A:SER248*; A:THR250*; A:VAL251*; A:LEU254*; B:SER248*; B:VAL251*; E:LEU247*; E:THR250*; E:LEU254*,L270; L277; S271; T273; V274,0,True,False,189ac97dce3dec37abe4da3a7e99c80476e0eb59a460916a8a8e6e273c7702ab,True,receipt rc0+ok+cached=False+hash match,out/met_TGLUC_1S2S__zwitterion_carboxylate_ammonium__outerpore_8V8A_s20240602.pdbqt,met_TGLUC_1S2S__zwitterion_carboxylate_ammonium__outerpore_8V8A_s20240602.pdbqt
main,TGLUC_1S2S,zwitterion_carboxylate_ammonium,outerpore,8V8A,20240603,1,-5.699,20,20,,pore_lumen,adjacent_to_I34_site,pore_lumen,-15.15,3.48,8.25,0.422,1.0,10,10,2.84,0,0.894,0,I34:A,13.85,0.154,A:SER248*; A:VAL251*; D:LEU247*; D:THR250*; D:LEU254*; E:LEU247*; E:SER248*; E:THR250*; E:VAL251*; E:LEU254*,L270; L277; S271; T273; V274,0,True,False,8c6276f3e624c9bdfc40d5ee9c02009377d6e2829196fb947bbe729bd5554d49,True,receipt rc0+ok+cached=False+hash match,out/met_TGLUC_1S2S__zwitterion_carboxylate_ammonium__outerpore_8V8A_s20240603.pdbqt,met_TGLUC_1S2S__zwitterion_carboxylate_ammonium__outerpore_8V8A_s20240603.pdbqt
main,THB_1R2R,amine_cation,lateral_I34,8V82,20240601,1,-6.264,20,20,,lateral_interface,in_I34_site,I34_pocket,-15.19,16.59,8.46,1.963,0.222,2,9,3.38,0,2.006,0,I34:A,4.11,0.429,A:ASN213; A:PRO217; A:LEU220; A:ILE221; E:LEU246*; E:MET253*; E:ALA275; E:MET278; E:ILE279,A298; I244; I302; L243; L269; M276; M301; N236; P240,0,True,False,2f8bc45553924aa345dc168693f3a39e8a66f03b6d9c15a10e33cc0b81636bdd,True,receipt rc0+ok+cached=False+hash match,out/met_THB_1R2R__amine_cation__lateral_I34_8V82_s20240601.pdbqt,met_THB_1R2R__amine_cation__lateral_I34_8V82_s20240601.pdbqt
main,THB_1R2R,amine_cation,lateral_I34,8V82,20240602,1,-6.259,20,20,,lateral_interface,in_I34_site,I34_pocket,-15.2,16.59,8.46,1.962,0.222,2,9,3.37,0,2.0,0,I34:A,4.12,0.429,A:ASN213; A:PRO217; A:LEU220; A:ILE221; E:LEU246*; E:MET253*; E:ALA275; E:MET278; E:ILE279,A298; I244; I302; L243; L269; M276; M301; N236; P240,0,True,False,549d687e8e35276c96c49db691227e9fb783c18751568c9dffca4cffaa2e853f,True,receipt rc0+ok+cached=False+hash match,out/met_THB_1R2R__amine_cation__lateral_I34_8V82_s20240602.pdbqt,met_THB_1R2R__amine_cation__lateral_I34_8V82_s20240602.pdbqt
main,THB_1R2R,amine_cation,lateral_I34,8V82,20240603,1,-6.242,20,20,,lateral_interface,in_I34_site,I34_pocket,-15.15,16.59,8.46,1.962,0.222,2,9,3.38,0,2.013,0,I34:A,4.08,0.429,A:ASN213; A:PRO217; A:LEU220; A:ILE221; E:LEU246*; E:MET253*; E:ALA275; E:MET278; E:ILE279,A298; I244; I302; L243; L269; M276; M301; N236; P240,0,True,False,0904f43a9b80e5e3913e26cdafe42de22037493cee4f87868ce6bc0a9750bf6a,True,receipt rc0+ok+cached=False+hash match,out/met_THB_1R2R__amine_cation__lateral_I34_8V82_s20240603.pdbqt,met_THB_1R2R__amine_cation__lateral_I34_8V82_s20240603.pdbqt
main,THB_1R2R,amine_cation,lateral_I34,8V8A,20240601,1,-6.109,20,20,,lateral_interface,in_I34_site,I34_pocket,-17.43,18.29,7.77,2.354,0.0,0,9,2.86,0,-0.03,1,I34:A,6.55,0.385,A:LEU212; A:ILE216; A:PRO217; A:LEU220; A:ILE221; A:LEU224; E:ALA275; E:MET278; E:ILE279,A298; I239; I244; I302; L235; L243; L247; M301; P240,0,True,False,81f3dd41216957abf542a24485c31df7a395fdfa43251cb424b49181d6f9cc36,True,receipt rc0+ok+cached=False+hash match,out/met_THB_1R2R__amine_cation__lateral_I34_8V8A_s20240601.pdbqt,met_THB_1R2R__amine_cation__lateral_I34_8V8A_s20240601.pdbqt
main,THB_1R2R,amine_cation,lateral_I34,8V8A,20240602,1,-6.089,20,20,,lateral_interface,in_I34_site,I34_pocket,-17.23,18.33,7.77,2.358,0.0,0,8,2.81,0,-0.029,1,I34:A,6.37,0.385,A:LEU212; A:ILE216; A:PRO217; A:LEU220; A:ILE221; E:ALA275; E:MET278; E:ILE279,A298; I239; I244; I302; L235; L243; M301; P240,0,True,False,fcb9c57b95772b8319b787f57657f3fb348c13771f307861a0e02b4f6d149ac4,True,receipt rc0+ok+cached=False+hash match,out/met_THB_1R2R__amine_cation__lateral_I34_8V8A_s20240602.pdbqt,met_THB_1R2R__amine_cation__lateral_I34_8V8A_s20240602.pdbqt
main,THB_1R2R,amine_cation,lateral_I34,8V8A,20240603,1,-6.032,19,20,,lateral_interface,in_I34_site,I34_pocket,-17.24,18.37,7.77,2.364,0.0,0,8,2.82,0,-0.03,1,I34:A,6.39,0.385,A:LEU212; A:ILE216; A:PRO217; A:LEU220; A:ILE221; E:ALA275; E:MET278; E:ILE279,A298; I239; I244; I302; L235; L243; M301; P240,0,True,False,dd9cd90855c2831b56bfac0a80e7e0e1d5be6884122c8063cd7756afffc90aaf,True,receipt rc0+ok+cached=False+hash match,out/met_THB_1R2R__amine_cation__lateral_I34_8V8A_s20240603.pdbqt,met_THB_1R2R__amine_cation__lateral_I34_8V8A_s20240603.pdbqt
main,THB_1R2R,amine_cation,midpore,8V82,20240601,1,-6.151,20,20,search_space_gt_27000,lateral_interface,in_I34_site,I34_pocket,-15.3,16.67,8.46,1.972,0.222,2,9,3.36,0,0.368,0,I34:C,4.22,0.429,B:LEU246*; B:MET253*; B:ALA275; B:MET278; B:ILE279; C:ASN213; C:PRO217; C:LEU220; C:ILE221,A298; I244; I302; L243; L269; M276; M301; N236; P240,0,True,False,12a235419b476a7561f9d94e1ef9ff8db6f860713ed25f5838965a4b3c41647a,True,receipt rc0+ok+cached=False+hash match,out/met_THB_1R2R__amine_cation__midpore_8V82_s20240601.pdbqt,met_THB_1R2R__amine_cation__midpore_8V82_s20240601.pdbqt
main,THB_1R2R,amine_cation,midpore,8V82,20240602,1,-6.122,20,20,search_space_gt_27000,lateral_interface,in_I34_site,I34_pocket,-15.3,16.61,8.46,1.965,0.125,1,8,3.37,0,0.48,0,I34:C,4.23,0.429,B:MET253*; B:ALA275; B:MET278; B:ILE279; C:ASN213; C:PRO217; C:LEU220; C:ILE221,A298; I244; I302; L243; M276; M301; N236; P240,0,True,False,632c0d8cf1a4de58a187344e51ddfb8bd1b593302951f5f2c9d74226a4c6a60c,True,receipt rc0+ok+cached=False+hash match,out/met_THB_1R2R__amine_cation__midpore_8V82_s20240602.pdbqt,met_THB_1R2R__amine_cation__midpore_8V82_s20240602.pdbqt
main,THB_1R2R,amine_cation,midpore,8V82,20240603,1,-6.166,20,20,search_space_gt_27000,lateral_interface,in_I34_site,I34_pocket,-15.24,16.6,8.46,1.963,0.222,2,9,3.4,0,0.504,0,I34:C,4.17,0.429,B:LEU246*; B:MET253*; B:ALA275; B:MET278; B:ILE279; C:ASN213; C:PRO217; C:LEU220; C:ILE221,A298; I244; I302; L243; L269; M276; M301; N236; P240,0,True,False,00a99f70c483e520e41260b9c28b72113e09a5479ba5a94b54b128e4286250e4,True,receipt rc0+ok+cached=False+hash match,out/met_THB_1R2R__amine_cation__midpore_8V82_s20240603.pdbqt,met_THB_1R2R__amine_cation__midpore_8V82_s20240603.pdbqt
main,THB_1R2R,amine_cation,midpore,8V8A,20240601,1,-5.565,20,20,search_space_gt_27000,lateral_interface,in_I34_site,I34_pocket,-18.62,17.96,7.69,2.335,0.091,1,11,2.91,0,-0.036,2,I34:D,7.65,0.385,C:LEU246*; C:ALA275; C:MET278; C:ILE279; C:GLY282; D:LEU212; D:ILE216; D:PRO217; D:LEU220; D:ILE221; D:LEU224,A298; G305; I239; I244; I302; L235; L243; L247; L269; M301; P240,0,True,False,1217baa65646e393fae54a966496959d89473126c87e3f126877e5558e233bfd,True,receipt rc0+ok+cached=False+hash match,out/met_THB_1R2R__amine_cation__midpore_8V8A_s20240601.pdbqt,met_THB_1R2R__amine_cation__midpore_8V8A_s20240601.pdbqt
main,THB_1R2R,amine_cation,midpore,8V8A,20240602,1,-5.653,20,20,search_space_gt_27000,lateral_interface,in_I34_site,I34_pocket,-18.36,17.94,7.77,2.308,0.1,1,10,2.9,0,-0.06,2,I34:D,7.39,0.385,C:LEU246*; C:ALA275; C:MET278; C:ILE279; C:GLY282; D:LEU212; D:ILE216; D:PRO217; D:LEU220; D:ILE221,A298; G305; I239; I244; I302; L235; L243; L269; M301; P240,0,True,False,24423e700e8b89c0f755979ae6ffe161bc694fedb4576f4789ff186188fb8e4b,True,receipt rc0+ok+cached=False+hash match,out/met_THB_1R2R__amine_cation__midpore_8V8A_s20240602.pdbqt,met_THB_1R2R__amine_cation__midpore_8V8A_s20240602.pdbqt
main,THB_1R2R,amine_cation,midpore,8V8A,20240603,1,-5.288,20,20,search_space_gt_27000,pore_lumen,away_from_I34_site,pore_lumen,-31.23,0.84,4.78,0.176,0.857,12,14,3.34,0,1.436,0,I34:E,25.35,0.0,A:GLY236; A:GLU237*; A:SER240*; B:GLU237*; B:SER240*; C:SER240*; D:GLU237*; D:SER240*; D:ILE243*; D:THR244*; E:GLY236; E:GLU237*; E:SER240*; E:THR244*,E260; G259; I266; S263; T267,0,True,False,9c31bc1a31d93aff9d9ecf811f88a2997bca21bd7bc93cf78336235c97d4694b,True,receipt rc0+ok+cached=False+hash match,out/met_THB_1R2R__amine_cation__midpore_8V8A_s20240603.pdbqt,met_THB_1R2R__amine_cation__midpore_8V8A_s20240603.pdbqt
main,THB_1R2R,amine_cation,ortho,8V82,20240601,1,-7.405,15,20,,off_site,in_EPJ_site,EPJ_pocket,31.3,24.5,11.87,2.064,0.0,0,13,2.79,0,4.981,0,EPJ:A,0.5,1.0,A:TYR92; A:TRP148; A:SER149; A:TYR187; A:CYS189; A:CYS190; A:TYR194; B:TRP54; B:THR105; B:ASN106; B:LEU108; B:GLN116; B:LEU118,C212; C213; L131; L141; N129; Q139; S172; T128; W171; W77; Y115; Y210; Y217,0,True,False,7ad26e1180b463965c8cb0656a9221b331f68a9a00b989d318b96890da1cf1c7,True,receipt rc0+ok+cached=False+hash match,out/met_THB_1R2R__amine_cation__ortho_8V82_s20240601.pdbqt,met_THB_1R2R__amine_cation__ortho_8V82_s20240601.pdbqt
main,THB_1R2R,amine_cation,ortho,8V82,20240602,1,-7.409,17,20,,off_site,in_EPJ_site,EPJ_pocket,31.33,24.48,11.87,2.062,0.0,0,13,2.8,0,4.915,0,EPJ:A,0.53,1.0,A:TYR92; A:TRP148; A:SER149; A:TYR187; A:CYS189; A:CYS190; A:TYR194; B:TRP54; B:THR105; B:ASN106; B:LEU108; B:GLN116; B:LEU118,C212; C213; L131; L141; N129; Q139; S172; T128; W171; W77; Y115; Y210; Y217,0,True,False,23b01ad19f485834d2a158f25c9e71e63f4c2bbbe3e60fcfa94d4301a62c19d4,True,receipt rc0+ok+cached=False+hash match,out/met_THB_1R2R__amine_cation__ortho_8V82_s20240602.pdbqt,met_THB_1R2R__amine_cation__ortho_8V82_s20240602.pdbqt
main,THB_1R2R,amine_cation,ortho,8V82,20240603,1,-7.396,14,20,,off_site,in_EPJ_site,EPJ_pocket,31.29,24.51,11.87,2.064,0.0,0,13,2.82,0,4.963,0,EPJ:A,0.5,1.0,A:TYR92; A:TRP148; A:SER149; A:TYR187; A:CYS189; A:CYS190; A:TYR194; B:TRP54; B:THR105; B:ASN106; B:LEU108; B:GLN116; B:LEU118,C212; C213; L131; L141; N129; Q139; S172; T128; W171; W77; Y115; Y210; Y217,0,True,False,0c81122d22f9f7a02620fed1324094b1b86eb8feb306b99fe16479c6c514c5b6,True,receipt rc0+ok+cached=False+hash match,out/met_THB_1R2R__amine_cation__ortho_8V82_s20240603.pdbqt,met_THB_1R2R__amine_cation__ortho_8V82_s20240603.pdbqt
main,THB_1R2R,amine_cation,ortho,8V8A,20240601,1,-6.772,19,20,,off_site,in_EPJ_site,EPJ_pocket,31.72,24.15,11.67,2.069,0.0,0,13,2.47,0,4.584,0,EPJ:A,0.66,0.917,A:TYR92; A:TRP148; A:SER149; A:TYR187; A:CYS189; A:CYS190; A:TYR194; B:TRP54; B:THR105; B:ASN106; B:LEU108; B:GLN116; B:LEU118,C212; C213; L131; L141; N129; Q139; S172; T128; W171; W77; Y115; Y210; Y217,0,True,False,3a48a2bf78a591c7a1fab88609ca6aab61320ab775933a41887c2097d635fa31,True,receipt rc0+ok+cached=False+hash match,out/met_THB_1R2R__amine_cation__ortho_8V8A_s20240601.pdbqt,met_THB_1R2R__amine_cation__ortho_8V8A_s20240601.pdbqt
main,THB_1R2R,amine_cation,ortho,8V8A,20240602,1,-6.803,20,20,,off_site,in_EPJ_site,EPJ_pocket,31.7,24.13,11.67,2.068,0.0,0,13,2.51,0,4.554,0,EPJ:A,0.65,0.917,A:TYR92; A:TRP148; A:SER149; A:TYR187; A:CYS189; A:CYS190; A:TYR194; B:TRP54; B:THR105; B:ASN106; B:LEU108; B:GLN116; B:LEU118,C212; C213; L131; L141; N129; Q139; S172; T128; W171; W77; Y115; Y210; Y217,0,True,False,f7c56046d90ececddadd070a0e7b396d092fbba6334b7edf9e316afa42f050c1,True,receipt rc0+ok+cached=False+hash match,out/met_THB_1R2R__amine_cation__ortho_8V8A_s20240602.pdbqt,met_THB_1R2R__amine_cation__ortho_8V8A_s20240602.pdbqt
main,THB_1R2R,amine_cation,ortho,8V8A,20240603,1,-6.811,18,20,,off_site,in_EPJ_site,EPJ_pocket,31.71,24.15,11.67,2.07,0.0,0,13,2.54,0,4.57,0,EPJ:A,0.62,0.917,A:TYR92; A:TRP148; A:SER149; A:TYR187; A:CYS189; A:CYS190; A:TYR194; B:TRP54; B:THR105; B:ASN106; B:LEU108; B:GLN116; B:LEU118,C212; C213; L131; L141; N129; Q139; S172; T128; W171; W77; Y115; Y210; Y217,0,True,False,bf2746acc32c2dbf1aa0a782fe2c472f4e78f5c557f11c9ac3df1830edf627d7,True,receipt rc0+ok+cached=False+hash match,out/met_THB_1R2R__amine_cation__ortho_8V8A_s20240603.pdbqt,met_THB_1R2R__amine_cation__ortho_8V8A_s20240603.pdbqt
main,THB_1R2R,amine_cation,outerpore,8V82,20240601,1,-6.158,20,20,,lateral_interface,in_I34_site,I34_pocket,-15.16,16.6,8.46,1.964,0.222,2,9,3.37,0,0.207,0,I34:C,4.08,0.429,B:LEU246*; B:MET253*; B:ALA275; B:MET278; B:ILE279; C:ASN213; C:PRO217; C:LEU220; C:ILE221,A298; I244; I302; L243; L269; M276; M301; N236; P240,0,True,False,acbd8add965b7ae0192eef66bf0d5f8c15aba61a698db51f0ae403fa23d471a9,True,receipt rc0+ok+cached=False+hash match,out/met_THB_1R2R__amine_cation__outerpore_8V82_s20240601.pdbqt,met_THB_1R2R__amine_cation__outerpore_8V82_s20240601.pdbqt
main,THB_1R2R,amine_cation,outerpore,8V82,20240602,1,-6.142,20,20,,lateral_interface,in_I34_site,I34_pocket,-15.19,16.64,8.46,1.968,0.125,1,8,3.38,0,0.08,0,I34:C,4.12,0.429,B:MET253*; B:ALA275; B:MET278; B:ILE279; C:ASN213; C:PRO217; C:LEU220; C:ILE221,A298; I244; I302; L243; M276; M301; N236; P240,0,True,False,ede7d962576ae86fc7fed6ed50848fbb1b438656f01a64d6bde113dcdabf0118,True,receipt rc0+ok+cached=False+hash match,out/met_THB_1R2R__amine_cation__outerpore_8V82_s20240602.pdbqt,met_THB_1R2R__amine_cation__outerpore_8V82_s20240602.pdbqt
main,THB_1R2R,amine_cation,outerpore,8V82,20240603,1,-6.12,20,20,,lateral_interface,in_I34_site,I34_pocket,-15.21,16.64,8.46,1.968,0.125,1,8,3.34,0,0.03,0,I34:C,4.14,0.429,B:MET253*; B:ALA275; B:MET278; B:ILE279; C:ASN213; C:PRO217; C:LEU220; C:ILE221,A298; I244; I302; L243; M276; M301; N236; P240,0,True,False,2063d432f071f791de517648d77d8500003b768491ca5fdd74d36f09368d007f,True,receipt rc0+ok+cached=False+hash match,out/met_THB_1R2R__amine_cation__outerpore_8V82_s20240603.pdbqt,met_THB_1R2R__amine_cation__outerpore_8V82_s20240603.pdbqt
main,THB_1R2R,amine_cation,outerpore,8V8A,20240601,1,-5.72,20,20,,lateral_interface,adjacent_to_I34_site,other_interface,-2.92,10.81,7.14,1.513,0.3,3,10,3.08,0,0.324,0,I34:D,10.66,0.154,C:LYS45; C:ALA257*; C:ALA262; D:TYR209; D:TYR210; D:ASN213; D:LEU214; D:LEU255*; D:GLU258*; D:ILE259,A280; A285; E281; I282; K68; L237; L278; N236; Y232; Y233,0,True,False,8db457046557be24184ac7c5f6dfa0f133f9f04083f62063a98c75249af7a661,True,receipt rc0+ok+cached=False+hash match,out/met_THB_1R2R__amine_cation__outerpore_8V8A_s20240601.pdbqt,met_THB_1R2R__amine_cation__outerpore_8V8A_s20240601.pdbqt
main,THB_1R2R,amine_cation,outerpore,8V8A,20240602,1,-5.726,20,20,,lateral_interface,adjacent_to_I34_site,other_interface,-2.89,10.81,7.14,1.512,0.3,3,10,3.02,0,0.255,0,I34:B,10.69,0.154,A:LYS45; A:ALA257*; A:ALA262; B:TYR209; B:TYR210; B:ASN213; B:LEU214; B:LEU255*; B:GLU258*; B:ILE259,A280; A285; E281; I282; K68; L237; L278; N236; Y232; Y233,0,True,False,8571b83cb9a91500c32a342e3b74b65635f5a4eade6fd6339f70ec3451e01d30,True,receipt rc0+ok+cached=False+hash match,out/met_THB_1R2R__amine_cation__outerpore_8V8A_s20240602.pdbqt,met_THB_1R2R__amine_cation__outerpore_8V8A_s20240602.pdbqt
main,THB_1R2R,amine_cation,outerpore,8V8A,20240603,1,-5.739,20,20,,lateral_interface,adjacent_to_I34_site,other_interface,-2.9,10.79,7.14,1.511,0.3,3,10,3.04,0,0.259,0,I34:B,10.69,0.154,A:LYS45; A:ALA257*; A:ALA262; B:TYR209; B:TYR210; B:ASN213; B:LEU214; B:LEU255*; B:GLU258*; B:ILE259,A280; A285; E281; I282; K68; L237; L278; N236; Y232; Y233,0,True,False,a5865dc15ad1abb6aebf182a2941577c40eee1a4d3a59a2835fc8aeab8b05072,True,receipt rc0+ok+cached=False+hash match,out/met_THB_1R2R__amine_cation__outerpore_8V8A_s20240603.pdbqt,met_THB_1R2R__amine_cation__outerpore_8V8A_s20240603.pdbqt
main,THB_1S2S,amine_cation,lateral_I34,8V82,20240601,1,-6.082,20,20,,lateral_interface,in_I34_site,I34_pocket,-15.06,18.42,8.46,2.179,0.111,1,9,3.34,0,2.108,0,I34:A,4.45,0.429,A:LEU212; A:ILE216; A:PRO217; A:LEU220; A:ILE221; E:MET253*; E:ALA275; E:MET278; E:ILE279,A298; I239; I244; I302; L235; L243; M276; M301; P240,0,True,False,9412b64aec32bd2d20e9d1dfce75ef5adb96b8230490825cb9b8db7700c9361c,True,receipt rc0+ok+cached=False+hash match,out/met_THB_1S2S__amine_cation__lateral_I34_8V82_s20240601.pdbqt,met_THB_1S2S__amine_cation__lateral_I34_8V82_s20240601.pdbqt
main,THB_1S2S,amine_cation,lateral_I34,8V82,20240602,1,-6.114,19,20,,lateral_interface,in_I34_site,I34_pocket,-15.1,18.42,8.46,2.178,0.111,1,9,3.34,0,2.094,0,I34:A,4.48,0.429,A:LEU212; A:ILE216; A:PRO217; A:LEU220; A:ILE221; E:MET253*; E:ALA275; E:MET278; E:ILE279,A298; I239; I244; I302; L235; L243; M276; M301; P240,0,True,False,c909e493a0bed6b77cb374354bf052421e58308ef8fef5434ebe71c932083080,True,receipt rc0+ok+cached=False+hash match,out/met_THB_1S2S__amine_cation__lateral_I34_8V82_s20240602.pdbqt,met_THB_1S2S__amine_cation__lateral_I34_8V82_s20240602.pdbqt
main,THB_1S2S,amine_cation,lateral_I34,8V82,20240603,1,-6.099,20,20,,lateral_interface,in_I34_site,I34_pocket,-15.1,18.42,8.46,2.179,0.111,1,9,3.34,0,2.087,0,I34:A,4.49,0.429,A:LEU212; A:ILE216; A:PRO217; A:LEU220; A:ILE221; E:MET253*; E:ALA275; E:MET278; E:ILE279,A298; I239; I244; I302; L235; L243; M276; M301; P240,0,True,False,b34a39b39a81999e6f35608c840c90fb10e794e7daf13da354fd739822cb9dbb,True,receipt rc0+ok+cached=False+hash match,out/met_THB_1S2S__amine_cation__lateral_I34_8V82_s20240603.pdbqt,met_THB_1S2S__amine_cation__lateral_I34_8V82_s20240603.pdbqt
main,THB_1S2S,amine_cation,lateral_I34,8V8A,20240601,1,-6.004,20,20,,lateral_interface,in_I34_site,I34_pocket,-13.34,20.82,7.68,2.712,0.1,1,10,2.7,0,4.83,0,I34:A,5.04,0.462,A:LEU212; A:ILE216; A:PRO217; A:LEU220; E:MET253*; E:VAL267; E:ALA271; E:GLN272; E:ALA275; E:ILE279,A294; A298; I239; I302; L235; L243; M276; P240; Q295; V290,0,True,False,f8074721a8fc5a3b478d80aeb2145135b0047bae523a67699d03ab3d53c79225,True,receipt rc0+ok+cached=False+hash match,out/met_THB_1S2S__amine_cation__lateral_I34_8V8A_s20240601.pdbqt,met_THB_1S2S__amine_cation__lateral_I34_8V8A_s20240601.pdbqt
main,THB_1S2S,amine_cation,lateral_I34,8V8A,20240602,1,-6.003,20,20,,lateral_interface,in_I34_site,I34_pocket,-13.33,20.84,7.68,2.714,0.1,1,10,2.7,0,4.859,0,I34:A,5.05,0.462,A:LEU212; A:ILE216; A:PRO217; A:LEU220; E:MET253*; E:VAL267; E:ALA271; E:GLN272; E:ALA275; E:ILE279,A294; A298; I239; I302; L235; L243; M276; P240; Q295; V290,0,True,False,0363e8b9f1a31908187dff22b58f60cb3c1baa4689493f5d3d3a40c9a0e21c0d,True,receipt rc0+ok+cached=False+hash match,out/met_THB_1S2S__amine_cation__lateral_I34_8V8A_s20240602.pdbqt,met_THB_1S2S__amine_cation__lateral_I34_8V8A_s20240602.pdbqt
main,THB_1S2S,amine_cation,lateral_I34,8V8A,20240603,1,-5.989,20,20,,lateral_interface,in_I34_site,I34_pocket,-13.34,20.79,7.68,2.708,0.1,1,10,2.7,0,4.807,0,I34:A,5.01,0.462,A:LEU212; A:ILE216; A:PRO217; A:LEU220; E:MET253*; E:VAL267; E:ALA271; E:GLN272; E:ALA275; E:ILE279,A294; A298; I239; I302; L235; L243; M276; P240; Q295; V290,0,True,False,44dc4723f4298fec886333431896acda68a29515ac886adcf2e90bffb92db78e,True,receipt rc0+ok+cached=False+hash match,out/met_THB_1S2S__amine_cation__lateral_I34_8V8A_s20240603.pdbqt,met_THB_1S2S__amine_cation__lateral_I34_8V8A_s20240603.pdbqt
main,THB_1S2S,amine_cation,midpore,8V82,20240601,1,-6.06,20,20,search_space_gt_27000,lateral_interface,in_I34_site,I34_pocket,-16.96,16.47,7.69,2.143,0.333,4,12,2.95,0,0.156,0,I34:C,5.89,0.5,B:LEU246*; B:THR250*; B:MET253*; B:ALA275; B:MET278; B:ILE279; B:GLY282; C:PRO217; C:LEU220; C:ILE221; C:LEU224; C:PHE252*,A298; F275; G305; I244; I302; L243; L247; L269; M276; M301; P240; T273,0,True,False,0e896001b1edcaa98f4b4b1b3e63c005b36d4040855dfe2deb6be68558eaf857,True,receipt rc0+ok+cached=False+hash match,out/met_THB_1S2S__amine_cation__midpore_8V82_s20240601.pdbqt,met_THB_1S2S__amine_cation__midpore_8V82_s20240601.pdbqt
main,THB_1S2S,amine_cation,midpore,8V82,20240602,1,-6.441,20,20,search_space_gt_27000,lateral_interface,in_I34_site,I34_pocket,-13.73,15.38,7.41,2.074,0.4,4,10,3.27,0,0.75,0,I34:C,2.93,0.571,B:MET253*; B:LEU254*; B:MET278; B:ILE279; C:ASN213; C:PRO217; C:LEU220; C:ILE221; C:VAL251*; C:PHE252*,F275; I244; I302; L243; L277; M276; M301; N236; P240; V274,0,True,False,2f17cfb34b6fff2348ad926508d1ba580404f73e1edaaf0ee15da9b47e3782b2,True,receipt rc0+ok+cached=False+hash match,out/met_THB_1S2S__amine_cation__midpore_8V82_s20240602.pdbqt,met_THB_1S2S__amine_cation__midpore_8V82_s20240602.pdbqt
main,THB_1S2S,amine_cation,midpore,8V82,20240603,1,-6.174,20,20,search_space_gt_27000,lateral_interface,in_I34_site,I34_pocket,-17.13,16.72,7.69,2.175,0.333,4,12,2.99,0,0.147,0,I34:C,6.07,0.5,B:LEU246*; B:THR250*; B:MET253*; B:ALA275; B:MET278; B:ILE279; B:GLY282; C:PRO217; C:LEU220; C:ILE221; C:LEU224; C:PHE252*,A298; F275; G305; I244; I302; L243; L247; L269; M276; M301; P240; T273,0,True,False,ae883b52b61c59b385963d458c11c6096f8d9916c5180ac9d56a0cbe2d46231c,True,receipt rc0+ok+cached=False+hash match,out/met_THB_1S2S__amine_cation__midpore_8V82_s20240603.pdbqt,met_THB_1S2S__amine_cation__midpore_8V82_s20240603.pdbqt
main,THB_1S2S,amine_cation,midpore,8V8A,20240601,1,-6.186,20,20,search_space_gt_27000,lateral_interface,adjacent_to_I34_site,other_interface,-19.99,17.86,7.69,2.322,0.1,1,10,3.18,0,0.052,0,I34:D,8.96,0.231,C:LEU246*; C:MET278; C:ILE279; C:GLY282; C:LEU283; C:VAL286; D:PRO217; D:LEU220; D:ILE221; D:LEU224,G305; I244; I302; L243; L247; L269; L306; M301; P240; V309,0,True,False,25a72d2db6c94b724fff1b8e9d51e697c78122163b82cf172a16f4dcef910a96,True,receipt rc0+ok+cached=False+hash match,out/met_THB_1S2S__amine_cation__midpore_8V8A_s20240601.pdbqt,met_THB_1S2S__amine_cation__midpore_8V8A_s20240601.pdbqt
main,THB_1S2S,amine_cation,midpore,8V8A,20240602,1,-5.523,20,20,search_space_gt_27000,pore_lumen,adjacent_to_I34_site,pore_lumen,-15.09,4.24,8.09,0.524,1.0,9,9,2.75,0,6.631,0,I34:B,13.11,0.154,A:LEU247*; A:SER248*; A:THR250*; A:VAL251*; A:LEU254*; B:SER248*; B:VAL251*; E:THR250*; E:LEU254*,L270; L277; S271; T273; V274,0,True,False,8f36ba6b37cf1ee1c312bc57e38a20fdf26a23ff09f9b6c60267c0397d8b6109,True,receipt rc0+ok+cached=False+hash match,out/met_THB_1S2S__amine_cation__midpore_8V8A_s20240602.pdbqt,met_THB_1S2S__amine_cation__midpore_8V8A_s20240602.pdbqt
main,THB_1S2S,amine_cation,midpore,8V8A,20240603,1,-6.22,20,20,search_space_gt_27000,lateral_interface,adjacent_to_I34_site,other_interface,-20.03,17.82,7.69,2.317,0.1,1,10,3.16,0,0.129,0,I34:D,8.99,0.231,C:LEU246*; C:MET278; C:ILE279; C:GLY282; C:LEU283; C:VAL286; D:PRO217; D:LEU220; D:ILE221; D:LEU224,G305; I244; I302; L243; L247; L269; L306; M301; P240; V309,0,True,False,2ac4f291134a26a47134353098e07e22910e79a7dfab12a4b486d137a31b02fe,True,receipt rc0+ok+cached=False+hash match,out/met_THB_1S2S__amine_cation__midpore_8V8A_s20240603.pdbqt,met_THB_1S2S__amine_cation__midpore_8V8A_s20240603.pdbqt
main,THB_1S2S,amine_cation,ortho,8V82,20240601,1,-6.416,20,20,,off_site,in_EPJ_site,EPJ_pocket,31.02,24.66,11.72,2.103,0.0,0,12,2.59,0,4.739,0,EPJ:A,0.67,1.0,A:TYR92; A:TRP148; A:SER149; A:TYR187; A:CYS189; A:CYS190; A:TYR194; B:TRP54; B:ASN106; B:LEU108; B:GLN116; B:LEU118,C212; C213; L131; L141; N129; Q139; S172; W171; W77; Y115; Y210; Y217,0,True,False,0f3bf3427bfb92ce957339e209a855ac5fd32eba89eae309c0734658de204218,True,receipt rc0+ok+cached=False+hash match,out/met_THB_1S2S__amine_cation__ortho_8V82_s20240601.pdbqt,met_THB_1S2S__amine_cation__ortho_8V82_s20240601.pdbqt
main,THB_1S2S,amine_cation,ortho,8V82,20240602,1,-6.431,19,20,,off_site,in_EPJ_site,EPJ_pocket,31.0,24.66,11.72,2.104,0.0,0,12,2.59,0,4.727,0,EPJ:A,0.67,1.0,A:TYR92; A:TRP148; A:SER149; A:TYR187; A:CYS189; A:CYS190; A:TYR194; B:TRP54; B:ASN106; B:LEU108; B:GLN116; B:LEU118,C212; C213; L131; L141; N129; Q139; S172; W171; W77; Y115; Y210; Y217,0,True,False,4d5fff7e4321d7e82f591e2b1503cc28c293f25950e94c298d24e47b4bf35024,True,receipt rc0+ok+cached=False+hash match,out/met_THB_1S2S__amine_cation__ortho_8V82_s20240602.pdbqt,met_THB_1S2S__amine_cation__ortho_8V82_s20240602.pdbqt
main,THB_1S2S,amine_cation,ortho,8V82,20240603,1,-6.408,15,20,,off_site,in_EPJ_site,EPJ_pocket,31.01,24.65,11.72,2.103,0.0,0,12,2.6,0,4.725,0,EPJ:A,0.67,1.0,A:TYR92; A:TRP148; A:SER149; A:TYR187; A:CYS189; A:CYS190; A:TYR194; B:TRP54; B:ASN106; B:LEU108; B:GLN116; B:LEU118,C212; C213; L131; L141; N129; Q139; S172; W171; W77; Y115; Y210; Y217,0,True,False,327825da696a164053c4b7c34863785a48ca5801d93baf925c436b026e4604d2,True,receipt rc0+ok+cached=False+hash match,out/met_THB_1S2S__amine_cation__ortho_8V82_s20240603.pdbqt,met_THB_1S2S__amine_cation__ortho_8V82_s20240603.pdbqt
main,THB_1S2S,amine_cation,ortho,8V8A,20240601,1,-5.776,20,20,,off_site,in_EPJ_site,EPJ_pocket,31.42,24.3,11.67,2.083,0.0,0,12,2.59,0,5.427,0,EPJ:A,0.8,0.917,A:TYR92; A:TRP148; A:SER149; A:TYR187; A:CYS189; A:CYS190; A:TYR194; B:TRP54; B:ASN106; B:LEU108; B:GLN116; B:LEU118,C212; C213; L131; L141; N129; Q139; S172; W171; W77; Y115; Y210; Y217,0,True,False,5c70c50a2a36454f4d299703016be090c3f87d4ba93336c15e86af24f163a0c0,True,receipt rc0+ok+cached=False+hash match,out/met_THB_1S2S__amine_cation__ortho_8V8A_s20240601.pdbqt,met_THB_1S2S__amine_cation__ortho_8V8A_s20240601.pdbqt
main,THB_1S2S,amine_cation,ortho,8V8A,20240602,1,-5.775,19,20,,off_site,in_EPJ_site,EPJ_pocket,31.42,24.3,11.67,2.082,0.0,0,12,2.59,0,5.447,0,EPJ:A,0.8,0.917,A:TYR92; A:TRP148; A:SER149; A:TYR187; A:CYS189; A:CYS190; A:TYR194; B:TRP54; B:ASN106; B:LEU108; B:GLN116; B:LEU118,C212; C213; L131; L141; N129; Q139; S172; W171; W77; Y115; Y210; Y217,0,True,False,cb75425d0555436e975a7508da0e0c9608b19f81095063bbe505cc40cda52205,True,receipt rc0+ok+cached=False+hash match,out/met_THB_1S2S__amine_cation__ortho_8V8A_s20240602.pdbqt,met_THB_1S2S__amine_cation__ortho_8V8A_s20240602.pdbqt
main,THB_1S2S,amine_cation,ortho,8V8A,20240603,1,-5.763,20,20,,off_site,in_EPJ_site,EPJ_pocket,31.41,24.29,11.67,2.082,0.0,0,12,2.59,0,5.471,0,EPJ:A,0.79,0.917,A:TYR92; A:TRP148; A:SER149; A:TYR187; A:CYS189; A:CYS190; A:TYR194; B:TRP54; B:ASN106; B:LEU108; B:GLN116; B:LEU118,C212; C213; L131; L141; N129; Q139; S172; W171; W77; Y115; Y210; Y217,0,True,False,83384240823aba4ca11e8e36de20165fa6fd17c7abfc0c93a748346b815ed9df,True,receipt rc0+ok+cached=False+hash match,out/met_THB_1S2S__amine_cation__ortho_8V8A_s20240603.pdbqt,met_THB_1S2S__amine_cation__ortho_8V8A_s20240603.pdbqt
main,THB_1S2S,amine_cation,outerpore,8V82,20240601,1,-5.825,20,20,,lateral_interface,adjacent_to_I34_site,other_interface,-3.45,11.83,6.23,1.9,0.444,4,9,2.95,0,0.098,0,I34:E,9.65,0.143,D:LYS45; D:LEU254*; D:ALA257*; E:TYR209; E:TYR210; E:LEU214; E:LEU255*; E:GLU258*; E:ILE259,A280; E281; I282; K68; L237; L277; L278; Y232; Y233,0,True,False,0bea3244cc95c53798593158ecb9f08186481bd5edb333f38642ad95af845624,True,receipt rc0+ok+cached=False+hash match,out/met_THB_1S2S__amine_cation__outerpore_8V82_s20240601.pdbqt,met_THB_1S2S__amine_cation__outerpore_8V82_s20240601.pdbqt
main,THB_1S2S,amine_cation,outerpore,8V82,20240602,1,-5.802,20,20,,lateral_interface,adjacent_to_I34_site,other_interface,-3.42,11.82,6.23,1.897,0.375,3,8,2.92,0,0.046,0,I34:C,9.68,0.071,B:LYS45; B:ALA257*; C:TYR209; C:TYR210; C:LEU214; C:LEU255*; C:GLU258*; C:ILE259,A280; E281; I282; K68; L237; L278; Y232; Y233,0,True,False,8a394e5c10f62c09a482c2b5b219a4af9f6b7f52a7d3191b2133d9abe52d4606,True,receipt rc0+ok+cached=False+hash match,out/met_THB_1S2S__amine_cation__outerpore_8V82_s20240602.pdbqt,met_THB_1S2S__amine_cation__outerpore_8V82_s20240602.pdbqt
main,THB_1S2S,amine_cation,outerpore,8V82,20240603,1,-5.785,20,20,,lateral_interface,adjacent_to_I34_site,other_interface,-3.57,11.89,6.23,1.909,0.444,4,9,3.03,0,0.257,0,I34:E,9.54,0.143,D:LYS45; D:LEU254*; D:ALA257*; E:TYR209; E:TYR210; E:LEU214; E:LEU255*; E:GLU258*; E:ILE259,A280; E281; I282; K68; L237; L277; L278; Y232; Y233,0,True,False,a5905af396c6932a3d1f7101730c97929ba15cfde92cfcf07f089364fd286dcc,True,receipt rc0+ok+cached=False+hash match,out/met_THB_1S2S__amine_cation__outerpore_8V82_s20240603.pdbqt,met_THB_1S2S__amine_cation__outerpore_8V82_s20240603.pdbqt
main,THB_1S2S,amine_cation,outerpore,8V8A,20240601,1,-5.498,20,20,,lateral_interface,adjacent_to_I34_site,other_interface,-3.42,11.72,7.14,1.64,0.333,3,9,2.89,0,0.002,0,I34:C,9.69,0.154,B:LYS45; B:ALA257*; C:TYR209; C:TYR210; C:ASN213; C:LEU214; C:LEU255*; C:GLU258*; C:ILE259,A280; E281; I282; K68; L237; L278; N236; Y232; Y233,0,True,False,a6739914094bc2c00d6ebfaeaacc18a5450ff5bbf688299869833029e82db4ac,True,receipt rc0+ok+cached=False+hash match,out/met_THB_1S2S__amine_cation__outerpore_8V8A_s20240601.pdbqt,met_THB_1S2S__amine_cation__outerpore_8V8A_s20240601.pdbqt
main,THB_1S2S,amine_cation,outerpore,8V8A,20240602,1,-5.514,20,20,,lateral_interface,adjacent_to_I34_site,other_interface,-3.49,11.71,7.14,1.639,0.333,3,9,2.8,0,0.013,0,I34:B,9.61,0.154,A:LYS45; A:ALA257*; B:TYR209; B:TYR210; B:ASN213; B:LEU214; B:LEU255*; B:GLU258*; B:ILE259,A280; E281; I282; K68; L237; L278; N236; Y232; Y233,0,True,False,5ba3665a379072d7536eafbce3a8b8d3381bc00649501ec79f66417d51140834,True,receipt rc0+ok+cached=False+hash match,out/met_THB_1S2S__amine_cation__outerpore_8V8A_s20240602.pdbqt,met_THB_1S2S__amine_cation__outerpore_8V8A_s20240602.pdbqt
main,THB_1S2S,amine_cation,outerpore,8V8A,20240603,1,-5.53,20,20,,lateral_interface,adjacent_to_I34_site,other_interface,-3.47,11.58,7.14,1.621,0.4,4,10,2.72,0,0.009,0,I34:B,9.59,0.154,A:LYS45; A:ALA257*; A:GLU258*; B:TYR209; B:TYR210; B:ASN213; B:LEU214; B:LEU255*; B:GLU258*; B:ILE259,A280; E281; I282; K68; L237; L278; N236; Y232; Y233,0,True,False,0743e2db0ce0b904ec4744c26d54b8686770f5f291ca440ad4590472afe06bf7,True,receipt rc0+ok+cached=False+hash match,out/met_THB_1S2S__amine_cation__outerpore_8V8A_s20240603.pdbqt,met_THB_1S2S__amine_cation__outerpore_8V8A_s20240603.pdbqt
main,mCBA,anion,lateral_I34,8V82,20240601,1,-5.182,19,19,,lateral_interface,in_I34_site,I34_pocket,-12.52,14.03,6.91,2.031,0.444,4,9,3.17,0,6.559,0,I34:A,2.92,0.643,A:LEU212; A:ASN213; A:PRO217; A:ILE221; A:VAL251*; A:PHE252*; E:THR250*; E:MET253*; E:MET278,F275; I244; L235; M276; M301; N236; P240; T273; V274,0,True,False,5ac11752bd89f14637a3a1b59ef687032ec9d07037a027d828f7a6ef3860d42c,True,receipt rc0+ok+cached=False+hash match,out/met_mCBA__anion__lateral_I34_8V82_s20240601.pdbqt,met_mCBA__anion__lateral_I34_8V82_s20240601.pdbqt
main,mCBA,anion,lateral_I34,8V82,20240602,1,-5.178,20,20,,lateral_interface,in_I34_site,I34_pocket,-12.6,13.3,6.91,1.924,0.556,5,9,3.51,0,6.057,0,I34:A,3.7,0.571,A:ASN213; A:PRO217; A:ILE221; A:PHE252*; A:LEU255*; E:THR250*; E:MET253*; E:LEU254*; E:MET278,F275; I244; L277; L278; M276; M301; N236; P240; T273,0,True,False,8e083ee8ffca34c614ab0b137a26797cbefa591c4d6406e449933c96edc44aeb,True,receipt rc0+ok+cached=False+hash match,out/met_mCBA__anion__lateral_I34_8V82_s20240602.pdbqt,met_mCBA__anion__lateral_I34_8V82_s20240602.pdbqt
main,mCBA,anion,lateral_I34,8V82,20240603,1,-5.161,20,20,,lateral_interface,in_I34_site,I34_pocket,-12.67,13.32,6.91,1.928,0.6,6,10,3.48,0,5.965,0,I34:A,3.74,0.643,A:ASN213; A:PRO217; A:ILE221; A:VAL251*; A:PHE252*; A:LEU255*; E:THR250*; E:MET253*; E:LEU254*; E:MET278,F275; I244; L277; L278; M276; M301; N236; P240; T273; V274,0,True,False,80fc2a2d8aaaa3cf48bdb3076877e72b8767434b8f299730011ae80fd467cfb1,True,receipt rc0+ok+cached=False+hash match,out/met_mCBA__anion__lateral_I34_8V82_s20240603.pdbqt,met_mCBA__anion__lateral_I34_8V82_s20240603.pdbqt
main,mCBA,anion,lateral_I34,8V8A,20240601,1,-5.501,20,20,,lateral_interface,in_I34_site,I34_pocket,-12.02,13.37,6.83,1.958,0.5,5,10,3.27,0,6.775,0,I34:A,3.16,0.692,A:LEU212; A:ASN213; A:PRO217; A:ILE221; A:VAL251*; A:PHE252*; E:THR250*; E:MET253*; E:LEU254*; E:MET278,F275; I244; L235; L277; M276; M301; N236; P240; T273; V274,0,True,False,706718e66355cc0c7401a9f18c3398c9625cf9172b7416142845341ff2bf2f17,True,receipt rc0+ok+cached=False+hash match,out/met_mCBA__anion__lateral_I34_8V8A_s20240601.pdbqt,met_mCBA__anion__lateral_I34_8V8A_s20240601.pdbqt
main,mCBA,anion,lateral_I34,8V8A,20240602,1,-5.487,20,20,,lateral_interface,in_I34_site,I34_pocket,-11.8,12.66,6.83,1.854,0.636,7,11,3.25,0,6.453,0,I34:A,3.84,0.692,A:ASN213; A:PRO217; A:ILE221; A:VAL251*; A:PHE252*; A:LEU255*; E:THR250*; E:MET253*; E:LEU254*; E:ALA257*; E:MET278,A280; F275; I244; L277; L278; M276; M301; N236; P240; T273; V274,0,True,False,c13ed1412b22bdfb17e070e0fee17661b13f45885dbcf6cbc25ecc91a415ee6d,True,receipt rc0+ok+cached=False+hash match,out/met_mCBA__anion__lateral_I34_8V8A_s20240602.pdbqt,met_mCBA__anion__lateral_I34_8V8A_s20240602.pdbqt
main,mCBA,anion,lateral_I34,8V8A,20240603,1,-5.491,20,20,,lateral_interface,in_I34_site,I34_pocket,-11.82,12.7,6.83,1.861,0.636,7,11,3.24,0,6.432,0,I34:A,3.79,0.692,A:ASN213; A:PRO217; A:ILE221; A:VAL251*; A:PHE252*; A:LEU255*; E:THR250*; E:MET253*; E:LEU254*; E:ALA257*; E:MET278,A280; F275; I244; L277; L278; M276; M301; N236; P240; T273; V274,0,True,False,a229578709fb1e074b18976ef89a83052ebbbc6b43f30d75f578957d5e55bbe6,True,receipt rc0+ok+cached=False+hash match,out/met_mCBA__anion__lateral_I34_8V8A_s20240603.pdbqt,met_mCBA__anion__lateral_I34_8V8A_s20240603.pdbqt
main,mCBA,anion,midpore,8V82,20240601,1,-5.222,20,20,search_space_gt_27000,lateral_interface,in_I34_site,I34_pocket,-12.7,13.15,6.91,1.903,0.6,6,10,3.4,0,3.209,0,I34:C,3.91,0.643,B:THR250*; B:MET253*; B:LEU254*; B:MET278; C:ASN213; C:PRO217; C:ILE221; C:VAL251*; C:PHE252*; C:LEU255*,F275; I244; L277; L278; M276; M301; N236; P240; T273; V274,0,True,False,b3dc2b3c3d2536e9de6ac5e966648d447f34066ccdb70dd24643e72eaf3594cd,True,receipt rc0+ok+cached=False+hash match,out/met_mCBA__anion__midpore_8V82_s20240601.pdbqt,met_mCBA__anion__midpore_8V82_s20240601.pdbqt
main,mCBA,anion,midpore,8V82,20240602,1,-5.216,20,20,search_space_gt_27000,lateral_interface,in_I34_site,I34_pocket,-12.69,13.16,6.91,1.904,0.6,6,10,3.32,0,3.211,0,I34:C,3.91,0.643,B:THR250*; B:MET253*; B:LEU254*; B:MET278; C:ASN213; C:PRO217; C:ILE221; C:VAL251*; C:PHE252*; C:LEU255*,F275; I244; L277; L278; M276; M301; N236; P240; T273; V274,0,True,False,3a1b57680c2d3d956ddabebadda5c7dba4d42bd89b34ec8a5df70c36019b18e4,True,receipt rc0+ok+cached=False+hash match,out/met_mCBA__anion__midpore_8V82_s20240602.pdbqt,met_mCBA__anion__midpore_8V82_s20240602.pdbqt
main,mCBA,anion,midpore,8V82,20240603,1,-5.212,20,20,search_space_gt_27000,lateral_interface,in_I34_site,I34_pocket,-12.71,13.17,6.91,1.905,0.6,6,10,3.49,0,3.188,0,I34:C,3.91,0.643,B:THR250*; B:MET253*; B:LEU254*; B:MET278; C:ASN213; C:PRO217; C:ILE221; C:VAL251*; C:PHE252*; C:LEU255*,F275; I244; L277; L278; M276; M301; N236; P240; T273; V274,0,True,False,5151b70c44b9577edf0ade7dcd59a85609f49fb20465f6b6c5b1cfe241280352,True,receipt rc0+ok+cached=False+hash match,out/met_mCBA__anion__midpore_8V82_s20240603.pdbqt,met_mCBA__anion__midpore_8V82_s20240603.pdbqt
main,mCBA,anion,midpore,8V8A,20240601,1,-5.57,20,20,search_space_gt_27000,lateral_interface,in_I34_site,I34_pocket,-12.08,13.53,6.83,1.981,0.545,6,11,3.07,0,0.28,0,I34:E,3.04,0.692,D:THR250*; D:MET253*; D:LEU254*; D:MET278; E:LEU212; E:ASN213; E:PRO217; E:ILE221; E:VAL251*; E:PHE252*; E:LEU255*,F275; I244; L235; L277; L278; M276; M301; N236; P240; T273; V274,0,True,False,d93cdb18b2527c0f4d528005c02ffbbd8ce41c3009920bcd92a12efbe81e124d,True,receipt rc0+ok+cached=False+hash match,out/met_mCBA__anion__midpore_8V8A_s20240601.pdbqt,met_mCBA__anion__midpore_8V8A_s20240601.pdbqt
main,mCBA,anion,midpore,8V8A,20240602,1,-5.565,20,20,search_space_gt_27000,lateral_interface,in_I34_site,I34_pocket,-12.03,13.55,6.83,1.985,0.545,6,11,3.02,0,0.244,0,I34:E,3.0,0.692,D:THR250*; D:MET253*; D:LEU254*; D:MET278; E:LEU212; E:ASN213; E:PRO217; E:ILE221; E:VAL251*; E:PHE252*; E:LEU255*,F275; I244; L235; L277; L278; M276; M301; N236; P240; T273; V274,0,True,False,09c5ec15827f7863f55cd4100378aa6a18fad4131e5431b50550c629baa80d48,True,receipt rc0+ok+cached=False+hash match,out/met_mCBA__anion__midpore_8V8A_s20240602.pdbqt,met_mCBA__anion__midpore_8V8A_s20240602.pdbqt
main,mCBA,anion,midpore,8V8A,20240603,1,-5.578,20,20,search_space_gt_27000,lateral_interface,in_I34_site,I34_pocket,-12.08,13.55,6.83,1.985,0.545,6,11,3.04,0,0.25,0,I34:E,3.02,0.692,D:THR250*; D:MET253*; D:LEU254*; D:MET278; E:LEU212; E:ASN213; E:PRO217; E:ILE221; E:VAL251*; E:PHE252*; E:LEU255*,F275; I244; L235; L277; L278; M276; M301; N236; P240; T273; V274,0,True,False,b5986dcc3e45e70cb1b4052e1a93d29aa1120ffd804673ef8e7f81929c82791c,True,receipt rc0+ok+cached=False+hash match,out/met_mCBA__anion__midpore_8V8A_s20240603.pdbqt,met_mCBA__anion__midpore_8V8A_s20240603.pdbqt
main,mCBA,anion,ortho,8V82,20240601,1,-6.495,20,20,,off_site,in_EPJ_site,EPJ_pocket,31.73,25.3,11.78,2.148,0.0,0,9,2.96,0,6.054,0,EPJ:A,0.92,0.727,A:TRP148; A:SER149; A:TYR187; A:CYS189; A:CYS190; A:TYR194; B:LEU108; B:GLN116; B:LEU118,C212; C213; L131; L141; Q139; S172; W171; Y210; Y217,0,True,False,eb3e2e673050c295852e8ff9619790bc59e0abfa4b4245980931f476703dc7c4,True,receipt rc0+ok+cached=False+hash match,out/met_mCBA__anion__ortho_8V82_s20240601.pdbqt,met_mCBA__anion__ortho_8V82_s20240601.pdbqt
main,mCBA,anion,ortho,8V82,20240602,1,-6.492,20,20,,off_site,in_EPJ_site,EPJ_pocket,31.72,25.28,11.78,2.147,0.0,0,9,2.97,0,6.052,0,EPJ:A,0.91,0.727,A:TRP148; A:SER149; A:TYR187; A:CYS189; A:CYS190; A:TYR194; B:LEU108; B:GLN116; B:LEU118,C212; C213; L131; L141; Q139; S172; W171; Y210; Y217,0,True,False,ccee91872b0103bb7b4c78a620d1e81a4a4d11cad97a137a7834932bacc6b932,True,receipt rc0+ok+cached=False+hash match,out/met_mCBA__anion__ortho_8V82_s20240602.pdbqt,met_mCBA__anion__ortho_8V82_s20240602.pdbqt
main,mCBA,anion,ortho,8V82,20240603,1,-6.485,18,19,,off_site,in_EPJ_site,EPJ_pocket,31.7,25.3,11.78,2.148,0.0,0,9,3.03,0,6.092,0,EPJ:A,0.9,0.727,A:TRP148; A:SER149; A:TYR187; A:CYS189; A:CYS190; A:TYR194; B:LEU108; B:GLN116; B:LEU118,C212; C213; L131; L141; Q139; S172; W171; Y210; Y217,0,True,False,46b0ca5f96613de70ae41ab5c7b489755c443b9197488df90ce290c744b2f482,True,receipt rc0+ok+cached=False+hash match,out/met_mCBA__anion__ortho_8V82_s20240603.pdbqt,met_mCBA__anion__ortho_8V82_s20240603.pdbqt
main,mCBA,anion,ortho,8V8A,20240601,1,-6.259,20,20,,off_site,in_EPJ_site,EPJ_pocket,32.06,24.92,11.89,2.096,0.0,0,9,2.92,0,6.385,0,EPJ:A,0.86,0.667,A:TRP148; A:SER149; A:TYR187; A:CYS189; A:CYS190; A:TYR194; B:LEU108; B:GLN116; B:LEU118,C212; C213; L131; L141; Q139; S172; W171; Y210; Y217,0,True,False,959e53c483a2f4964b27c17d0caf784b6aaf81470f679c45571e672108e5e3d7,True,receipt rc0+ok+cached=False+hash match,out/met_mCBA__anion__ortho_8V8A_s20240601.pdbqt,met_mCBA__anion__ortho_8V8A_s20240601.pdbqt
main,mCBA,anion,ortho,8V8A,20240602,1,-6.265,19,20,,off_site,in_EPJ_site,EPJ_pocket,32.07,24.92,11.89,2.096,0.0,0,9,2.92,0,6.366,0,EPJ:A,0.87,0.667,A:TRP148; A:SER149; A:TYR187; A:CYS189; A:CYS190; A:TYR194; B:LEU108; B:GLN116; B:LEU118,C212; C213; L131; L141; Q139; S172; W171; Y210; Y217,0,True,False,739c7177243b6cb4b7a8d4ee67ff537f5574e505bb2d3a7b78145a80436835b3,True,receipt rc0+ok+cached=False+hash match,out/met_mCBA__anion__ortho_8V8A_s20240602.pdbqt,met_mCBA__anion__ortho_8V8A_s20240602.pdbqt
main,mCBA,anion,ortho,8V8A,20240603,1,-6.264,20,20,,off_site,in_EPJ_site,EPJ_pocket,32.08,24.91,11.89,2.096,0.0,0,9,2.92,0,6.386,0,EPJ:A,0.87,0.667,A:TRP148; A:SER149; A:TYR187; A:CYS189; A:CYS190; A:TYR194; B:LEU108; B:GLN116; B:LEU118,C212; C213; L131; L141; Q139; S172; W171; Y210; Y217,0,True,False,e8f7cb2072b59bd54f1ba6609cb8e1e16719ec768d10bb70f0aa101f0f8ba128,True,receipt rc0+ok+cached=False+hash match,out/met_mCBA__anion__ortho_8V8A_s20240603.pdbqt,met_mCBA__anion__ortho_8V8A_s20240603.pdbqt
main,mCBA,anion,outerpore,8V82,20240601,1,-5.209,20,20,,lateral_interface,in_I34_site,I34_pocket,-12.7,13.17,6.91,1.906,0.6,6,10,3.47,0,-0.047,1,I34:E,3.9,0.643,D:THR250*; D:MET253*; D:LEU254*; D:MET278; E:ASN213; E:PRO217; E:ILE221; E:VAL251*; E:PHE252*; E:LEU255*,F275; I244; L277; L278; M276; M301; N236; P240; T273; V274,0,True,False,24eb73bbb23c7c18796267fbdc7122841b7efed5a12ff8a43e42c2061131de6e,True,receipt rc0+ok+cached=False+hash match,out/met_mCBA__anion__outerpore_8V82_s20240601.pdbqt,met_mCBA__anion__outerpore_8V82_s20240601.pdbqt
main,mCBA,anion,outerpore,8V82,20240602,1,-5.211,20,20,,lateral_interface,in_I34_site,I34_pocket,-12.68,13.14,6.91,1.902,0.6,6,10,3.43,0,3.558,0,I34:C,3.91,0.643,B:THR250*; B:MET253*; B:LEU254*; B:MET278; C:ASN213; C:PRO217; C:ILE221; C:VAL251*; C:PHE252*; C:LEU255*,F275; I244; L277; L278; M276; M301; N236; P240; T273; V274,0,True,False,1553b812a633b4e4ac44efd2b96c3c99065393f53f28aac184e7573024ae479a,True,receipt rc0+ok+cached=False+hash match,out/met_mCBA__anion__outerpore_8V82_s20240602.pdbqt,met_mCBA__anion__outerpore_8V82_s20240602.pdbqt
main,mCBA,anion,outerpore,8V82,20240603,1,-5.206,20,20,,lateral_interface,in_I34_site,I34_pocket,-12.58,13.27,6.91,1.921,0.6,6,10,3.36,0,2.169,0,I34:B,3.75,0.643,A:THR250*; A:MET253*; A:LEU254*; A:MET278; B:ASN213; B:PRO217; B:ILE221; B:VAL251*; B:PHE252*; B:LEU255*,F275; I244; L277; L278; M276; M301; N236; P240; T273; V274,0,True,False,ef8f6afccb44fd606504b33df0b5918e6c9726f1d78b968915c91242e05f0d4f,True,receipt rc0+ok+cached=False+hash match,out/met_mCBA__anion__outerpore_8V82_s20240603.pdbqt,met_mCBA__anion__outerpore_8V82_s20240603.pdbqt
main,mCBA,anion,outerpore,8V8A,20240601,1,-5.571,20,20,,lateral_interface,in_I34_site,I34_pocket,-12.06,13.53,6.83,1.981,0.545,6,11,3.06,0,2.973,0,I34:D,3.04,0.692,C:THR250*; C:MET253*; C:LEU254*; C:MET278; D:LEU212; D:ASN213; D:PRO217; D:ILE221; D:VAL251*; D:PHE252*; D:LEU255*,F275; I244; L235; L277; L278; M276; M301; N236; P240; T273; V274,0,True,False,205c487d40fb87d65ed645f4fb445a9d574bee4bb1346b09fbe4fd61a17c55d1,True,receipt rc0+ok+cached=False+hash match,out/met_mCBA__anion__outerpore_8V8A_s20240601.pdbqt,met_mCBA__anion__outerpore_8V8A_s20240601.pdbqt
main,mCBA,anion,outerpore,8V8A,20240602,1,-5.574,20,20,,lateral_interface,in_I34_site,I34_pocket,-12.07,13.5,6.83,1.977,0.545,6,11,3.07,0,2.973,0,I34:D,3.07,0.692,C:THR250*; C:MET253*; C:LEU254*; C:MET278; D:LEU212; D:ASN213; D:PRO217; D:ILE221; D:VAL251*; D:PHE252*; D:LEU255*,F275; I244; L235; L277; L278; M276; M301; N236; P240; T273; V274,0,True,False,ff520306e57a740eac4cfeafb322d992dce81af8524180a4e9c253b9b70306f7,True,receipt rc0+ok+cached=False+hash match,out/met_mCBA__anion__outerpore_8V8A_s20240602.pdbqt,met_mCBA__anion__outerpore_8V8A_s20240602.pdbqt
main,mCBA,anion,outerpore,8V8A,20240603,1,-5.573,20,20,,lateral_interface,in_I34_site,I34_pocket,-12.08,13.55,6.83,1.984,0.545,6,11,3.05,0,2.959,0,I34:D,3.03,0.692,C:THR250*; C:MET253*; C:LEU254*; C:MET278; D:LEU212; D:ASN213; D:PRO217; D:ILE221; D:VAL251*; D:PHE252*; D:LEU255*,F275; I244; L235; L277; L278; M276; M301; N236; P240; T273; V274,0,True,False,1c3d83478c161e1db32212d43a9017218a42189e89431a8e22b0bff22467c4c4,True,receipt rc0+ok+cached=False+hash match,out/met_mCBA__anion__outerpore_8V8A_s20240603.pdbqt,met_mCBA__anion__outerpore_8V8A_s20240603.pdbqt
main,mCHA,anion,lateral_I34,8V82,20240601,1,-6.175,20,20,,lateral_interface,in_I34_site,I34_pocket,-9.2,13.59,6.91,1.966,0.667,6,9,2.9,0,4.081,0,I34:A,3.94,0.429,A:TYR209; A:TYR210; A:ASN213; A:PHE252*; A:LEU255*; E:THR250*; E:MET253*; E:LEU254*; E:ALA257*,A280; F275; L277; L278; M276; N236; T273; Y232; Y233,0,True,False,cf2fce965baa9a2afc98e822946111d50e2cacd9bfe54bd41db61ecb8c2a03a7,True,receipt rc0+ok+cached=False+hash match,out/met_mCHA__anion__lateral_I34_8V82_s20240601.pdbqt,met_mCHA__anion__lateral_I34_8V82_s20240601.pdbqt
main,mCHA,anion,lateral_I34,8V82,20240602,1,-6.178,19,19,,lateral_interface,in_I34_site,I34_pocket,-9.2,13.59,6.91,1.967,0.667,6,9,2.91,0,4.103,0,I34:A,3.93,0.429,A:TYR209; A:TYR210; A:ASN213; A:PHE252*; A:LEU255*; E:THR250*; E:MET253*; E:LEU254*; E:ALA257*,A280; F275; L277; L278; M276; N236; T273; Y232; Y233,0,True,False,f51387df386ad4516635349efdab42bfaea360681ec9016d1f5b21f8194ba15b,True,receipt rc0+ok+cached=False+hash match,out/met_mCHA__anion__lateral_I34_8V82_s20240602.pdbqt,met_mCHA__anion__lateral_I34_8V82_s20240602.pdbqt
main,mCHA,anion,lateral_I34,8V82,20240603,1,-6.156,20,20,,lateral_interface,in_I34_site,I34_pocket,-9.09,13.8,6.91,1.998,0.556,5,9,2.9,0,4.044,0,I34:A,3.83,0.429,A:TYR209; A:TYR210; A:ASN213; A:PRO217; A:PHE252*; A:LEU255*; E:MET253*; E:LEU254*; E:ALA257*,A280; F275; L277; L278; M276; N236; P240; Y232; Y233,0,True,False,de246ca141657a869f2bca01c53901150383c5b1a8e65c4ab4c21ccd94a2e7a2,True,receipt rc0+ok+cached=False+hash match,out/met_mCHA__anion__lateral_I34_8V82_s20240603.pdbqt,met_mCHA__anion__lateral_I34_8V82_s20240603.pdbqt
main,mCHA,anion,lateral_I34,8V8A,20240601,1,-6.125,19,19,,lateral_interface,in_I34_site,I34_pocket,-13.98,14.86,7.68,1.936,0.5,5,10,3.3,0,4.38,0,I34:A,3.24,0.615,A:ASN213; A:PRO217; A:LEU220; A:ILE221; A:VAL251*; A:PHE252*; E:THR250*; E:MET253*; E:LEU254*; E:MET278,F275; I244; L243; L277; M276; M301; N236; P240; T273; V274,0,True,False,dd7a3cb412ae4153d55d48b9811b30d2a3d692de5dbabb411cc848ccf657209a,True,receipt rc0+ok+cached=False+hash match,out/met_mCHA__anion__lateral_I34_8V8A_s20240601.pdbqt,met_mCHA__anion__lateral_I34_8V8A_s20240601.pdbqt
main,mCHA,anion,lateral_I34,8V8A,20240602,1,-6.118,20,20,,lateral_interface,in_I34_site,I34_pocket,-13.97,14.88,7.68,1.938,0.5,5,10,3.3,0,4.382,0,I34:A,3.23,0.615,A:ASN213; A:PRO217; A:LEU220; A:ILE221; A:VAL251*; A:PHE252*; E:THR250*; E:MET253*; E:LEU254*; E:MET278,F275; I244; L243; L277; M276; M301; N236; P240; T273; V274,0,True,False,117e0dcef8c00dda1fdf8b67b9a09ff836178fed46265e860c13f55850a82c0b,True,receipt rc0+ok+cached=False+hash match,out/met_mCHA__anion__lateral_I34_8V8A_s20240602.pdbqt,met_mCHA__anion__lateral_I34_8V8A_s20240602.pdbqt
main,mCHA,anion,lateral_I34,8V8A,20240603,1,-6.113,20,20,,lateral_interface,in_I34_site,I34_pocket,-13.98,14.92,7.68,1.944,0.455,5,11,3.33,0,4.426,0,I34:A,3.22,0.615,A:ASN213; A:ILE216; A:PRO217; A:LEU220; A:ILE221; A:VAL251*; A:PHE252*; E:THR250*; E:MET253*; E:LEU254*; E:MET278,F275; I239; I244; L243; L277; M276; M301; N236; P240; T273; V274,0,True,False,54621067c7ded7758edd59ed5fc0119e8d474709f4a26f109def8f09fab892c3,True,receipt rc0+ok+cached=False+hash match,out/met_mCHA__anion__lateral_I34_8V8A_s20240603.pdbqt,met_mCHA__anion__lateral_I34_8V8A_s20240603.pdbqt
main,mCHA,anion,midpore,8V82,20240601,1,-6.146,20,20,search_space_gt_27000,lateral_interface,in_I34_site,I34_pocket,-12.43,14.66,6.91,2.121,0.5,5,10,3.37,0,0.281,0,I34:B,2.35,0.643,A:MET253*; A:LEU254*; A:MET278; B:LEU212; B:ASN213; B:PRO217; B:ILE221; B:VAL251*; B:PHE252*; B:LEU255*,F275; I244; L235; L277; L278; M276; M301; N236; P240; V274,0,True,False,0acd462a081101087e85e524aaea244e9feef018bacf08abba2e3dfc93622122,True,receipt rc0+ok+cached=False+hash match,out/met_mCHA__anion__midpore_8V82_s20240601.pdbqt,met_mCHA__anion__midpore_8V82_s20240601.pdbqt
main,mCHA,anion,midpore,8V82,20240602,1,-6.136,20,20,search_space_gt_27000,lateral_interface,in_I34_site,I34_pocket,-12.41,14.68,6.91,2.124,0.5,5,10,3.31,0,0.386,0,I34:B,2.33,0.643,A:MET253*; A:LEU254*; A:MET278; B:LEU212; B:ASN213; B:PRO217; B:ILE221; B:VAL251*; B:PHE252*; B:LEU255*,F275; I244; L235; L277; L278; M276; M301; N236; P240; V274,0,True,False,c451a019d8a301cd975d04649b6af814cfb4f767146a9cb993f26ece4d595c74,True,receipt rc0+ok+cached=False+hash match,out/met_mCHA__anion__midpore_8V82_s20240602.pdbqt,met_mCHA__anion__midpore_8V82_s20240602.pdbqt
main,mCHA,anion,midpore,8V82,20240603,1,-6.171,20,20,search_space_gt_27000,lateral_interface,in_I34_site,I34_pocket,-9.33,13.4,6.91,1.939,0.6,6,10,3.27,0,-0.021,1,I34:E,4.17,0.5,D:MET253*; D:LEU254*; D:ALA257*; E:TYR210; E:ASN213; E:LEU214; E:PRO217; E:VAL251*; E:PHE252*; E:LEU255*,A280; F275; L237; L277; L278; M276; N236; P240; V274; Y233,0,True,False,da4962f07fee5df0fae8896a9791aafe0df3a06db64889de432dd938e19f686e,True,receipt rc0+ok+cached=False+hash match,out/met_mCHA__anion__midpore_8V82_s20240603.pdbqt,met_mCHA__anion__midpore_8V82_s20240603.pdbqt
main,mCHA,anion,midpore,8V8A,20240601,1,-6.213,20,20,search_space_gt_27000,lateral_interface,in_I34_site,I34_pocket,-18.08,17.77,7.77,2.287,0.2,2,10,3.57,0,0.326,0,I34:D,7.05,0.385,C:LEU246*; C:MET253*; C:MET278; C:ILE279; C:GLY282; D:LEU212; D:PRO217; D:LEU220; D:ILE221; D:LEU224,G305; I244; I302; L235; L243; L247; L269; M276; M301; P240,0,True,False,47cc9317d956215ee7a3d8f75c963bc227856856b0098785c7f7bec113bae328,True,receipt rc0+ok+cached=False+hash match,out/met_mCHA__anion__midpore_8V8A_s20240601.pdbqt,met_mCHA__anion__midpore_8V8A_s20240601.pdbqt
main,mCHA,anion,midpore,8V8A,20240602,1,-6.204,20,20,search_space_gt_27000,lateral_interface,in_I34_site,I34_pocket,-18.09,17.79,7.77,2.289,0.2,2,10,3.54,0,0.26,0,I34:D,7.06,0.385,C:LEU246*; C:MET253*; C:MET278; C:ILE279; C:GLY282; D:LEU212; D:PRO217; D:LEU220; D:ILE221; D:LEU224,G305; I244; I302; L235; L243; L247; L269; M276; M301; P240,0,True,False,e476608ffd21b7771b3206f2f12880a3555533fbd6103298c539eb5c4fd0e3b8,True,receipt rc0+ok+cached=False+hash match,out/met_mCHA__anion__midpore_8V8A_s20240602.pdbqt,met_mCHA__anion__midpore_8V8A_s20240602.pdbqt
main,mCHA,anion,midpore,8V8A,20240603,1,-6.22,20,20,search_space_gt_27000,lateral_interface,in_I34_site,I34_pocket,-17.9,17.69,7.77,2.276,0.2,2,10,3.37,0,0.526,0,I34:D,6.85,0.385,C:LEU246*; C:MET253*; C:ALA275; C:MET278; C:ILE279; C:GLY282; D:LEU212; D:PRO217; D:LEU220; D:LEU224,A298; G305; I302; L235; L243; L247; L269; M276; M301; P240,0,True,False,c125a87ecc140037bab4e5439591d52ff1db0f0512d16cf94b8738fd37c94157,True,receipt rc0+ok+cached=False+hash match,out/met_mCHA__anion__midpore_8V8A_s20240603.pdbqt,met_mCHA__anion__midpore_8V8A_s20240603.pdbqt
main,mCHA,anion,ortho,8V82,20240601,1,-7.575,18,20,,off_site,in_EPJ_site,EPJ_pocket,31.04,24.19,11.72,2.063,0.0,0,13,2.97,0,5.399,0,EPJ:A,0.72,0.909,A:TYR92; A:TRP148; A:SER149; A:TYR187; A:CYS189; A:CYS190; A:TYR194; B:TRP54; B:THR105; B:ASN106; B:GLN116; B:TYR117; B:LEU118,C212; C213; L141; N129; Q139; S172; T128; W171; W77; Y115; Y140; Y210; Y217,0,True,False,af779fd0562a7150f6de79204eb78997350b761e6a2fe310e6f59ce35fe882c4,True,receipt rc0+ok+cached=False+hash match,out/met_mCHA__anion__ortho_8V82_s20240601.pdbqt,met_mCHA__anion__ortho_8V82_s20240601.pdbqt
main,mCHA,anion,ortho,8V82,20240602,1,-7.541,15,20,,off_site,in_EPJ_site,EPJ_pocket,31.01,24.19,11.72,2.063,0.0,0,13,2.98,0,5.391,0,EPJ:A,0.71,0.909,A:TYR92; A:TRP148; A:SER149; A:TYR187; A:CYS189; A:CYS190; A:TYR194; B:TRP54; B:THR105; B:ASN106; B:GLN116; B:TYR117; B:LEU118,C212; C213; L141; N129; Q139; S172; T128; W171; W77; Y115; Y140; Y210; Y217,0,True,False,1082e97f44549898163bc3a8834e18c8bbe00953d3e81851772a4c9029a23035,True,receipt rc0+ok+cached=False+hash match,out/met_mCHA__anion__ortho_8V82_s20240602.pdbqt,met_mCHA__anion__ortho_8V82_s20240602.pdbqt
main,mCHA,anion,ortho,8V82,20240603,1,-7.559,17,20,,off_site,in_EPJ_site,EPJ_pocket,31.03,24.19,11.72,2.063,0.0,0,13,2.99,0,5.364,0,EPJ:A,0.72,0.909,A:TYR92; A:TRP148; A:SER149; A:TYR187; A:CYS189; A:CYS190; A:TYR194; B:TRP54; B:THR105; B:ASN106; B:GLN116; B:TYR117; B:LEU118,C212; C213; L141; N129; Q139; S172; T128; W171; W77; Y115; Y140; Y210; Y217,0,True,False,f0000147c680f7b1dc26cddbe9fe0118d969b7a0abbb71fc20652ea51f6e44ee,True,receipt rc0+ok+cached=False+hash match,out/met_mCHA__anion__ortho_8V82_s20240603.pdbqt,met_mCHA__anion__ortho_8V82_s20240603.pdbqt
main,mCHA,anion,ortho,8V8A,20240601,1,-6.929,19,20,,off_site,in_EPJ_site,EPJ_pocket,31.82,24.24,11.67,2.077,0.0,0,12,2.87,0,5.03,0,EPJ:A,0.67,0.917,A:TYR92; A:TRP148; A:TYR187; A:CYS189; A:CYS190; A:TYR194; B:TRP54; B:THR105; B:ASN106; B:LEU108; B:GLN116; B:LEU118,C212; C213; L131; L141; N129; Q139; T128; W171; W77; Y115; Y210; Y217,0,True,False,75b779d45cbefb52376d06256c68fa2d8de01485a971bfebb01ededaa5b5c880,True,receipt rc0+ok+cached=False+hash match,out/met_mCHA__anion__ortho_8V8A_s20240601.pdbqt,met_mCHA__anion__ortho_8V8A_s20240601.pdbqt
main,mCHA,anion,ortho,8V8A,20240602,1,-6.919,19,20,,off_site,in_EPJ_site,EPJ_pocket,31.83,24.24,11.67,2.077,0.0,0,12,2.86,0,5.045,0,EPJ:A,0.68,0.917,A:TYR92; A:TRP148; A:TYR187; A:CYS189; A:CYS190; A:TYR194; B:TRP54; B:THR105; B:ASN106; B:LEU108; B:GLN116; B:LEU118,C212; C213; L131; L141; N129; Q139; T128; W171; W77; Y115; Y210; Y217,0,True,False,1738038a9f2fd31cb61ca1bde043140d2253ee6f8af452a58c4dc1a1a985c075,True,receipt rc0+ok+cached=False+hash match,out/met_mCHA__anion__ortho_8V8A_s20240602.pdbqt,met_mCHA__anion__ortho_8V8A_s20240602.pdbqt
main,mCHA,anion,ortho,8V8A,20240603,1,-6.923,20,20,,off_site,in_EPJ_site,EPJ_pocket,31.82,24.24,11.67,2.077,0.0,0,12,2.87,0,5.039,0,EPJ:A,0.68,0.917,A:TYR92; A:TRP148; A:TYR187; A:CYS189; A:CYS190; A:TYR194; B:TRP54; B:THR105; B:ASN106; B:LEU108; B:GLN116; B:LEU118,C212; C213; L131; L141; N129; Q139; T128; W171; W77; Y115; Y210; Y217,0,True,False,a3558f378c27d94bcc5165d3b6612aa3dda2093dc5762a013f66733958674921,True,receipt rc0+ok+cached=False+hash match,out/met_mCHA__anion__ortho_8V8A_s20240603.pdbqt,met_mCHA__anion__ortho_8V8A_s20240603.pdbqt
main,mCHA,anion,outerpore,8V82,20240601,1,-6.197,20,20,,lateral_interface,in_I34_site,I34_pocket,-9.07,13.51,6.91,1.955,0.667,6,9,2.92,0,0.541,0,I34:A,4.08,0.429,A:TYR209; A:TYR210; A:ASN213; A:PHE252*; A:LEU255*; E:THR250*; E:MET253*; E:LEU254*; E:ALA257*,A280; F275; L277; L278; M276; N236; T273; Y232; Y233,0,True,False,a4d38830fc2a880c95f9c48c94c2085ba19b7ad47a8008794680a9a50084d90d,True,receipt rc0+ok+cached=False+hash match,out/met_mCHA__anion__outerpore_8V82_s20240601.pdbqt,met_mCHA__anion__outerpore_8V82_s20240601.pdbqt
main,mCHA,anion,outerpore,8V82,20240602,1,-6.149,20,20,,lateral_interface,in_I34_site,I34_pocket,-9.04,13.5,6.91,1.954,0.6,6,10,2.9,0,2.496,0,I34:C,4.18,0.429,B:THR250*; B:MET253*; B:LEU254*; B:ALA257*; C:TYR209; C:TYR210; C:ASN213; C:LEU214; C:PHE252*; C:LEU255*,A280; F275; L237; L277; L278; M276; N236; T273; Y232; Y233,0,True,False,8514cacc16fb17f4c9065345c3a415a8642b894b3834366204f53bdbd8532a69,True,receipt rc0+ok+cached=False+hash match,out/met_mCHA__anion__outerpore_8V82_s20240602.pdbqt,met_mCHA__anion__outerpore_8V82_s20240602.pdbqt
main,mCHA,anion,outerpore,8V82,20240603,1,-6.193,20,20,,lateral_interface,in_I34_site,I34_pocket,-9.07,13.53,6.91,1.957,0.667,6,9,2.92,0,0.505,0,I34:A,4.06,0.429,A:TYR209; A:TYR210; A:ASN213; A:PHE252*; A:LEU255*; E:THR250*; E:MET253*; E:LEU254*; E:ALA257*,A280; F275; L277; L278; M276; N236; T273; Y232; Y233,0,True,False,9924a57e66447e173a8864cca54e095fee8f04f713258b83c301414909874960,True,receipt rc0+ok+cached=False+hash match,out/met_mCHA__anion__outerpore_8V82_s20240603.pdbqt,met_mCHA__anion__outerpore_8V82_s20240603.pdbqt
main,mCHA,anion,outerpore,8V8A,20240601,1,-6.168,20,20,,lateral_interface,in_I34_site,I34_pocket,-9.63,13.02,6.83,1.907,0.583,7,12,2.99,0,0.858,0,I34:A,4.08,0.538,A:TYR209; A:TYR210; A:ASN213; A:LEU214; A:PRO217; A:VAL251*; A:PHE252*; A:LEU255*; E:THR250*; E:MET253*; E:LEU254*; E:ALA257*,A280; F275; L237; L277; L278; M276; N236; P240; T273; V274; Y232; Y233,0,True,False,c02c5f4a80f09ce0c11ecf117f460c562096e6f8fc341fda15095ef42907349f,True,receipt rc0+ok+cached=False+hash match,out/met_mCHA__anion__outerpore_8V8A_s20240601.pdbqt,met_mCHA__anion__outerpore_8V8A_s20240601.pdbqt
main,mCHA,anion,outerpore,8V8A,20240602,1,-6.092,20,20,,lateral_interface,in_I34_site,I34_pocket,-13.98,14.98,7.68,1.952,0.4,4,10,3.37,0,1.26,0,I34:D,3.2,0.615,C:THR250*; C:MET253*; C:MET278; D:ASN213; D:ILE216; D:PRO217; D:LEU220; D:ILE221; D:VAL251*; D:PHE252*,F275; I239; I244; L243; M276; M301; N236; P240; T273; V274,0,True,False,b02d7c8fd70ccb38310a8279dca3d559b41b1c54e8ec5dc9acf87319e8982ebf,True,receipt rc0+ok+cached=False+hash match,out/met_mCHA__anion__outerpore_8V8A_s20240602.pdbqt,met_mCHA__anion__outerpore_8V8A_s20240602.pdbqt
main,mCHA,anion,outerpore,8V8A,20240603,1,-6.09,20,20,,lateral_interface,in_I34_site,I34_pocket,-13.91,14.99,7.68,1.952,0.455,5,11,3.35,0,1.275,0,I34:D,3.13,0.615,C:THR250*; C:MET253*; C:LEU254*; C:MET278; D:ASN213; D:ILE216; D:PRO217; D:LEU220; D:ILE221; D:VAL251*; D:PHE252*,F275; I239; I244; L243; L277; M276; M301; N236; P240; T273; V274,0,True,False,c285a99681dbf2d13c520b68ed5ac95b1b2eca6c9100a0e6b5ca4045ab64d8f2,True,receipt rc0+ok+cached=False+hash match,out/met_mCHA__anion__outerpore_8V8A_s20240603.pdbqt,met_mCHA__anion__outerpore_8V8A_s20240603.pdbqt
supplement,HB_2R3R_OGLU,net0_zwitterion,lateral_I34,8V82,20240601,1,-5.486,19,20,,lateral_interface,adjacent_to_I34_site,other_interface,-13.73,24.55,7.41,3.312,0.0,0,9,3.27,0,2.155,0,I34:A,8.74,0.286,A:LEU212; A:ILE216; A:PRO217; A:LEU220; E:VAL267; E:GLN272; E:ALA275; E:SER276; E:ILE279,A298; I239; I302; L235; L243; P240; Q295; S299; V290,0,True,False,391fbdc4835479a32089a2b6de152e475aad2f7f4e3a480ce4b9f5de973db603,True,receipt rc0+ok+cached=False+hash match,hb_oglu/out/hboglu_HB_2R3R_OGLU__net0_zwitterion__lateral_I34_8V82_s20240601.pdbqt,hboglu_HB_2R3R_OGLU__net0_zwitterion__lateral_I34_8V82_s20240601.pdbqt
supplement,HB_2R3R_OGLU,net0_zwitterion,lateral_I34,8V82,20240602,1,-5.462,20,20,,lateral_interface,adjacent_to_I34_site,other_interface,-13.71,24.52,7.41,3.308,0.0,0,9,3.25,0,2.121,0,I34:A,8.7,0.286,A:LEU212; A:ILE216; A:PRO217; A:LEU220; E:VAL267; E:GLN272; E:ALA275; E:SER276; E:ILE279,A298; I239; I302; L235; L243; P240; Q295; S299; V290,0,True,False,e8530a79a4c72fb6347c055fa325e6d421fb0154469c52b66ea64d040a8f7e85,True,receipt rc0+ok+cached=False+hash match,hb_oglu/out/hboglu_HB_2R3R_OGLU__net0_zwitterion__lateral_I34_8V82_s20240602.pdbqt,hboglu_HB_2R3R_OGLU__net0_zwitterion__lateral_I34_8V82_s20240602.pdbqt
supplement,HB_2R3R_OGLU,net0_zwitterion,lateral_I34,8V82,20240603,1,-5.49,19,20,,lateral_interface,adjacent_to_I34_site,other_interface,-13.73,24.55,7.41,3.311,0.0,0,9,3.27,0,2.158,0,I34:A,8.73,0.286,A:LEU212; A:ILE216; A:PRO217; A:LEU220; E:VAL267; E:GLN272; E:ALA275; E:SER276; E:ILE279,A298; I239; I302; L235; L243; P240; Q295; S299; V290,0,True,False,6deadccc671418f372a192d78e5a13cdc82b4efa2aeb9faff9e27ca4717fe0eb,True,receipt rc0+ok+cached=False+hash match,hb_oglu/out/hboglu_HB_2R3R_OGLU__net0_zwitterion__lateral_I34_8V82_s20240603.pdbqt,hboglu_HB_2R3R_OGLU__net0_zwitterion__lateral_I34_8V82_s20240603.pdbqt
supplement,HB_2R3R_OGLU,net0_zwitterion,lateral_I34,8V8A,20240601,1,-5.23,20,20,,lateral_interface,adjacent_to_I34_site,other_interface,-13.05,25.35,7.68,3.302,0.0,0,5,2.7,0,0.685,0,I34:A,9.44,0.231,A:LEU212; E:VAL267; E:GLN272; E:ALA275; E:SER276,A298; L235; Q295; S299; V290,0,True,False,915ad19c70d2b37232c5c31eb3f5763e0961ddae5fea2901cec7eec936a71b3e,True,receipt rc0+ok+cached=False+hash match,hb_oglu/out/hboglu_HB_2R3R_OGLU__net0_zwitterion__lateral_I34_8V8A_s20240601.pdbqt,hboglu_HB_2R3R_OGLU__net0_zwitterion__lateral_I34_8V8A_s20240601.pdbqt
supplement,HB_2R3R_OGLU,net0_zwitterion,lateral_I34,8V8A,20240602,1,-5.224,20,20,,lateral_interface,adjacent_to_I34_site,other_interface,-13.05,25.34,7.68,3.301,0.0,0,5,2.7,0,0.677,0,I34:A,9.44,0.231,A:LEU212; E:VAL267; E:GLN272; E:ALA275; E:SER276,A298; L235; Q295; S299; V290,0,True,False,34c14e1c7868e60784bc967361b774d00a388e97155ba5cf18f82be4fd9d9a5e,True,receipt rc0+ok+cached=False+hash match,hb_oglu/out/hboglu_HB_2R3R_OGLU__net0_zwitterion__lateral_I34_8V8A_s20240602.pdbqt,hboglu_HB_2R3R_OGLU__net0_zwitterion__lateral_I34_8V8A_s20240602.pdbqt
supplement,HB_2R3R_OGLU,net0_zwitterion,lateral_I34,8V8A,20240603,1,-5.243,20,20,,lateral_interface,adjacent_to_I34_site,other_interface,-13.04,25.35,7.68,3.302,0.0,0,5,2.7,0,0.65,0,I34:A,9.45,0.231,A:LEU212; E:VAL267; E:GLN272; E:ALA275; E:SER276,A298; L235; Q295; S299; V290,0,True,False,6b60613d23b0cc7c27a06e9f5c3dbf4f2dcf0cb0f59fb90c745ac80992b244e4,True,receipt rc0+ok+cached=False+hash match,hb_oglu/out/hboglu_HB_2R3R_OGLU__net0_zwitterion__lateral_I34_8V8A_s20240603.pdbqt,hboglu_HB_2R3R_OGLU__net0_zwitterion__lateral_I34_8V8A_s20240603.pdbqt
supplement,HB_2R3R_OGLU,net0_zwitterion,midpore,8V82,20240601,1,-7.343,20,20,search_space_gt_27000,pore_lumen,away_from_I34_site,pore_lumen,-24.56,1.19,5.37,0.222,1.0,9,9,2.7,0,7.911,0,I34:D,20.4,0.0,A:THR244*; B:SER240*; B:THR244*; B:LEU247*; C:SER240*; C:THR244*; C:LEU247*; D:THR244*; E:THR244*,L270; S263; T267,0,True,False,75287c3a70cb06ef631c3f581fbde08d05a61b004ac1f430af9991405840d808,True,receipt rc0+ok+cached=False+hash match,hb_oglu/out/hboglu_HB_2R3R_OGLU__net0_zwitterion__midpore_8V82_s20240601.pdbqt,hboglu_HB_2R3R_OGLU__net0_zwitterion__midpore_8V82_s20240601.pdbqt
supplement,HB_2R3R_OGLU,net0_zwitterion,midpore,8V82,20240602,1,-8.276,20,20,search_space_gt_27000,pore_lumen,away_from_I34_site,pore_lumen,-29.69,0.91,4.22,0.215,0.895,17,19,2.7,0,3.175,0,I34:A,24.24,0.0,A:GLY236; A:GLU237*; A:SER240*; A:ILE243*; A:THR244*; B:SER240*; B:THR244*; C:GLU237*; C:SER240*; D:GLY236; D:GLU237*; D:SER240*; D:ILE243*; D:THR244*; E:GLU237*; E:SER240*; E:LEU241*; E:ILE243*; E:THR244*,E260; G259; I266; L264; S263; T267,0,True,False,35544e7e22c2ac66126a546fbc29ac019b9ffcd4034f6233210dec7d1777f3a4,True,receipt rc0+ok+cached=False+hash match,hb_oglu/out/hboglu_HB_2R3R_OGLU__net0_zwitterion__midpore_8V82_s20240602.pdbqt,hboglu_HB_2R3R_OGLU__net0_zwitterion__midpore_8V82_s20240602.pdbqt
supplement,HB_2R3R_OGLU,net0_zwitterion,midpore,8V82,20240603,1,-7.342,20,20,search_space_gt_27000,pore_lumen,away_from_I34_site,pore_lumen,-24.6,1.16,5.37,0.215,1.0,9,9,2.7,0,7.878,0,I34:B,20.45,0.0,A:SER240*; A:THR244*; A:LEU247*; B:THR244*; C:THR244*; D:THR244*; E:SER240*; E:THR244*; E:LEU247*,L270; S263; T267,0,True,False,555dd083fd8efb98be132495de8dc404a281a7339fd68622c6159097470d6180,True,receipt rc0+ok+cached=False+hash match,hb_oglu/out/hboglu_HB_2R3R_OGLU__net0_zwitterion__midpore_8V82_s20240603.pdbqt,hboglu_HB_2R3R_OGLU__net0_zwitterion__midpore_8V82_s20240603.pdbqt
supplement,HB_2R3R_OGLU,net0_zwitterion,midpore,8V8A,20240601,1,-7.645,20,20,search_space_gt_27000,pore_lumen,away_from_I34_site,pore_lumen,-24.76,0.99,5.08,0.195,1.0,9,9,2.74,0,7.966,0,I34:E,20.45,0.0,A:THR244*; B:THR244*; C:SER240*; C:THR244*; C:LEU247*; D:SER240*; D:THR244*; D:LEU247*; E:THR244*,L270; S263; T267,0,True,False,bad460907d10d26f20c1e1dd1294918a1fa78f2e12957de20a836125d18b9a15,True,receipt rc0+ok+cached=False+hash match,hb_oglu/out/hboglu_HB_2R3R_OGLU__net0_zwitterion__midpore_8V8A_s20240601.pdbqt,hboglu_HB_2R3R_OGLU__net0_zwitterion__midpore_8V8A_s20240601.pdbqt
supplement,HB_2R3R_OGLU,net0_zwitterion,midpore,8V8A,20240602,1,-7.637,20,20,search_space_gt_27000,pore_lumen,away_from_I34_site,pore_lumen,-24.74,0.98,5.08,0.194,1.0,9,9,2.73,0,7.984,0,I34:D,20.44,0.0,A:THR244*; B:SER240*; B:THR244*; B:LEU247*; C:SER240*; C:THR244*; C:LEU247*; D:THR244*; E:THR244*,L270; S263; T267,0,True,False,3d1c04aa4434a6cd50a97ad6c587e08c28902a20951d319a527740eedb0ed850,True,receipt rc0+ok+cached=False+hash match,hb_oglu/out/hboglu_HB_2R3R_OGLU__net0_zwitterion__midpore_8V8A_s20240602.pdbqt,hboglu_HB_2R3R_OGLU__net0_zwitterion__midpore_8V8A_s20240602.pdbqt
supplement,HB_2R3R_OGLU,net0_zwitterion,midpore,8V8A,20240603,1,-7.645,20,20,search_space_gt_27000,pore_lumen,away_from_I34_site,pore_lumen,-24.77,1.02,5.08,0.2,1.0,9,9,2.71,0,7.992,0,I34:A,20.45,0.0,A:THR244*; B:THR244*; C:THR244*; D:SER240*; D:THR244*; D:LEU247*; E:SER240*; E:THR244*; E:LEU247*,L270; S263; T267,0,True,False,f911bc7d43738bb3480a3da6816fa157d63913dfd61648e52e195ccae0aeee3d,True,receipt rc0+ok+cached=False+hash match,hb_oglu/out/hboglu_HB_2R3R_OGLU__net0_zwitterion__midpore_8V8A_s20240603.pdbqt,hboglu_HB_2R3R_OGLU__net0_zwitterion__midpore_8V8A_s20240603.pdbqt
supplement,HB_2R3R_OGLU,net0_zwitterion,ortho,8V82,20240601,1,3.491,7,20,,off_site,adjacent_to_EPJ_site,other_interface,37.62,30.1,10.01,3.007,0.0,0,13,1.98,1,-0.162,4,EPJ:A,8.8,0.455,A:CYS189; A:CYS190; A:LYS191; A:GLU192; A:TYR194; B:LYS75; B:THR76; B:ARG78; B:LEU108; B:VAL109; B:ASN110; B:HIS114; B:GLN116,C212; C213; E215; H137; K214; K98; L131; N133; Q139; R101; T99; V132; Y217,0,True,False,82479ded43d62da2fbe2c9fa853c7a0ff4ff8c2b33062c28e81df6cc191f1772,True,receipt rc0+ok+cached=False+hash match,hb_oglu/out/hboglu_HB_2R3R_OGLU__net0_zwitterion__ortho_8V82_s20240601.pdbqt,hboglu_HB_2R3R_OGLU__net0_zwitterion__ortho_8V82_s20240601.pdbqt
supplement,HB_2R3R_OGLU,net0_zwitterion,ortho,8V82,20240602,1,6.184,5,20,,off_site,in_EPJ_site,EPJ_pocket,29.86,25.86,11.68,2.213,0.0,0,15,2.12,1,2.244,0,EPJ:A,1.77,0.818,A:TYR92; A:SER147; A:TRP148; A:SER149; A:TYR187; A:GLU188; A:CYS189; A:CYS190; A:TYR194; B:SER35; B:TRP54; B:GLN56; B:GLN116; B:LEU118; B:ASP163,C212; C213; D186; E211; L141; Q139; Q79; S170; S172; S58; W171; W77; Y115; Y210; Y217,0,True,False,ecdb289393d624c4b6e502a5a121d040338959ee93eb5460f149d272669a1cb2,True,receipt rc0+ok+cached=False+hash match,hb_oglu/out/hboglu_HB_2R3R_OGLU__net0_zwitterion__ortho_8V82_s20240602.pdbqt,hboglu_HB_2R3R_OGLU__net0_zwitterion__ortho_8V82_s20240602.pdbqt
supplement,HB_2R3R_OGLU,net0_zwitterion,ortho,8V82,20240603,1,3.329,6,19,,off_site,adjacent_to_EPJ_site,other_interface,37.49,29.99,10.01,2.995,0.0,0,14,1.97,1,-0.162,4,EPJ:A,8.71,0.455,A:CYS189; A:CYS190; A:LYS191; A:GLU192; A:TYR194; B:LYS75; B:THR76; B:ARG78; B:LEU108; B:VAL109; B:ASN110; B:HIS114; B:CYS115; B:GLN116,C138; C212; C213; E215; H137; K214; K98; L131; N133; Q139; R101; T99; V132; Y217,0,True,False,d04629fbb0a146be7d237349b6ad0efd561f3a27b28cb2dbf53bd54ce6653103,True,receipt rc0+ok+cached=False+hash match,hb_oglu/out/hboglu_HB_2R3R_OGLU__net0_zwitterion__ortho_8V82_s20240603.pdbqt,hboglu_HB_2R3R_OGLU__net0_zwitterion__ortho_8V82_s20240603.pdbqt
supplement,HB_2R3R_OGLU,net0_zwitterion,ortho,8V8A,20240601,1,2.478,6,20,,off_site,adjacent_to_EPJ_site,other_interface,38.68,30.45,10.2,2.986,0.0,0,10,2.49,0,-0.165,4,EPJ:A,9.69,0.333,A:TRP153; A:CYS190; A:LYS191; A:GLU192; A:TYR194; B:THR76; B:LEU108; B:ASN110; B:HIS114; B:GLN116,C213; E215; H137; K214; L131; N133; Q139; T99; W176; Y217,0,True,False,76de2d6d054f133e6d89fd2754326dfcbe132349aeadba4aaac719cc530be32e,True,receipt rc0+ok+cached=False+hash match,hb_oglu/out/hboglu_HB_2R3R_OGLU__net0_zwitterion__ortho_8V8A_s20240601.pdbqt,hboglu_HB_2R3R_OGLU__net0_zwitterion__ortho_8V8A_s20240601.pdbqt
supplement,HB_2R3R_OGLU,net0_zwitterion,ortho,8V8A,20240602,1,2.427,2,20,,off_site,adjacent_to_EPJ_site,other_interface,38.45,30.17,10.2,2.958,0.0,0,11,2.24,0,-0.163,2,EPJ:A,9.35,0.333,A:TRP153; A:CYS190; A:LYS191; A:GLU192; A:TYR194; B:THR76; B:LEU108; B:VAL109; B:ASN110; B:HIS114; B:GLN116,C213; E215; H137; K214; L131; N133; Q139; T99; V132; W176; Y217,0,True,False,3b9d4577b120bf298dd9235e2c984cf60c069b34e42ab5d0d57af7a1ffd1a8f1,True,receipt rc0+ok+cached=False+hash match,hb_oglu/out/hboglu_HB_2R3R_OGLU__net0_zwitterion__ortho_8V8A_s20240602.pdbqt,hboglu_HB_2R3R_OGLU__net0_zwitterion__ortho_8V8A_s20240602.pdbqt
supplement,HB_2R3R_OGLU,net0_zwitterion,ortho,8V8A,20240603,1,3.654,5,20,,off_site,adjacent_to_EPJ_site,other_interface,38.99,30.46,10.2,2.987,0.0,0,12,2.36,0,-0.165,3,EPJ:A,9.76,0.333,A:TRP153; A:CYS190; A:LYS191; A:GLU192; A:TYR194; B:LYS75; B:THR76; B:ARG78; B:LEU108; B:ASN110; B:HIS114; B:GLN116,C213; E215; H137; K214; K98; L131; N133; Q139; R101; T99; W176; Y217,0,True,False,02df0c19b650725bdb5da472bd5caa54d4921b791862cc8ff470f3f4eeeeef66,True,receipt rc0+ok+cached=False+hash match,hb_oglu/out/hboglu_HB_2R3R_OGLU__net0_zwitterion__ortho_8V8A_s20240603.pdbqt,hboglu_HB_2R3R_OGLU__net0_zwitterion__ortho_8V8A_s20240603.pdbqt
supplement,HB_2R3R_OGLU,net0_zwitterion,outerpore,8V82,20240601,1,-5.755,20,20,,pore_lumen,adjacent_to_I34_site,pore_lumen,-15.69,3.6,7.69,0.468,1.0,8,8,2.9,0,-0.03,1,I34:A,14.2,0.143,A:SER248*; D:LEU247*; D:THR250*; E:LEU247*; E:SER248*; E:THR250*; E:VAL251*; E:LEU254*,L270; L277; S271; T273; V274,0,True,False,d218fa9e0e732beba9e447d79b9fe6679120deffc15f241cfa90fa11c393eed4,True,receipt rc0+ok+cached=False+hash match,hb_oglu/out/hboglu_HB_2R3R_OGLU__net0_zwitterion__outerpore_8V82_s20240601.pdbqt,hboglu_HB_2R3R_OGLU__net0_zwitterion__outerpore_8V82_s20240601.pdbqt
supplement,HB_2R3R_OGLU,net0_zwitterion,outerpore,8V82,20240602,1,-5.677,20,20,,pore_lumen,adjacent_to_I34_site,pore_lumen,-15.7,3.59,7.69,0.466,1.0,9,9,2.88,0,-0.03,1,I34:D,14.22,0.143,B:LEU247*; B:THR250*; B:LEU254*; C:LEU247*; C:SER248*; C:THR250*; C:VAL251*; C:LEU254*; D:SER248*,L270; L277; S271; T273; V274,0,True,False,53b35fa57798a519f8bddb772d94edbcf448ed606b21f6032bb866ab6cf7713b,True,receipt rc0+ok+cached=False+hash match,hb_oglu/out/hboglu_HB_2R3R_OGLU__net0_zwitterion__outerpore_8V82_s20240602.pdbqt,hboglu_HB_2R3R_OGLU__net0_zwitterion__outerpore_8V82_s20240602.pdbqt
supplement,HB_2R3R_OGLU,net0_zwitterion,outerpore,8V82,20240603,1,-5.649,20,20,,pore_lumen,adjacent_to_I34_site,pore_lumen,-15.24,3.21,8.46,0.38,1.0,11,11,3.23,0,-0.03,1,I34:E,13.88,0.214,A:VAL251*; C:LEU247*; C:LEU254*; D:LEU247*; D:SER248*; D:THR250*; D:VAL251*; D:LEU254*; E:SER248*; E:VAL251*; E:LEU254*,L270; L277; S271; T273; V274,0,True,False,b43d35d01ed881028982768114c70f85f79e9a48f0d80874aa2bf7309b261147,True,receipt rc0+ok+cached=False+hash match,hb_oglu/out/hboglu_HB_2R3R_OGLU__net0_zwitterion__outerpore_8V82_s20240603.pdbqt,hboglu_HB_2R3R_OGLU__net0_zwitterion__outerpore_8V82_s20240603.pdbqt
supplement,HB_2R3R_OGLU,net0_zwitterion,outerpore,8V8A,20240601,1,-5.874,19,20,,pore_lumen,adjacent_to_I34_site,pore_lumen,-15.5,3.43,8.25,0.415,1.0,9,9,2.76,0,-0.03,1,I34:D,14.15,0.154,B:LEU247*; B:THR250*; B:LEU254*; C:SER248*; C:THR250*; C:VAL251*; C:LEU254*; D:SER248*; D:VAL251*,L270; L277; S271; T273; V274,0,True,False,14383e75aad4d77583b740684f1fc5139a33a038c67b7fb918518f4c97e9ae8d,True,receipt rc0+ok+cached=False+hash match,hb_oglu/out/hboglu_HB_2R3R_OGLU__net0_zwitterion__outerpore_8V8A_s20240601.pdbqt,hboglu_HB_2R3R_OGLU__net0_zwitterion__outerpore_8V8A_s20240601.pdbqt
supplement,HB_2R3R_OGLU,net0_zwitterion,outerpore,8V8A,20240602,1,-5.915,20,20,,pore_lumen,adjacent_to_I34_site,pore_lumen,-13.46,3.28,7.68,0.428,1.0,11,11,2.9,0,1.638,0,I34:E,13.33,0.154,C:LEU254*; D:THR250*; D:VAL251*; D:LEU254*; E:LEU247*; E:SER248*; E:THR250*; E:VAL251*; E:LEU254*; E:LEU255*; E:GLU258*,E281; L270; L277; L278; S271; T273; V274,0,True,False,e0c7e9d65187b59f0cdbc579a29bb109a6fef7629d7e3217e089bdb294c137ff,True,receipt rc0+ok+cached=False+hash match,hb_oglu/out/hboglu_HB_2R3R_OGLU__net0_zwitterion__outerpore_8V8A_s20240602.pdbqt,hboglu_HB_2R3R_OGLU__net0_zwitterion__outerpore_8V8A_s20240602.pdbqt
supplement,HB_2R3R_OGLU,net0_zwitterion,outerpore,8V8A,20240603,1,-5.946,20,20,,pore_lumen,adjacent_to_I34_site,pore_lumen,-13.45,3.29,7.68,0.429,1.0,11,11,2.86,0,1.653,0,I34:D,13.32,0.154,B:LEU254*; C:THR250*; C:VAL251*; C:LEU254*; D:LEU247*; D:SER248*; D:THR250*; D:VAL251*; D:LEU254*; D:LEU255*; D:GLU258*,E281; L270; L277; L278; S271; T273; V274,0,True,False,6cd23826222e792db42c0d90019e6bdc92c9e2ec0f38a726ade4108c2e516496,True,receipt rc0+ok+cached=False+hash match,hb_oglu/out/hboglu_HB_2R3R_OGLU__net0_zwitterion__outerpore_8V8A_s20240603.pdbqt,hboglu_HB_2R3R_OGLU__net0_zwitterion__outerpore_8V8A_s20240603.pdbqt
supplement,HB_2R3R_OGLU,netminus1_anion,lateral_I34,8V82,20240601,1,-5.52,20,20,,lateral_interface,in_I34_site,I34_pocket,-13.72,22.09,7.41,2.98,0.1,1,10,2.85,0,2.58,0,I34:A,6.26,0.429,A:LEU212; A:ASN213; A:ILE216; A:PRO217; A:LEU220; E:MET253*; E:GLN272; E:ALA275; E:MET278; E:ILE279,A298; I239; I302; L235; L243; M276; M301; N236; P240; Q295,0,True,False,b92070ca40cb49706b90a46a41e63aeef57994fd37a8c03dc23551b876591d05,True,receipt rc0+ok+cached=False+hash match,hb_oglu/out/hboglu_HB_2R3R_OGLU__netminus1_anion__lateral_I34_8V82_s20240601.pdbqt,hboglu_HB_2R3R_OGLU__netminus1_anion__lateral_I34_8V82_s20240601.pdbqt
supplement,HB_2R3R_OGLU,netminus1_anion,lateral_I34,8V82,20240602,1,-5.599,20,20,,lateral_interface,in_I34_site,I34_pocket,-13.49,21.4,7.41,2.886,0.091,1,11,2.85,0,2.357,0,I34:A,5.53,0.571,A:LEU212; A:ASN213; A:ILE216; A:PRO217; A:LEU220; E:MET253*; E:VAL267; E:ALA271; E:ALA275; E:MET278; E:ILE279,A294; A298; I239; I302; L235; L243; M276; M301; N236; P240; V290,0,True,False,bdf7dd16320cb9eeaa324f33cce88eaf94406429ab05cd88f69648029be86139,True,receipt rc0+ok+cached=False+hash match,hb_oglu/out/hboglu_HB_2R3R_OGLU__netminus1_anion__lateral_I34_8V82_s20240602.pdbqt,hboglu_HB_2R3R_OGLU__netminus1_anion__lateral_I34_8V82_s20240602.pdbqt
supplement,HB_2R3R_OGLU,netminus1_anion,lateral_I34,8V82,20240603,1,-5.369,20,20,,lateral_interface,adjacent_to_I34_site,other_interface,-12.4,26.17,6.91,3.786,0.0,0,8,2.96,0,-0.171,1,I34:A,10.09,0.214,A:LEU208; A:LEU212; E:VAL267; E:GLN272; E:ALA275; E:SER276; E:ILE279; E:ILE463,A298; I302; I486; L231; L235; Q295; S299; V290,0,True,False,6fdfc2e33f715b7e2de4b806fad0da39b98e13000b1476457ffad52431a82caa,True,receipt rc0+ok+cached=False+hash match,hb_oglu/out/hboglu_HB_2R3R_OGLU__netminus1_anion__lateral_I34_8V82_s20240603.pdbqt,hboglu_HB_2R3R_OGLU__netminus1_anion__lateral_I34_8V82_s20240603.pdbqt
supplement,HB_2R3R_OGLU,netminus1_anion,lateral_I34,8V8A,20240601,1,-5.853,20,20,,lateral_interface,adjacent_to_I34_site,other_interface,-12.57,25.83,6.83,3.783,0.0,0,7,2.82,0,0.416,0,I34:A,9.96,0.231,A:LEU208; A:LEU212; E:VAL267; E:GLN272; E:ALA275; E:SER276; E:ILE463,A298; I486; L231; L235; Q295; S299; V290,0,True,False,465b82f40c7c68cf9fc4491bfb4c318390269adf3372eb8d0d5a68a9ac98db34,True,receipt rc0+ok+cached=False+hash match,hb_oglu/out/hboglu_HB_2R3R_OGLU__netminus1_anion__lateral_I34_8V8A_s20240601.pdbqt,hboglu_HB_2R3R_OGLU__netminus1_anion__lateral_I34_8V8A_s20240601.pdbqt
supplement,HB_2R3R_OGLU,netminus1_anion,lateral_I34,8V8A,20240602,1,-5.852,20,20,,lateral_interface,adjacent_to_I34_site,other_interface,-12.6,25.79,6.83,3.777,0.0,0,8,2.83,0,0.5,0,I34:A,9.93,0.231,A:LEU208; A:LEU212; A:ILE216; E:VAL267; E:GLN272; E:ALA275; E:SER276; E:ILE463,A298; I239; I486; L231; L235; Q295; S299; V290,0,True,False,41444e94a6932804c8e9f07e15eeb75223bde2dd8daa044f6316956a2d31085b,True,receipt rc0+ok+cached=False+hash match,hb_oglu/out/hboglu_HB_2R3R_OGLU__netminus1_anion__lateral_I34_8V8A_s20240602.pdbqt,hboglu_HB_2R3R_OGLU__netminus1_anion__lateral_I34_8V8A_s20240602.pdbqt
supplement,HB_2R3R_OGLU,netminus1_anion,lateral_I34,8V8A,20240603,1,-5.847,20,20,,lateral_interface,adjacent_to_I34_site,other_interface,-12.58,25.83,6.83,3.784,0.0,0,7,2.81,0,0.385,0,I34:A,9.97,0.231,A:LEU208; A:LEU212; E:VAL267; E:GLN272; E:ALA275; E:SER276; E:ILE463,A298; I486; L231; L235; Q295; S299; V290,0,True,False,3385118450cde375ce2f011f8ac1b611c473f76d647ed4895379a18d2a35b9a1,True,receipt rc0+ok+cached=False+hash match,hb_oglu/out/hboglu_HB_2R3R_OGLU__netminus1_anion__lateral_I34_8V8A_s20240603.pdbqt,hboglu_HB_2R3R_OGLU__netminus1_anion__lateral_I34_8V8A_s20240603.pdbqt
supplement,HB_2R3R_OGLU,netminus1_anion,midpore,8V82,20240601,1,-7.542,20,20,search_space_gt_27000,pore_lumen,away_from_I34_site,pore_lumen,-25.2,1.07,5.37,0.199,1.0,10,10,2.71,0,6.662,0,I34:B,20.97,0.0,A:SER240*; A:ILE243*; A:THR244*; B:SER240*; B:ILE243*; B:THR244*; C:SER240*; C:THR244*; D:THR244*; E:THR244*,I266; S263; T267,0,True,False,69514696c9aaadc98581231b52a911fd1cdc9956fe3046ad4b0075c7ea5d7dd7,True,receipt rc0+ok+cached=False+hash match,hb_oglu/out/hboglu_HB_2R3R_OGLU__netminus1_anion__midpore_8V82_s20240601.pdbqt,hboglu_HB_2R3R_OGLU__netminus1_anion__midpore_8V82_s20240601.pdbqt
supplement,HB_2R3R_OGLU,netminus1_anion,midpore,8V82,20240602,1,-7.642,20,20,search_space_gt_27000,pore_lumen,away_from_I34_site,pore_lumen,-25.22,1.04,5.37,0.193,1.0,10,10,2.71,0,6.684,0,I34:C,21.01,0.0,A:THR244*; B:SER240*; B:ILE243*; B:THR244*; C:SER240*; C:ILE243*; C:THR244*; D:SER240*; D:THR244*; E:THR244*,I266; S263; T267,0,True,False,8bbfe8d11e396391d75229d9036e4babf1d62d94a607d5a1f48a65410c67ad11,True,receipt rc0+ok+cached=False+hash match,hb_oglu/out/hboglu_HB_2R3R_OGLU__netminus1_anion__midpore_8V82_s20240602.pdbqt,hboglu_HB_2R3R_OGLU__netminus1_anion__midpore_8V82_s20240602.pdbqt
supplement,HB_2R3R_OGLU,netminus1_anion,midpore,8V82,20240603,1,-7.571,20,20,search_space_gt_27000,pore_lumen,away_from_I34_site,pore_lumen,-25.19,1.04,5.37,0.193,1.0,10,10,2.71,0,6.649,0,I34:A,20.89,0.0,A:SER240*; A:THR244*; B:SER240*; B:THR244*; C:THR244*; D:THR244*; E:SER240*; E:ILE243*; E:THR244*; E:LEU247*,I266; L270; S263; T267,0,True,False,17c1d18e72749c3562ee2e208dae76421df9cceebbc9cd80c5c6246d6d9efcf2,True,receipt rc0+ok+cached=False+hash match,hb_oglu/out/hboglu_HB_2R3R_OGLU__netminus1_anion__midpore_8V82_s20240603.pdbqt,hboglu_HB_2R3R_OGLU__netminus1_anion__midpore_8V82_s20240603.pdbqt
supplement,HB_2R3R_OGLU,netminus1_anion,midpore,8V8A,20240601,1,-7.492,20,20,search_space_gt_27000,pore_lumen,away_from_I34_site,pore_lumen,-25.27,1.0,5.08,0.197,1.0,11,11,2.78,0,6.842,0,I34:A,20.83,0.0,A:SER240*; A:ILE243*; A:THR244*; B:SER240*; B:THR244*; C:THR244*; D:THR244*; E:SER240*; E:ILE243*; E:THR244*; E:LEU247*,I266; L270; S263; T267,0,True,False,d19faa975fce626e78d5c3018b3828710a453ebb05ae67428506a60d87f6cf36,True,receipt rc0+ok+cached=False+hash match,hb_oglu/out/hboglu_HB_2R3R_OGLU__netminus1_anion__midpore_8V8A_s20240601.pdbqt,hboglu_HB_2R3R_OGLU__netminus1_anion__midpore_8V8A_s20240601.pdbqt
supplement,HB_2R3R_OGLU,netminus1_anion,midpore,8V8A,20240602,1,-7.507,20,20,search_space_gt_27000,pore_lumen,away_from_I34_site,pore_lumen,-25.31,0.97,5.08,0.19,1.0,11,11,2.81,0,6.818,0,I34:D,20.89,0.0,A:THR244*; B:THR244*; C:SER240*; C:ILE243*; C:THR244*; C:LEU247*; D:SER240*; D:ILE243*; D:THR244*; E:SER240*; E:THR244*,I266; L270; S263; T267,0,True,False,af8f966f91f6759125903d99e0bd6f0e11f4fc41eac7c1aab7975f660984e087,True,receipt rc0+ok+cached=False+hash match,hb_oglu/out/hboglu_HB_2R3R_OGLU__netminus1_anion__midpore_8V8A_s20240602.pdbqt,hboglu_HB_2R3R_OGLU__netminus1_anion__midpore_8V8A_s20240602.pdbqt
supplement,HB_2R3R_OGLU,netminus1_anion,midpore,8V8A,20240603,1,-7.536,20,20,search_space_gt_27000,pore_lumen,away_from_I34_site,pore_lumen,-25.32,0.95,5.08,0.187,1.0,11,11,2.8,0,6.785,0,I34:D,20.93,0.0,A:THR244*; B:THR244*; C:SER240*; C:ILE243*; C:THR244*; C:LEU247*; D:SER240*; D:ILE243*; D:THR244*; E:SER240*; E:THR244*,I266; L270; S263; T267,0,True,False,d638761bbba25e3222e60331815fbab1d6a64a6c62d16b2ba8decfa33b53fabf,True,receipt rc0+ok+cached=False+hash match,hb_oglu/out/hboglu_HB_2R3R_OGLU__netminus1_anion__midpore_8V8A_s20240603.pdbqt,hboglu_HB_2R3R_OGLU__netminus1_anion__midpore_8V8A_s20240603.pdbqt
supplement,HB_2R3R_OGLU,netminus1_anion,ortho,8V82,20240601,1,1.349,1,20,,off_site,in_EPJ_site,EPJ_pocket,30.9,24.42,11.72,2.083,0.0,0,18,2.49,0,3.927,0,EPJ:A,1.01,1.0,A:TYR92; A:SER147; A:TRP148; A:SER149; A:TYR187; A:CYS189; A:CYS190; A:TYR194; B:TRP54; B:GLN56; B:THR105; B:ASN106; B:LEU108; B:GLN116; B:TYR117; B:LEU118; B:PRO119; B:ASP163,C212; C213; D186; L131; L141; N129; P142; Q139; Q79; S170; S172; T128; W171; W77; Y115; Y140; Y210; Y217,0,True,False,b2aa57ef93a9c092f850ac913d946401bd3e3baceea592931f890c72ac13894d,True,receipt rc0+ok+cached=False+hash match,hb_oglu/out/hboglu_HB_2R3R_OGLU__netminus1_anion__ortho_8V82_s20240601.pdbqt,hboglu_HB_2R3R_OGLU__netminus1_anion__ortho_8V82_s20240601.pdbqt
supplement,HB_2R3R_OGLU,netminus1_anion,ortho,8V82,20240602,1,1.315,1,20,,off_site,in_EPJ_site,EPJ_pocket,30.89,24.43,11.72,2.084,0.0,0,18,2.48,0,3.933,0,EPJ:A,1.01,1.0,A:TYR92; A:SER147; A:TRP148; A:SER149; A:TYR187; A:CYS189; A:CYS190; A:TYR194; B:TRP54; B:GLN56; B:THR105; B:ASN106; B:LEU108; B:GLN116; B:TYR117; B:LEU118; B:PRO119; B:ASP163,C212; C213; D186; L131; L141; N129; P142; Q139; Q79; S170; S172; T128; W171; W77; Y115; Y140; Y210; Y217,0,True,False,fef6c72eb00eb6565be5aa76eb9919e18934e9eeb34eab7692a45ef66c8ac435,True,receipt rc0+ok+cached=False+hash match,hb_oglu/out/hboglu_HB_2R3R_OGLU__netminus1_anion__ortho_8V82_s20240602.pdbqt,hboglu_HB_2R3R_OGLU__netminus1_anion__ortho_8V82_s20240602.pdbqt
supplement,HB_2R3R_OGLU,netminus1_anion,ortho,8V82,20240603,1,1.328,1,20,,off_site,in_EPJ_site,EPJ_pocket,30.89,24.46,11.72,2.087,0.0,0,16,2.51,0,3.904,0,EPJ:A,1.0,1.0,A:TYR92; A:TRP148; A:SER149; A:TYR187; A:CYS189; A:CYS190; A:TYR194; B:TRP54; B:GLN56; B:THR105; B:ASN106; B:LEU108; B:GLN116; B:TYR117; B:LEU118; B:ASP163,C212; C213; D186; L131; L141; N129; Q139; Q79; S172; T128; W171; W77; Y115; Y140; Y210; Y217,0,True,False,e939efefd2f068d5c81b7e73237105cf08a32fd1013441e8c08d18dea85e947d,True,receipt rc0+ok+cached=False+hash match,hb_oglu/out/hboglu_HB_2R3R_OGLU__netminus1_anion__ortho_8V82_s20240603.pdbqt,hboglu_HB_2R3R_OGLU__netminus1_anion__ortho_8V82_s20240603.pdbqt
supplement,HB_2R3R_OGLU,netminus1_anion,ortho,8V8A,20240601,1,0.044,5,20,,off_site,adjacent_to_EPJ_site,other_interface,39.19,30.37,10.2,2.978,0.0,0,13,1.87,1,-0.165,3,EPJ:A,10.01,0.333,A:TRP153; A:CYS190; A:LYS191; A:GLU192; A:TYR194; B:LYS75; B:THR76; B:LEU108; B:VAL109; B:ASN110; B:HIS114; B:CYS115; B:GLN116,C138; C213; E215; H137; K214; K98; L131; N133; Q139; T99; V132; W176; Y217,0,True,False,4503cbd5a74e8e3298275d8405b963ebc4c5609274814c6908815e93c285510d,True,receipt rc0+ok+cached=False+hash match,hb_oglu/out/hboglu_HB_2R3R_OGLU__netminus1_anion__ortho_8V8A_s20240601.pdbqt,hboglu_HB_2R3R_OGLU__netminus1_anion__ortho_8V8A_s20240601.pdbqt
supplement,HB_2R3R_OGLU,netminus1_anion,ortho,8V8A,20240602,1,0.58,3,20,,off_site,adjacent_to_EPJ_site,other_interface,38.63,30.12,10.2,2.954,0.0,0,10,2.56,0,-0.165,4,EPJ:A,9.65,0.333,A:TRP153; A:CYS190; A:GLU192; A:TYR194; B:THR76; B:LEU108; B:ASN110; B:HIS114; B:CYS115; B:GLN116,C138; C213; E215; H137; L131; N133; Q139; T99; W176; Y217,0,True,False,e7c9aba4d11b1cb0e6e7060d9e1071d05de8c73503f5b1909841b0c9408fc8a6,True,receipt rc0+ok+cached=False+hash match,hb_oglu/out/hboglu_HB_2R3R_OGLU__netminus1_anion__ortho_8V8A_s20240602.pdbqt,hboglu_HB_2R3R_OGLU__netminus1_anion__ortho_8V8A_s20240602.pdbqt
supplement,HB_2R3R_OGLU,netminus1_anion,ortho,8V8A,20240603,1,0.061,4,20,,off_site,adjacent_to_EPJ_site,other_interface,38.62,30.19,10.2,2.961,0.0,0,10,2.6,0,-0.165,4,EPJ:A,9.71,0.333,A:TRP153; A:CYS190; A:GLU192; A:TYR194; B:THR76; B:LEU108; B:ASN110; B:HIS114; B:CYS115; B:GLN116,C138; C213; E215; H137; L131; N133; Q139; T99; W176; Y217,0,True,False,24a5c3aa35060d2d27f8148313e66aa4f6050c551c20abc835a20511f560aa89,True,receipt rc0+ok+cached=False+hash match,hb_oglu/out/hboglu_HB_2R3R_OGLU__netminus1_anion__ortho_8V8A_s20240603.pdbqt,hboglu_HB_2R3R_OGLU__netminus1_anion__ortho_8V8A_s20240603.pdbqt
supplement,HB_2R3R_OGLU,netminus1_anion,outerpore,8V82,20240601,1,-6.236,19,20,,pore_lumen,adjacent_to_I34_site,pore_lumen,-15.44,3.76,8.46,0.444,1.0,10,10,2.78,0,-0.03,1,I34:B,13.77,0.214,A:LEU247*; A:SER248*; A:THR250*; A:VAL251*; A:LEU254*; B:SER248*; B:VAL251*; E:LEU247*; E:THR250*; E:LEU254*,L270; L277; S271; T273; V274,0,True,False,61c5915e7b6cc3749a7d39fbf326d47f39da210174273d24d215e5dc34f692ae,True,receipt rc0+ok+cached=False+hash match,hb_oglu/out/hboglu_HB_2R3R_OGLU__netminus1_anion__outerpore_8V82_s20240601.pdbqt,hboglu_HB_2R3R_OGLU__netminus1_anion__outerpore_8V82_s20240601.pdbqt
supplement,HB_2R3R_OGLU,netminus1_anion,outerpore,8V82,20240602,1,-6.243,20,20,,pore_lumen,adjacent_to_I34_site,pore_lumen,-15.43,3.7,8.46,0.438,1.0,11,11,2.91,0,-0.03,1,I34:C,13.83,0.214,A:LEU247*; A:THR250*; A:VAL251*; A:LEU254*; B:LEU247*; B:SER248*; B:THR250*; B:VAL251*; B:LEU254*; C:SER248*; C:VAL251*,L270; L277; S271; T273; V274,0,True,False,4b26c329ff3b9f5c70233c95e0abe12b20a2cfe723b23dc113539551e0d0cf34,True,receipt rc0+ok+cached=False+hash match,hb_oglu/out/hboglu_HB_2R3R_OGLU__netminus1_anion__outerpore_8V82_s20240602.pdbqt,hboglu_HB_2R3R_OGLU__netminus1_anion__outerpore_8V82_s20240602.pdbqt
supplement,HB_2R3R_OGLU,netminus1_anion,outerpore,8V82,20240603,1,-6.25,20,20,,pore_lumen,adjacent_to_I34_site,pore_lumen,-15.41,3.75,8.46,0.444,1.0,11,11,2.9,0,-0.026,1,I34:A,13.78,0.214,A:SER248*; A:VAL251*; D:LEU247*; D:THR250*; D:VAL251*; D:LEU254*; E:LEU247*; E:SER248*; E:THR250*; E:VAL251*; E:LEU254*,L270; L277; S271; T273; V274,0,True,False,d5f9c61ed58c888b8ac95838edbff6f34e62f11829daa99fa122ea2b32c311b2,True,receipt rc0+ok+cached=False+hash match,hb_oglu/out/hboglu_HB_2R3R_OGLU__netminus1_anion__outerpore_8V82_s20240603.pdbqt,hboglu_HB_2R3R_OGLU__netminus1_anion__outerpore_8V82_s20240603.pdbqt
supplement,HB_2R3R_OGLU,netminus1_anion,outerpore,8V8A,20240601,1,-6.316,20,20,,pore_lumen,adjacent_to_I34_site,pore_lumen,-15.46,3.61,8.25,0.438,1.0,10,10,2.87,0,-0.029,1,I34:D,13.73,0.154,B:LEU247*; B:THR250*; B:LEU254*; C:LEU247*; C:SER248*; C:THR250*; C:VAL251*; C:LEU254*; D:SER248*; D:VAL251*,L270; L277; S271; T273; V274,0,True,False,2207d75680bb3400f96982997c1c2198d2d06bd56409fbe4e35d26f373481f9c,True,receipt rc0+ok+cached=False+hash match,hb_oglu/out/hboglu_HB_2R3R_OGLU__netminus1_anion__outerpore_8V8A_s20240601.pdbqt,hboglu_HB_2R3R_OGLU__netminus1_anion__outerpore_8V8A_s20240601.pdbqt
supplement,HB_2R3R_OGLU,netminus1_anion,outerpore,8V8A,20240602,1,-6.371,19,20,,pore_lumen,adjacent_to_I34_site,pore_lumen,-15.45,3.66,8.25,0.444,1.0,10,10,2.78,0,-0.03,1,I34:C,13.68,0.154,A:LEU247*; A:THR250*; A:LEU254*; B:LEU247*; B:SER248*; B:THR250*; B:VAL251*; B:LEU254*; C:SER248*; C:VAL251*,L270; L277; S271; T273; V274,0,True,False,d2984191ec29aad9f3968dc77064df29cf33d22b59fda2dbbb39dd29111ff17f,True,receipt rc0+ok+cached=False+hash match,hb_oglu/out/hboglu_HB_2R3R_OGLU__netminus1_anion__outerpore_8V8A_s20240602.pdbqt,hboglu_HB_2R3R_OGLU__netminus1_anion__outerpore_8V8A_s20240602.pdbqt
supplement,HB_2R3R_OGLU,netminus1_anion,outerpore,8V8A,20240603,1,-6.308,20,20,,pore_lumen,adjacent_to_I34_site,pore_lumen,-15.49,3.59,8.25,0.436,1.0,10,10,2.83,0,-0.03,1,I34:D,13.77,0.154,B:LEU247*; B:THR250*; B:LEU254*; C:LEU247*; C:SER248*; C:THR250*; C:VAL251*; C:LEU254*; D:SER248*; D:VAL251*,L270; L277; S271; T273; V274,0,True,False,fa8c27eb029b36efb9499db53d231d6ef0651ac8460d32a66c44fd41cb7e2d87,True,receipt rc0+ok+cached=False+hash match,hb_oglu/out/hboglu_HB_2R3R_OGLU__netminus1_anion__outerpore_8V8A_s20240603.pdbqt,hboglu_HB_2R3R_OGLU__netminus1_anion__outerpore_8V8A_s20240603.pdbqt
supplement,HB_2S3S_OGLU,net0_zwitterion,lateral_I34,8V82,20240601,1,-5.224,20,20,,lateral_interface,adjacent_to_I34_site,other_interface,-13.14,25.28,7.41,3.411,0.0,0,6,2.79,0,1.203,0,I34:A,9.25,0.214,A:LEU212; E:VAL267; E:GLN272; E:ALA275; E:SER276; E:ILE279,A298; I302; L235; Q295; S299; V290,0,True,False,e2dce6b06e25986058c83c85874f5c5a043db50595e93fc98b55080e72da6916,True,receipt rc0+ok+cached=False+hash match,hb_oglu/out/hboglu_HB_2S3S_OGLU__net0_zwitterion__lateral_I34_8V82_s20240601.pdbqt,hboglu_HB_2S3S_OGLU__net0_zwitterion__lateral_I34_8V82_s20240601.pdbqt
supplement,HB_2S3S_OGLU,net0_zwitterion,lateral_I34,8V82,20240602,1,-5.204,20,20,,lateral_interface,adjacent_to_I34_site,other_interface,-13.13,25.35,7.41,3.42,0.143,1,7,2.82,0,1.128,0,I34:A,9.31,0.286,A:LEU212; E:MET253*; E:VAL267; E:GLN272; E:ALA275; E:SER276; E:ILE279,A298; I302; L235; M276; Q295; S299; V290,0,True,False,622d30554dc26d85d195eb474452156623fbce16f8a8240826a8e9d8bcfec880,True,receipt rc0+ok+cached=False+hash match,hb_oglu/out/hboglu_HB_2S3S_OGLU__net0_zwitterion__lateral_I34_8V82_s20240602.pdbqt,hboglu_HB_2S3S_OGLU__net0_zwitterion__lateral_I34_8V82_s20240602.pdbqt
supplement,HB_2S3S_OGLU,net0_zwitterion,lateral_I34,8V82,20240603,1,-5.208,20,20,,lateral_interface,adjacent_to_I34_site,other_interface,-13.1,25.27,7.41,3.409,0.143,1,7,2.78,0,1.207,0,I34:A,9.23,0.286,A:LEU212; E:MET253*; E:VAL267; E:GLN272; E:ALA275; E:SER276; E:ILE279,A298; I302; L235; M276; Q295; S299; V290,0,True,False,a1e53b97857256f55f70e57b70d3b1f44b53c475bdf111ffe8fd8abf16f92bdc,True,receipt rc0+ok+cached=False+hash match,hb_oglu/out/hboglu_HB_2S3S_OGLU__net0_zwitterion__lateral_I34_8V82_s20240603.pdbqt,hboglu_HB_2S3S_OGLU__net0_zwitterion__lateral_I34_8V82_s20240603.pdbqt
supplement,HB_2S3S_OGLU,net0_zwitterion,lateral_I34,8V8A,20240601,1,-5.386,20,20,,lateral_interface,in_I34_site,I34_pocket,-12.85,25.51,6.83,3.736,0.0,0,7,2.78,0,0.625,0,I34:A,9.62,0.308,A:LEU212; E:VAL267; E:ALA271; E:GLN272; E:ALA275; E:SER276; E:ILE279,A294; A298; I302; L235; Q295; S299; V290,0,True,False,f1d23418c31f396a401677d7dfaec009d766e5b1fa5231e6871540160ed30cae,True,receipt rc0+ok+cached=False+hash match,hb_oglu/out/hboglu_HB_2S3S_OGLU__net0_zwitterion__lateral_I34_8V8A_s20240601.pdbqt,hboglu_HB_2S3S_OGLU__net0_zwitterion__lateral_I34_8V8A_s20240601.pdbqt
supplement,HB_2S3S_OGLU,net0_zwitterion,lateral_I34,8V8A,20240602,1,-5.4,20,20,,lateral_interface,in_I34_site,I34_pocket,-12.84,25.51,6.83,3.737,0.0,0,7,2.81,0,0.614,0,I34:A,9.62,0.308,A:LEU212; E:VAL267; E:ALA271; E:GLN272; E:ALA275; E:SER276; E:ILE279,A294; A298; I302; L235; Q295; S299; V290,0,True,False,d8364638f2d66de6cb97b83cf5174be78e7871f8a1fcb632a2f5794ee532c590,True,receipt rc0+ok+cached=False+hash match,hb_oglu/out/hboglu_HB_2S3S_OGLU__net0_zwitterion__lateral_I34_8V8A_s20240602.pdbqt,hboglu_HB_2S3S_OGLU__net0_zwitterion__lateral_I34_8V8A_s20240602.pdbqt
supplement,HB_2S3S_OGLU,net0_zwitterion,lateral_I34,8V8A,20240603,1,-5.37,20,20,,lateral_interface,in_I34_site,I34_pocket,-12.85,25.52,6.83,3.737,0.0,0,7,2.73,0,0.598,0,I34:A,9.63,0.308,A:LEU212; E:VAL267; E:ALA271; E:GLN272; E:ALA275; E:SER276; E:ILE279,A294; A298; I302; L235; Q295; S299; V290,0,True,False,1985458101ffeb88fe90c45ece3e2c885d84f0f24d58fa4f6a7ccfa2ebc226b8,True,receipt rc0+ok+cached=False+hash match,hb_oglu/out/hboglu_HB_2S3S_OGLU__net0_zwitterion__lateral_I34_8V8A_s20240603.pdbqt,hboglu_HB_2S3S_OGLU__net0_zwitterion__lateral_I34_8V8A_s20240603.pdbqt
supplement,HB_2S3S_OGLU,net0_zwitterion,midpore,8V82,20240601,1,-6.899,20,20,search_space_gt_27000,pore_lumen,away_from_I34_site,pore_lumen,-23.92,0.98,5.64,0.174,1.0,8,8,2.87,0,8.138,0,I34:E,20.07,0.0,A:THR244*; B:THR244*; C:THR244*; C:LEU247*; D:THR244*; D:SER248*; E:SER240*; E:THR244*,L270; S263; S271; T267,0,True,False,fc617288fe50e628f268e44dee779eb7e6268862859b96fed2e5cf16c74847ec,True,receipt rc0+ok+cached=False+hash match,hb_oglu/out/hboglu_HB_2S3S_OGLU__net0_zwitterion__midpore_8V82_s20240601.pdbqt,hboglu_HB_2S3S_OGLU__net0_zwitterion__midpore_8V82_s20240601.pdbqt
supplement,HB_2S3S_OGLU,net0_zwitterion,midpore,8V82,20240602,1,-6.82,20,20,search_space_gt_27000,pore_lumen,away_from_I34_site,pore_lumen,-23.93,0.57,5.64,0.102,1.0,7,7,2.89,0,7.985,0,I34:C,20.43,0.0,A:THR244*; B:THR244*; B:LEU247*; C:THR244*; C:SER248*; D:THR244*; E:THR244*,L270; S271; T267,0,True,False,14a799a53d53b4afe5eeb661fffac65e7b27429942ab43bfabe09f877ed9450c,True,receipt rc0+ok+cached=False+hash match,hb_oglu/out/hboglu_HB_2S3S_OGLU__net0_zwitterion__midpore_8V82_s20240602.pdbqt,hboglu_HB_2S3S_OGLU__net0_zwitterion__midpore_8V82_s20240602.pdbqt
supplement,HB_2S3S_OGLU,net0_zwitterion,midpore,8V82,20240603,1,-7.23,20,20,search_space_gt_27000,pore_lumen,away_from_I34_site,pore_lumen,-28.88,0.33,5.08,0.064,0.933,14,15,2.6,0,3.397,0,I34:E,23.99,0.0,A:GLY236; A:GLU237*; A:SER240*; B:SER240*; B:ILE243*; B:THR244*; C:SER240*; C:THR244*; D:ILE239*; D:SER240*; D:ILE243*; D:THR244*; E:SER240*; E:LEU241*; E:THR244*,E260; G259; I262; I266; L264; S263; T267,0,True,False,010f52c7e06be404de01abc4d1ee74cede85310288ec1a4faa5a5dc1569f7ec9,True,receipt rc0+ok+cached=False+hash match,hb_oglu/out/hboglu_HB_2S3S_OGLU__net0_zwitterion__midpore_8V82_s20240603.pdbqt,hboglu_HB_2S3S_OGLU__net0_zwitterion__midpore_8V82_s20240603.pdbqt
supplement,HB_2S3S_OGLU,net0_zwitterion,midpore,8V8A,20240601,1,-7.1,20,20,search_space_gt_27000,pore_lumen,away_from_I34_site,pore_lumen,-24.15,0.61,5.08,0.12,1.0,7,7,2.75,0,7.98,0,I34:E,20.31,0.0,A:THR244*; B:THR244*; C:THR244*; C:LEU247*; D:THR244*; D:SER248*; E:THR244*,L270; S271; T267,0,True,False,67c95a99b15affd7c32e22c27bebc798ea1b40dfabac51034eedaaa639a5b7e7,True,receipt rc0+ok+cached=False+hash match,hb_oglu/out/hboglu_HB_2S3S_OGLU__net0_zwitterion__midpore_8V8A_s20240601.pdbqt,hboglu_HB_2S3S_OGLU__net0_zwitterion__midpore_8V8A_s20240601.pdbqt
supplement,HB_2S3S_OGLU,net0_zwitterion,midpore,8V8A,20240602,1,-7.097,20,20,search_space_gt_27000,pore_lumen,away_from_I34_site,pore_lumen,-24.17,0.56,5.08,0.109,1.0,7,7,2.7,0,7.959,0,I34:B,20.37,0.0,A:THR244*; A:SER248*; B:THR244*; C:THR244*; D:THR244*; E:THR244*; E:LEU247*,L270; S271; T267,0,True,False,dd8c263a700838b77c0dcba227b09b21ba7e3c824cf7aeec0d58646a9d374f40,True,receipt rc0+ok+cached=False+hash match,hb_oglu/out/hboglu_HB_2S3S_OGLU__net0_zwitterion__midpore_8V8A_s20240602.pdbqt,hboglu_HB_2S3S_OGLU__net0_zwitterion__midpore_8V8A_s20240602.pdbqt
supplement,HB_2S3S_OGLU,net0_zwitterion,midpore,8V8A,20240603,1,-7.068,20,20,search_space_gt_27000,pore_lumen,away_from_I34_site,pore_lumen,-24.19,0.61,5.08,0.12,1.0,7,7,2.71,0,7.922,0,I34:B,20.41,0.0,A:THR244*; A:LEU247*; B:THR244*; B:SER248*; C:THR244*; D:THR244*; E:THR244*,L270; S271; T267,0,True,False,5d48f8515b4c033185c0b8ca04be31ba1b3a749c817c324427a0e0ddd2db945b,True,receipt rc0+ok+cached=False+hash match,hb_oglu/out/hboglu_HB_2S3S_OGLU__net0_zwitterion__midpore_8V8A_s20240603.pdbqt,hboglu_HB_2S3S_OGLU__net0_zwitterion__midpore_8V8A_s20240603.pdbqt
supplement,HB_2S3S_OGLU,net0_zwitterion,ortho,8V82,20240601,1,6.128,4,20,,off_site,adjacent_to_EPJ_site,other_interface,38.02,30.45,10.41,2.925,0.0,0,12,2.17,1,-0.162,6,EPJ:A,9.21,0.545,A:TRP153; A:CYS189; A:CYS190; A:LYS191; A:GLU192; A:TYR194; B:LYS75; B:THR76; B:LEU108; B:ASN110; B:GLN116; B:LEU118,C212; C213; E215; K214; K98; L131; L141; N133; Q139; T99; W176; Y217,0,True,False,4f224578394e2eccc08c1199ff905eb5aaff4feb36ed9131b37c6afb661cb791,True,receipt rc0+ok+cached=False+hash match,hb_oglu/out/hboglu_HB_2S3S_OGLU__net0_zwitterion__ortho_8V82_s20240601.pdbqt,hboglu_HB_2S3S_OGLU__net0_zwitterion__ortho_8V82_s20240601.pdbqt
supplement,HB_2S3S_OGLU,net0_zwitterion,ortho,8V82,20240602,1,0.418,2,20,,off_site,adjacent_to_EPJ_site,other_interface,38.45,30.54,10.41,2.934,0.0,0,13,2.1,1,-0.162,2,EPJ:A,9.5,0.455,A:TRP153; A:CYS189; A:CYS190; A:LYS191; A:GLU192; A:TYR194; B:LYS75; B:THR76; B:LEU108; B:VAL109; B:ASN110; B:HIS114; B:GLN116,C212; C213; E215; H137; K214; K98; L131; N133; Q139; T99; V132; W176; Y217,0,True,False,440af1b71db4d2daede0af7bc598014aa6a60f4424318c33846b461d9b1f5047,True,receipt rc0+ok+cached=False+hash match,hb_oglu/out/hboglu_HB_2S3S_OGLU__net0_zwitterion__ortho_8V82_s20240602.pdbqt,hboglu_HB_2S3S_OGLU__net0_zwitterion__ortho_8V82_s20240602.pdbqt
supplement,HB_2S3S_OGLU,net0_zwitterion,ortho,8V82,20240603,1,0.851,2,19,,off_site,adjacent_to_EPJ_site,other_interface,38.4,30.54,10.41,2.933,0.0,0,12,2.15,1,-0.162,3,EPJ:A,9.5,0.364,A:TRP153; A:CYS190; A:LYS191; A:GLU192; A:TYR194; B:THR76; B:ARG78; B:LEU108; B:VAL109; B:ASN110; B:HIS114; B:GLN116,C213; E215; H137; K214; L131; N133; Q139; R101; T99; V132; W176; Y217,0,True,False,b15bbcbc395d00837f2dbc973dbb3edbafb2da6d68210c3c0d7cf77c2c31cc8e,True,receipt rc0+ok+cached=False+hash match,hb_oglu/out/hboglu_HB_2S3S_OGLU__net0_zwitterion__ortho_8V82_s20240603.pdbqt,hboglu_HB_2S3S_OGLU__net0_zwitterion__ortho_8V82_s20240603.pdbqt
supplement,HB_2S3S_OGLU,net0_zwitterion,ortho,8V8A,20240601,1,1.85,7,20,,off_site,adjacent_to_EPJ_site,other_interface,38.87,30.42,10.2,2.983,0.0,0,11,2.45,0,-0.12,2,EPJ:A,9.59,0.333,A:TRP153; A:CYS190; A:LYS191; A:GLU192; A:TYR194; B:LYS75; B:THR76; B:LEU108; B:ASN110; B:HIS114; B:GLN116,C213; E215; H137; K214; K98; L131; N133; Q139; T99; W176; Y217,0,True,False,a6af2064350b32f980665bd938f823aa3869b80b4b347bd4a92498302f269eb9,True,receipt rc0+ok+cached=False+hash match,hb_oglu/out/hboglu_HB_2S3S_OGLU__net0_zwitterion__ortho_8V8A_s20240601.pdbqt,hboglu_HB_2S3S_OGLU__net0_zwitterion__ortho_8V8A_s20240601.pdbqt
supplement,HB_2S3S_OGLU,net0_zwitterion,ortho,8V8A,20240602,1,1.812,8,20,,off_site,adjacent_to_EPJ_site,other_interface,39.0,30.47,10.2,2.988,0.0,0,10,2.38,0,-0.165,4,EPJ:A,9.87,0.333,A:TRP153; A:CYS190; A:LYS191; A:GLU192; A:TYR194; B:LYS75; B:THR76; B:LEU108; B:ASN110; B:GLN116,C213; E215; K214; K98; L131; N133; Q139; T99; W176; Y217,0,True,False,5542e3edc36fd0c4f774b5b7d7b66c56f44cae67c3611eced9abf94c8cf51935,True,receipt rc0+ok+cached=False+hash match,hb_oglu/out/hboglu_HB_2S3S_OGLU__net0_zwitterion__ortho_8V8A_s20240602.pdbqt,hboglu_HB_2S3S_OGLU__net0_zwitterion__ortho_8V8A_s20240602.pdbqt
supplement,HB_2S3S_OGLU,net0_zwitterion,ortho,8V8A,20240603,1,2.363,7,20,,off_site,adjacent_to_EPJ_site,other_interface,39.03,30.31,10.2,2.972,0.0,0,11,1.98,1,-0.165,2,EPJ:A,9.67,0.333,A:TRP153; A:CYS190; A:LYS191; A:GLU192; A:TYR194; B:LYS75; B:THR76; B:LEU108; B:ASN110; B:HIS114; B:GLN116,C213; E215; H137; K214; K98; L131; N133; Q139; T99; W176; Y217,0,True,False,33b1e11a662af88868fb982b6f3fe0eca09f22fd82728a475996ca3555e0884e,True,receipt rc0+ok+cached=False+hash match,hb_oglu/out/hboglu_HB_2S3S_OGLU__net0_zwitterion__ortho_8V8A_s20240603.pdbqt,hboglu_HB_2S3S_OGLU__net0_zwitterion__ortho_8V8A_s20240603.pdbqt
supplement,HB_2S3S_OGLU,net0_zwitterion,outerpore,8V82,20240601,1,-5.708,20,20,,pore_lumen,adjacent_to_I34_site,pore_lumen,-15.7,3.25,7.69,0.423,1.0,11,11,2.75,0,0.07,0,I34:B,13.94,0.214,A:LEU247*; A:SER248*; A:THR250*; A:VAL251*; A:LEU254*; B:LEU247*; B:SER248*; B:VAL251*; B:LEU254*; E:LEU247*; E:THR250*,L270; L277; S271; T273; V274,0,True,False,6f846ad7cf3865e2818192c30c3574b84be6bdf7abecfc084bdfb6eed9742fbb,True,receipt rc0+ok+cached=False+hash match,hb_oglu/out/hboglu_HB_2S3S_OGLU__net0_zwitterion__outerpore_8V82_s20240601.pdbqt,hboglu_HB_2S3S_OGLU__net0_zwitterion__outerpore_8V82_s20240601.pdbqt
supplement,HB_2S3S_OGLU,net0_zwitterion,outerpore,8V82,20240602,1,-5.711,20,20,,pore_lumen,adjacent_to_I34_site,pore_lumen,-15.7,3.25,7.69,0.423,1.0,11,11,2.76,0,0.071,0,I34:B,13.94,0.214,A:LEU247*; A:SER248*; A:THR250*; A:VAL251*; A:LEU254*; B:LEU247*; B:SER248*; B:VAL251*; B:LEU254*; E:LEU247*; E:THR250*,L270; L277; S271; T273; V274,0,True,False,1b708d09218a9b39de791da907a25d84d4f9f14feb82e456c64cb2b926cfb82b,True,receipt rc0+ok+cached=False+hash match,hb_oglu/out/hboglu_HB_2S3S_OGLU__net0_zwitterion__outerpore_8V82_s20240602.pdbqt,hboglu_HB_2S3S_OGLU__net0_zwitterion__outerpore_8V82_s20240602.pdbqt
supplement,HB_2S3S_OGLU,net0_zwitterion,outerpore,8V82,20240603,1,-5.708,20,20,,pore_lumen,adjacent_to_I34_site,pore_lumen,-15.7,3.25,7.69,0.423,1.0,11,11,2.76,0,0.062,0,I34:B,13.94,0.214,A:LEU247*; A:SER248*; A:THR250*; A:VAL251*; A:LEU254*; B:LEU247*; B:SER248*; B:VAL251*; B:LEU254*; E:LEU247*; E:THR250*,L270; L277; S271; T273; V274,0,True,False,f64efc1c5660e04c8eea7e8cfe36b896f7de95f194d4e8686236765d7135c25e,True,receipt rc0+ok+cached=False+hash match,hb_oglu/out/hboglu_HB_2S3S_OGLU__net0_zwitterion__outerpore_8V82_s20240603.pdbqt,hboglu_HB_2S3S_OGLU__net0_zwitterion__outerpore_8V82_s20240603.pdbqt
supplement,HB_2S3S_OGLU,net0_zwitterion,outerpore,8V8A,20240601,1,-6.119,20,20,,pore_lumen,adjacent_to_I34_site,pore_lumen,-15.77,3.19,8.25,0.386,1.0,10,10,2.84,0,0.206,0,I34:C,13.85,0.154,A:THR250*; B:LEU247*; B:SER248*; B:THR250*; B:VAL251*; B:LEU254*; C:LEU247*; C:SER248*; C:VAL251*; C:LEU254*,L270; L277; S271; T273; V274,0,True,False,5770eeb543ec47ee3d69821598d8acaa1ce2fc9f5b52de9da652daa36890fbdf,True,receipt rc0+ok+cached=False+hash match,hb_oglu/out/hboglu_HB_2S3S_OGLU__net0_zwitterion__outerpore_8V8A_s20240601.pdbqt,hboglu_HB_2S3S_OGLU__net0_zwitterion__outerpore_8V8A_s20240601.pdbqt
supplement,HB_2S3S_OGLU,net0_zwitterion,outerpore,8V8A,20240602,1,-6.11,20,20,,pore_lumen,adjacent_to_I34_site,pore_lumen,-15.73,3.16,8.25,0.383,1.0,10,10,2.85,0,0.251,0,I34:A,13.87,0.154,A:LEU247*; A:SER248*; A:VAL251*; A:LEU254*; D:THR250*; E:LEU247*; E:SER248*; E:THR250*; E:VAL251*; E:LEU254*,L270; L277; S271; T273; V274,0,True,False,40cdcfb05a01f83c9b651a15751f99be600d1b90ea4b787fa98b476ba66a8753,True,receipt rc0+ok+cached=False+hash match,hb_oglu/out/hboglu_HB_2S3S_OGLU__net0_zwitterion__outerpore_8V8A_s20240602.pdbqt,hboglu_HB_2S3S_OGLU__net0_zwitterion__outerpore_8V8A_s20240602.pdbqt
supplement,HB_2S3S_OGLU,net0_zwitterion,outerpore,8V8A,20240603,1,-6.111,20,20,,pore_lumen,adjacent_to_I34_site,pore_lumen,-15.79,3.19,8.25,0.387,1.0,11,11,2.8,0,0.181,0,I34:D,13.85,0.154,B:LEU247*; B:THR250*; C:LEU247*; C:SER248*; C:THR250*; C:VAL251*; C:LEU254*; D:LEU247*; D:SER248*; D:VAL251*; D:LEU254*,L270; L277; S271; T273; V274,0,True,False,0f3eed0f4cfda513ce0a4c320465b8ba994a3c4bd60d814c165aaf7f73aa1f41,True,receipt rc0+ok+cached=False+hash match,hb_oglu/out/hboglu_HB_2S3S_OGLU__net0_zwitterion__outerpore_8V8A_s20240603.pdbqt,hboglu_HB_2S3S_OGLU__net0_zwitterion__outerpore_8V8A_s20240603.pdbqt
supplement,HB_2S3S_OGLU,netminus1_anion,lateral_I34,8V82,20240601,1,-5.922,20,20,,lateral_interface,adjacent_to_I34_site,other_interface,-14.4,23.61,8.12,2.907,0.111,1,9,3.02,0,2.356,0,I34:A,7.94,0.286,A:LEU212; A:ILE216; A:PRO217; A:LEU220; E:MET253*; E:GLN272; E:ALA275; E:SER276; E:ILE279,A298; I239; I302; L235; L243; M276; P240; Q295; S299,0,True,False,3ddc194e49623d8e424009551251964f0f7dd93633fc8d90ea9f14ba751e2a7d,True,receipt rc0+ok+cached=False+hash match,hb_oglu/out/hboglu_HB_2S3S_OGLU__netminus1_anion__lateral_I34_8V82_s20240601.pdbqt,hboglu_HB_2S3S_OGLU__netminus1_anion__lateral_I34_8V82_s20240601.pdbqt
supplement,HB_2S3S_OGLU,netminus1_anion,lateral_I34,8V82,20240602,1,-5.924,20,20,,lateral_interface,adjacent_to_I34_site,other_interface,-14.41,23.63,8.12,2.909,0.111,1,9,3.05,0,2.327,0,I34:A,7.96,0.286,A:LEU212; A:ILE216; A:PRO217; A:LEU220; E:MET253*; E:GLN272; E:ALA275; E:SER276; E:ILE279,A298; I239; I302; L235; L243; M276; P240; Q295; S299,0,True,False,e38858077bb05e49fb2c9f22430b70e01319222b88e1f442479e5d4aed66c0a7,True,receipt rc0+ok+cached=False+hash match,hb_oglu/out/hboglu_HB_2S3S_OGLU__netminus1_anion__lateral_I34_8V82_s20240602.pdbqt,hboglu_HB_2S3S_OGLU__netminus1_anion__lateral_I34_8V82_s20240602.pdbqt
supplement,HB_2S3S_OGLU,netminus1_anion,lateral_I34,8V82,20240603,1,-5.926,20,20,,lateral_interface,adjacent_to_I34_site,other_interface,-14.42,23.62,8.12,2.909,0.111,1,9,3.04,0,2.349,0,I34:A,7.96,0.286,A:LEU212; A:ILE216; A:PRO217; A:LEU220; E:MET253*; E:GLN272; E:ALA275; E:SER276; E:ILE279,A298; I239; I302; L235; L243; M276; P240; Q295; S299,0,True,False,9deb27daf89b2cd141a4af49dacfad388d535420868e21228d26815093e9316b,True,receipt rc0+ok+cached=False+hash match,hb_oglu/out/hboglu_HB_2S3S_OGLU__netminus1_anion__lateral_I34_8V82_s20240603.pdbqt,hboglu_HB_2S3S_OGLU__netminus1_anion__lateral_I34_8V82_s20240603.pdbqt
supplement,HB_2S3S_OGLU,netminus1_anion,lateral_I34,8V8A,20240601,1,-6.049,20,20,,lateral_interface,in_I34_site,I34_pocket,-14.54,23.34,8.09,2.883,0.111,1,9,3.13,0,2.25,0,I34:A,7.84,0.308,A:LEU212; A:ILE216; A:PRO217; A:LEU220; E:MET253*; E:GLN272; E:ALA275; E:SER276; E:ILE279,A298; I239; I302; L235; L243; M276; P240; Q295; S299,0,True,False,feee6709025c2818d4861eeda12f7bb17e8384e728ef2a74c99a817a24c5aaa1,True,receipt rc0+ok+cached=False+hash match,hb_oglu/out/hboglu_HB_2S3S_OGLU__netminus1_anion__lateral_I34_8V8A_s20240601.pdbqt,hboglu_HB_2S3S_OGLU__netminus1_anion__lateral_I34_8V8A_s20240601.pdbqt
supplement,HB_2S3S_OGLU,netminus1_anion,lateral_I34,8V8A,20240602,1,-6.056,20,20,,lateral_interface,in_I34_site,I34_pocket,-14.52,23.34,8.09,2.883,0.111,1,9,3.12,0,2.239,0,I34:A,7.83,0.308,A:LEU212; A:ILE216; A:PRO217; A:LEU220; E:MET253*; E:GLN272; E:ALA275; E:SER276; E:ILE279,A298; I239; I302; L235; L243; M276; P240; Q295; S299,0,True,False,278ce914135e763d40aac1e66f5362b626e2caa6776dcb43f2006bc7f45bf2a9,True,receipt rc0+ok+cached=False+hash match,hb_oglu/out/hboglu_HB_2S3S_OGLU__netminus1_anion__lateral_I34_8V8A_s20240602.pdbqt,hboglu_HB_2S3S_OGLU__netminus1_anion__lateral_I34_8V8A_s20240602.pdbqt
supplement,HB_2S3S_OGLU,netminus1_anion,lateral_I34,8V8A,20240603,1,-6.047,20,20,,lateral_interface,in_I34_site,I34_pocket,-14.56,23.34,8.09,2.883,0.111,1,9,3.12,0,2.23,0,I34:A,7.84,0.308,A:LEU212; A:ILE216; A:PRO217; A:LEU220; E:MET253*; E:GLN272; E:ALA275; E:SER276; E:ILE279,A298; I239; I302; L235; L243; M276; P240; Q295; S299,0,True,False,36d9767935054f8308c3c01716d9398169c74e5ee2c405ca4636f0316f9b204c,True,receipt rc0+ok+cached=False+hash match,hb_oglu/out/hboglu_HB_2S3S_OGLU__netminus1_anion__lateral_I34_8V8A_s20240603.pdbqt,hboglu_HB_2S3S_OGLU__netminus1_anion__lateral_I34_8V8A_s20240603.pdbqt
supplement,HB_2S3S_OGLU,netminus1_anion,midpore,8V82,20240601,1,-7.146,20,20,search_space_gt_27000,pore_lumen,away_from_I34_site,pore_lumen,-24.75,1.31,5.37,0.244,1.0,11,11,2.73,0,6.582,0,I34:E,20.36,0.0,B:THR244*; C:SER240*; C:THR244*; D:SER240*; D:ILE243*; D:THR244*; D:LEU247*; E:SER240*; E:THR244*; E:LEU247*; E:SER248*,I266; L270; S263; S271; T267,0,True,False,07e5ccc0e2a8ed60791dc2bd34acc7bc6248c82f971242ec14a446241aa693a6,True,receipt rc0+ok+cached=False+hash match,hb_oglu/out/hboglu_HB_2S3S_OGLU__netminus1_anion__midpore_8V82_s20240601.pdbqt,hboglu_HB_2S3S_OGLU__netminus1_anion__midpore_8V82_s20240601.pdbqt
supplement,HB_2S3S_OGLU,netminus1_anion,midpore,8V82,20240602,1,-7.089,20,20,search_space_gt_27000,pore_lumen,away_from_I34_site,pore_lumen,-24.75,1.28,5.37,0.239,1.0,10,10,2.71,0,6.615,0,I34:D,20.39,0.0,A:THR244*; B:SER240*; B:THR244*; C:SER240*; C:ILE243*; C:THR244*; C:LEU247*; D:SER240*; D:THR244*; D:LEU247*,I266; L270; S263; T267,0,True,False,bf6195362d85d4899a85fce2f65197015bc6c6468d56a682f732a2481b6bf6f8,True,receipt rc0+ok+cached=False+hash match,hb_oglu/out/hboglu_HB_2S3S_OGLU__netminus1_anion__midpore_8V82_s20240602.pdbqt,hboglu_HB_2S3S_OGLU__netminus1_anion__midpore_8V82_s20240602.pdbqt
supplement,HB_2S3S_OGLU,netminus1_anion,midpore,8V82,20240603,1,-7.126,20,20,search_space_gt_27000,pore_lumen,away_from_I34_site,pore_lumen,-24.73,1.31,5.37,0.243,1.0,11,11,2.78,0,6.582,0,I34:E,20.35,0.0,B:THR244*; C:SER240*; C:THR244*; D:SER240*; D:ILE243*; D:THR244*; D:LEU247*; E:SER240*; E:THR244*; E:LEU247*; E:SER248*,I266; L270; S263; S271; T267,0,True,False,f66d812c516adc6ed728f35c7c4d6fc334e0cc5836c1b99f598ce1ac86353448,True,receipt rc0+ok+cached=False+hash match,hb_oglu/out/hboglu_HB_2S3S_OGLU__netminus1_anion__midpore_8V82_s20240603.pdbqt,hboglu_HB_2S3S_OGLU__netminus1_anion__midpore_8V82_s20240603.pdbqt
supplement,HB_2S3S_OGLU,netminus1_anion,midpore,8V8A,20240601,1,-7.068,20,20,search_space_gt_27000,pore_lumen,away_from_I34_site,pore_lumen,-24.2,0.58,5.08,0.114,1.0,9,9,2.82,0,7.641,0,I34:E,20.42,0.0,A:THR244*; B:SER240*; B:THR244*; C:SER240*; C:THR244*; C:LEU247*; D:THR244*; E:THR244*; E:LEU247*,L270; S263; T267,0,True,False,7928b25ae778e300fb67768e3d846b441bcfc5ae6047cb380ecdc8d25fcf4eff,True,receipt rc0+ok+cached=False+hash match,hb_oglu/out/hboglu_HB_2S3S_OGLU__netminus1_anion__midpore_8V8A_s20240601.pdbqt,hboglu_HB_2S3S_OGLU__netminus1_anion__midpore_8V8A_s20240601.pdbqt
supplement,HB_2S3S_OGLU,netminus1_anion,midpore,8V8A,20240602,1,-7.075,20,20,search_space_gt_27000,pore_lumen,away_from_I34_site,pore_lumen,-24.12,0.72,5.08,0.141,1.0,11,11,2.74,0,7.792,0,I34:A,20.24,0.0,A:THR244*; A:LEU247*; B:THR244*; C:SER240*; C:THR244*; D:SER240*; D:THR244*; D:LEU247*; E:THR244*; E:LEU247*; E:SER248*,L270; S263; S271; T267,0,True,False,47b45058b944ba65df97644e5828473cceded1b94e9c042068d78e46eb282140,True,receipt rc0+ok+cached=False+hash match,hb_oglu/out/hboglu_HB_2S3S_OGLU__netminus1_anion__midpore_8V8A_s20240602.pdbqt,hboglu_HB_2S3S_OGLU__netminus1_anion__midpore_8V8A_s20240602.pdbqt
supplement,HB_2S3S_OGLU,netminus1_anion,midpore,8V8A,20240603,1,-7.077,20,20,search_space_gt_27000,pore_lumen,away_from_I34_site,pore_lumen,-24.2,0.66,5.08,0.13,1.0,11,11,2.78,0,7.651,0,I34:C,20.36,0.0,A:SER240*; A:THR244*; A:LEU247*; B:THR244*; B:LEU247*; B:SER248*; C:THR244*; C:LEU247*; D:THR244*; E:SER240*; E:THR244*,L270; S263; S271; T267,0,True,False,778c0022b936713434f56bc05a4fd546090361f6ba433494951ee8c5bf4a6678,True,receipt rc0+ok+cached=False+hash match,hb_oglu/out/hboglu_HB_2S3S_OGLU__netminus1_anion__midpore_8V8A_s20240603.pdbqt,hboglu_HB_2S3S_OGLU__netminus1_anion__midpore_8V8A_s20240603.pdbqt
supplement,HB_2S3S_OGLU,netminus1_anion,ortho,8V82,20240601,1,0.681,1,20,,off_site,in_EPJ_site,EPJ_pocket,30.37,25.33,11.7,2.164,0.0,0,19,2.37,0,2.654,0,EPJ:A,1.34,1.0,A:TYR92; A:SER147; A:TRP148; A:SER149; A:TYR187; A:GLU188; A:CYS189; A:CYS190; A:TYR194; B:SER35; B:TRP54; B:GLN56; B:THR105; B:ASN106; B:LEU108; B:GLN116; B:TYR117; B:LEU118; B:ASP163,C212; C213; D186; E211; L131; L141; N129; Q139; Q79; S170; S172; S58; T128; W171; W77; Y115; Y140; Y210; Y217,0,True,False,44077a0a199fe8c3b95dc9c8f7c80d8b97f1c36dd8a36bb989a12978743dc009,True,receipt rc0+ok+cached=False+hash match,hb_oglu/out/hboglu_HB_2S3S_OGLU__netminus1_anion__ortho_8V82_s20240601.pdbqt,hboglu_HB_2S3S_OGLU__netminus1_anion__ortho_8V82_s20240601.pdbqt
supplement,HB_2S3S_OGLU,netminus1_anion,ortho,8V82,20240602,1,0.695,2,20,,off_site,in_EPJ_site,EPJ_pocket,30.37,25.31,11.7,2.163,0.0,0,19,2.37,0,2.662,0,EPJ:A,1.33,1.0,A:TYR92; A:SER147; A:TRP148; A:SER149; A:TYR187; A:GLU188; A:CYS189; A:CYS190; A:TYR194; B:SER35; B:TRP54; B:GLN56; B:THR105; B:ASN106; B:LEU108; B:GLN116; B:TYR117; B:LEU118; B:ASP163,C212; C213; D186; E211; L131; L141; N129; Q139; Q79; S170; S172; S58; T128; W171; W77; Y115; Y140; Y210; Y217,0,True,False,1005ec875cd73e3b372e1cfeb6f7cc5c597e8e35775818e882727fabf6084cb9,True,receipt rc0+ok+cached=False+hash match,hb_oglu/out/hboglu_HB_2S3S_OGLU__netminus1_anion__ortho_8V82_s20240602.pdbqt,hboglu_HB_2S3S_OGLU__netminus1_anion__ortho_8V82_s20240602.pdbqt
supplement,HB_2S3S_OGLU,netminus1_anion,ortho,8V82,20240603,1,0.701,1,20,,off_site,in_EPJ_site,EPJ_pocket,30.37,25.33,11.7,2.164,0.0,0,19,2.36,0,2.671,0,EPJ:A,1.34,1.0,A:TYR92; A:SER147; A:TRP148; A:SER149; A:TYR187; A:GLU188; A:CYS189; A:CYS190; A:TYR194; B:SER35; B:TRP54; B:GLN56; B:THR105; B:ASN106; B:LEU108; B:GLN116; B:TYR117; B:LEU118; B:ASP163,C212; C213; D186; E211; L131; L141; N129; Q139; Q79; S170; S172; S58; T128; W171; W77; Y115; Y140; Y210; Y217,0,True,False,31a407d3e0acb2c1766eba22b3b85ae930ea02f18211981eb264e0bdecdcdf8b,True,receipt rc0+ok+cached=False+hash match,hb_oglu/out/hboglu_HB_2S3S_OGLU__netminus1_anion__ortho_8V82_s20240603.pdbqt,hboglu_HB_2S3S_OGLU__netminus1_anion__ortho_8V82_s20240603.pdbqt
supplement,HB_2S3S_OGLU,netminus1_anion,ortho,8V8A,20240601,1,1.416,4,20,,off_site,adjacent_to_EPJ_site,other_interface,38.46,30.35,10.2,2.976,0.0,0,10,2.31,0,-0.165,4,EPJ:A,9.86,0.333,A:TRP153; A:CYS190; A:GLU192; A:TYR194; B:THR76; B:LEU108; B:ASN110; B:HIS114; B:CYS115; B:GLN116,C138; C213; E215; H137; L131; N133; Q139; T99; W176; Y217,0,True,False,74b6b46bf77923726c1eaf979b880e735be13dbbb94b79f926d91e0db994a982,True,receipt rc0+ok+cached=False+hash match,hb_oglu/out/hboglu_HB_2S3S_OGLU__netminus1_anion__ortho_8V8A_s20240601.pdbqt,hboglu_HB_2S3S_OGLU__netminus1_anion__ortho_8V8A_s20240601.pdbqt
supplement,HB_2S3S_OGLU,netminus1_anion,ortho,8V8A,20240602,1,1.434,7,20,,off_site,adjacent_to_EPJ_site,other_interface,38.45,30.34,10.2,2.975,0.0,0,10,2.37,0,-0.165,4,EPJ:A,9.82,0.333,A:TRP153; A:CYS190; A:GLU192; A:TYR194; B:THR76; B:LEU108; B:ASN110; B:HIS114; B:CYS115; B:GLN116,C138; C213; E215; H137; L131; N133; Q139; T99; W176; Y217,0,True,False,04f7909a0d0883f79db38944bd329b7523f46ce4cac5e56e6c54f9b5b8f75b94,True,receipt rc0+ok+cached=False+hash match,hb_oglu/out/hboglu_HB_2S3S_OGLU__netminus1_anion__ortho_8V8A_s20240602.pdbqt,hboglu_HB_2S3S_OGLU__netminus1_anion__ortho_8V8A_s20240602.pdbqt
supplement,HB_2S3S_OGLU,netminus1_anion,ortho,8V8A,20240603,1,1.481,4,20,,off_site,adjacent_to_EPJ_site,other_interface,38.42,30.35,10.2,2.976,0.0,0,10,2.36,0,-0.165,4,EPJ:A,9.81,0.333,A:TRP153; A:CYS190; A:GLU192; A:TYR194; B:THR76; B:LEU108; B:ASN110; B:HIS114; B:CYS115; B:GLN116,C138; C213; E215; H137; L131; N133; Q139; T99; W176; Y217,0,True,False,c13d024973afe41f85cdbd1b3d9688e4e1b7a7beb972e761d8795c99d1232a8d,True,receipt rc0+ok+cached=False+hash match,hb_oglu/out/hboglu_HB_2S3S_OGLU__netminus1_anion__ortho_8V8A_s20240603.pdbqt,hboglu_HB_2S3S_OGLU__netminus1_anion__ortho_8V8A_s20240603.pdbqt
supplement,HB_2S3S_OGLU,netminus1_anion,outerpore,8V82,20240601,1,-6.278,20,20,,pore_lumen,adjacent_to_I34_site,pore_lumen,-15.02,3.45,8.46,0.408,1.0,10,10,2.75,0,-0.029,1,I34:A,13.59,0.214,A:SER248*; A:VAL251*; D:LEU247*; D:THR250*; D:LEU254*; E:LEU247*; E:SER248*; E:THR250*; E:VAL251*; E:LEU254*,L270; L277; S271; T273; V274,0,True,False,99bb7075cc3c4cca906c906192c38201b82d2a57be5e7c86f026a21a140dd092,True,receipt rc0+ok+cached=False+hash match,hb_oglu/out/hboglu_HB_2S3S_OGLU__netminus1_anion__outerpore_8V82_s20240601.pdbqt,hboglu_HB_2S3S_OGLU__netminus1_anion__outerpore_8V82_s20240601.pdbqt
supplement,HB_2S3S_OGLU,netminus1_anion,outerpore,8V82,20240602,1,-6.288,20,20,,pore_lumen,adjacent_to_I34_site,pore_lumen,-14.98,3.46,8.12,0.426,1.0,10,10,2.74,0,-0.0,1,I34:A,13.58,0.214,A:SER248*; A:VAL251*; D:LEU247*; D:THR250*; D:LEU254*; E:LEU247*; E:SER248*; E:THR250*; E:VAL251*; E:LEU254*,L270; L277; S271; T273; V274,0,True,False,804dbfb89869f887c4dab82e9cd1c92a5b3655fbe5f7c1b3c3eefdf3f6dccb32,True,receipt rc0+ok+cached=False+hash match,hb_oglu/out/hboglu_HB_2S3S_OGLU__netminus1_anion__outerpore_8V82_s20240602.pdbqt,hboglu_HB_2S3S_OGLU__netminus1_anion__outerpore_8V82_s20240602.pdbqt
supplement,HB_2S3S_OGLU,netminus1_anion,outerpore,8V82,20240603,1,-6.287,20,20,,pore_lumen,adjacent_to_I34_site,pore_lumen,-14.97,3.45,8.12,0.425,1.0,10,10,2.77,0,0.007,0,I34:A,13.58,0.214,A:SER248*; A:VAL251*; D:LEU247*; D:THR250*; D:LEU254*; E:LEU247*; E:SER248*; E:THR250*; E:VAL251*; E:LEU254*,L270; L277; S271; T273; V274,0,True,False,90ea082d20d365cac103b7e62efb86207959f447fd89cfe13b2a71f870ca0a52,True,receipt rc0+ok+cached=False+hash match,hb_oglu/out/hboglu_HB_2S3S_OGLU__netminus1_anion__outerpore_8V82_s20240603.pdbqt,hboglu_HB_2S3S_OGLU__netminus1_anion__outerpore_8V82_s20240603.pdbqt
supplement,HB_2S3S_OGLU,netminus1_anion,outerpore,8V8A,20240601,1,-6.271,20,20,,pore_lumen,adjacent_to_I34_site,pore_lumen,-15.04,3.32,8.09,0.41,1.0,11,11,2.74,0,0.11,0,I34:E,13.52,0.154,C:LEU247*; C:THR250*; C:LEU254*; D:LEU247*; D:SER248*; D:THR250*; D:VAL251*; D:LEU254*; E:SER248*; E:VAL251*; E:LEU254*,L270; L277; S271; T273; V274,0,True,False,79b4cad533f7649e5be69ec024d2b06077e0ad84a28bfa943a2fda99bfe0cc6a,True,receipt rc0+ok+cached=False+hash match,hb_oglu/out/hboglu_HB_2S3S_OGLU__netminus1_anion__outerpore_8V8A_s20240601.pdbqt,hboglu_HB_2S3S_OGLU__netminus1_anion__outerpore_8V8A_s20240601.pdbqt
supplement,HB_2S3S_OGLU,netminus1_anion,outerpore,8V8A,20240602,1,-6.229,20,20,,pore_lumen,adjacent_to_I34_site,pore_lumen,-15.06,3.37,8.09,0.416,1.0,10,10,2.75,0,-0.03,1,I34:E,13.48,0.154,C:THR250*; C:LEU254*; D:LEU247*; D:SER248*; D:THR250*; D:VAL251*; D:LEU254*; E:SER248*; E:VAL251*; E:LEU254*,L270; L277; S271; T273; V274,0,True,False,42cf891844ba179b77b988b2254722001bbaaa5aafd19d488e814611fc9a3bde,True,receipt rc0+ok+cached=False+hash match,hb_oglu/out/hboglu_HB_2S3S_OGLU__netminus1_anion__outerpore_8V8A_s20240602.pdbqt,hboglu_HB_2S3S_OGLU__netminus1_anion__outerpore_8V8A_s20240602.pdbqt
supplement,HB_2S3S_OGLU,netminus1_anion,outerpore,8V8A,20240603,1,-6.242,20,20,,pore_lumen,adjacent_to_I34_site,pore_lumen,-15.08,3.36,8.09,0.416,1.0,11,11,2.73,0,-0.013,1,I34:E,13.48,0.154,C:LEU247*; C:THR250*; C:LEU254*; D:LEU247*; D:SER248*; D:THR250*; D:VAL251*; D:LEU254*; E:SER248*; E:VAL251*; E:LEU254*,L270; L277; S271; T273; V274,0,True,False,0e25144bd370c08b67bc4617ffe06149de8369eda3880d545a17438e00e50d6e,True,receipt rc0+ok+cached=False+hash match,hb_oglu/out/hboglu_HB_2S3S_OGLU__netminus1_anion__outerpore_8V8A_s20240603.pdbqt,hboglu_HB_2S3S_OGLU__netminus1_anion__outerpore_8V8A_s20240603.pdbqt
